0,0.
0.02,0.00006665582086188239
0.04,0.00026649326851686805
0.06,0.0005991225504419229
0.08,0.0010638948472157692
0.1,0.0016599035608947793
0.12000000000000001,0.002385986059369705
0.13999999999999999,0.0032407259133441406
0.16,0.004222455621627566
0.18,0.005329259819496517
0.19999999999999998,0.0065589789639487455
0.22,0.0079092134887591
0.24,0.009377328421344047
0.26,0.010960458452556218
0.28,0.012655513449662651
0.30000000000000004,0.014459184401912658
0.32,0.01636794978727461
0.34,0.01837808234811769
0.36000000000000004,0.02048565626283587
0.38,0.022686554699658926
0.4,0.02497647773817063
0.42000000000000004,0.027350950643358567
0.44,0.02980533247635516
0.46,0.03233482502539615
0.48000000000000004,0.034934482039922735
0.5,0.037599218750187784
0.52,0.04032382165419581
0.54,0.04310295855331243
0.56,0.04593118881742191
0.5800000000000001,0.04880297386009292
0.6,0.05171268780383237
0.62,0.054654628315167354
0.64,0.057623027588994916
0.66,0.060612063461380115
0.68,0.06361587062976481
0.7000000000000001,0.06662855195937276
0.7200000000000001,0.06964418985446189
0.74,0.07265685767298165
0.76,0.07566063116314244
0.78,0.07864959990039501
0.8,0.08161787870335119
0.8200000000000001,0.08455961900725152
0.8400000000000001,0.08746902017370205
0.86,0.09034034071555959
0.88,0.093167909416043
0.9,0.09594613632138597
0.92,0.09866952358662488
0.9400000000000001,0.10133267615443146
0.9600000000000001,0.10393031224725527
0.98,0.1064572736534324
1.,0.10890853578834571
1.02,0.11127921751218517
1.04,0.1135645906863552
1.06,0.11576008945110716
1.08,0.11786131920753812
1.1,0.11986406528769128
1.12,0.12176430129711698
1.1400000000000001,0.12355819711490432
1.1600000000000001,0.12524212653687233
1.18,0.1268126745483125
1.2,0.12826664421340203
1.22,0.12960106316915643
1.24,0.1308131897125598
1.26,0.13190051847030057
1.28,0.13286078564134582
1.3,0.13369197380341014
1.32,0.13439231627520964
1.34,0.13496030102724085
1.36,0.13539467413468123
1.3800000000000001,0.13569444276687675
1.4000000000000001,0.1358588777087546
1.4200000000000002,0.1358875154103791
1.44,0.13578015956175185
1.46,0.13553688219084042
1.48,0.13515802428370538
1.5,0.13464419592647706
1.52,0.13399627596981278
1.54,0.13321541121733868
1.56,0.13230301514044696
1.58,0.1312607661226777
1.6,0.13009060523776197
1.62,0.12879473356623874
1.6400000000000001,0.12737560905638146
1.6600000000000001,0.12583594293597666
1.6800000000000002,0.12417869568228937
1.7,0.12240707255832226
1.72,0.12052451872423056
1.74,0.11853471393348744
1.76,0.11644156682410649
1.78,0.11424920881591626
1.8,0.11196198762554568
1.82,0.10958446041141809
1.84,0.1071213865616631
1.86,0.10457772013844074
1.8800000000000001,0.10195860199272752
1.9000000000000001,0.09926935156414152
1.9200000000000002,0.09651545838087944
1.94,0.09370257327530457
1.96,0.09083649933115841
1.98,0.0879231825787705
2.,0.08496870245501033
2.02,0.08197926204506063
2.04,0.0789611781233944
2.06,0.07592087101160555
2.08,0.07286485427097814
2.1,0.0697997242478785
2.12,0.06673214949022045
2.14,0.06366886005338439
2.16,0.060616636714068126
2.18,0.057582300110608754
2.2,0.05457269982834368
2.22,0.0515947034485722
2.24,0.04865518557963976
2.2600000000000002,0.04576101688859402
2.2800000000000002,0.04291905315175584
2.3000000000000003,0.0401361243424102
2.3200000000000003,0.037419023773651895
2.34,0.03477449731421958
2.36,0.0322092326949196
2.38,0.029729848922979304
2.4,0.027342885821378855
2.42,0.02505479370989082
2.44,0.022871923244210373
2.46,0.020800515429185887
2.48,0.018846691821760554
2.5,0.017016444938812388
2.52,0.015315628884633128
2.54,0.013749950212316737
2.56,0.012324959032837654
2.58,0.011046040385087354
2.6,0.00991840587960765
2.62,0.008947085628211173
2.64,0.008136920471113399
2.66,0.007492554512621179
2.68,0.007018427975826799
2.7,0.006718770386149264
2.72,0.006597594092943962
2.74,0.006658688137772478
2.7600000000000002,0.006905612477283105
2.7800000000000002,0.00734169256800673
2.8000000000000003,0.007970014319716959
2.8200000000000003,0.008793419423344167
2.84,0.009814501058768871
2.86,0.011035599987152485
2.88,0.012458801031795762
2.9,0.014085929950845143
2.92,0.015918550704498803
2.94,0.017957963118698742
2.96,0.02020520094663098
2.98,0.022661030328697287
3.,0.025325948650968707
3.02,0.028200183801484077
3.04,0.031283693823116764
3.06,0.0345761669611036
3.08,0.038077022102708226
3.1,0.04178540960588141
3.12,0.04570021251318231
3.14,0.049820048146639734
3.16,0.054143270078658726
3.18,0.05866797047352218
3.2,0.06339198279349197
3.22,0.0683128848629901
3.24,0.07342800228382855
3.2600000000000002,0.07873441219396421
3.2800000000000002,0.08422894736178177
3.3000000000000003,0.08990820060745028
3.3200000000000003,0.09576852954246334
3.3400000000000003,0.1018060616180547
3.36,0.10801669947278639
3.38,0.11439612656922742
3.4,0.12093981310928846
3.42,0.12764302221744275
3.44,0.13450081638075165
3.46,0.14150806413432238
3.48,0.148659446980559
3.5,0.15594946653031908
3.52,0.16337245185386678
3.54,0.17092256702931155
3.56,0.17859381887604353
3.58,0.18638006486051828
3.6,0.19427502116161288
3.62,0.2022722708826612
3.64,0.21036527239718955
3.66,0.21854736781530348
3.68,0.22681179155763484
3.7,0.23515167902373138
3.72,0.2435600753417708
3.74,0.25202994418649793
3.7600000000000002,0.26055417665232483
3.7800000000000002,0.2691256001685921
3.8000000000000003,0.27773698744406883
3.8200000000000003,0.2863810654278681
3.8400000000000003,0.2950505242740731
3.86,0.30373802629750374
3.88,0.3124362149082113
3.9,0.3211377235124548
3.92,0.3298351843681086
3.94,0.338521237382651
3.96,0.34718853884210377
3.98,0.3558297700595334
4.,0.3644376459319709
4.02,0.373004923394871
4.04,0.3815244097635139
4.06,0.38998897095103613
4.08,0.398391539553084
4.1,0.4067251227893938
4.119999999999999,0.4149828102929261
4.14,0.4231577817375165
4.159999999999999,0.43124331429534485
4.18,0.4392327899158784
4.199999999999999,0.4471197024182994
4.22,0.45489766438979634
4.239999999999999,0.462560413882466
4.26,0.4701018209019533
4.279999999999999,0.4775158936813359
4.3,0.4847967847341474
4.319999999999999,0.4919387966808204
4.34,0.49893638784322714
4.359999999999999,0.5057841776023835
4.38,0.5124769515147832
4.3999999999999995,0.5190096661832234
4.42,0.5253774538783769
4.4399999999999995,0.5315756269077673
4.46,0.5375996817291941
4.4799999999999995,0.5434453028060501
4.5,0.5491083662023626
4.52,0.5545849429157803
4.54,0.55987130194711
4.56,0.5649639131053891
4.58,0.5698594495478566
4.6,0.5745547900545529
4.62,0.5790470210376506
4.64,0.5833334382859715
4.659999999999999,0.5874115484455011
4.68,0.591279070237062
4.699999999999999,0.5949339354126391
4.72,0.5983742894521866
4.739999999999999,0.6015984920030716
4.76,0.6046051170646174
4.779999999999999,0.6073929529205245
4.8,0.6099610018222393
4.819999999999999,0.6123084794266304
4.84,0.6144348139916139
4.859999999999999,0.6163396453336334
4.88,0.6180228235511647
4.8999999999999995,0.6194844075186603
4.92,0.6207246631555892
4.9399999999999995,0.621744061475457
4.96,0.6225432764199065
4.9799999999999995,0.6231231824832064
5.,0.6234848521326327
5.02,0.623629553030432
5.04,0.6235587450632291
5.06,0.6232740771849067
5.08,0.622777384079132
5.1,0.6220706826478524
5.12,0.6211561683322062
5.14,0.6200362112724181
5.159999999999999,0.6187133523133533
5.18,0.6171902988625021
5.199999999999999,0.6154699206072536
5.22,0.6135552450983933
5.239999999999999,0.6114494532068191
5.26,0.6091558744605322
5.279999999999999,0.6066779822689943
5.3,0.6040193890419836
5.319999999999999,0.6011838412101014
5.34,0.5981752141540938
5.359999999999999,0.5949975070501606
5.38,0.5916548376384145
5.3999999999999995,0.5881514369216364
5.42,0.5844916438014574
5.4399999999999995,0.5806798996590515
5.46,0.5767207428873934
5.4799999999999995,0.572618803382077
5.5,0.5683787969976387
5.52,0.564005519976252
5.54,0.5595038433556
5.56,0.5548787073626398
5.58,0.5501351157998883
5.6,0.5452781304307606
5.62,0.5403128653703947
5.64,0.5352444814882797
5.659999999999999,0.5300781808288987
5.68,0.5248192010564674
5.699999999999999,0.5194728099297348
5.72,0.5140442998126654
5.739999999999999,0.5085389822267027
5.76,0.5029621824501589
5.779999999999999,0.4973192341701411
5.8,0.4916154741922661
5.819999999999999,0.4858562372132626
5.84,0.480046850661418
5.859999999999999,0.4741926296096397
5.88,0.46829887176576596
5.8999999999999995,0.46237085254457194
5.92,0.45641382022576654
5.9399999999999995,0.4504329912020939
5.96,0.4444335453214829
5.9799999999999995,0.4384206213270187
6.,0.4323993123983322
6.02,0.42637466179782146
6.04,0.42035165862495366
6.06,0.41433523368170677
6.08,0.4083302554520381
6.1,0.4023415261980863
6.12,0.396373778175635
6.14,0.39043166997118883
6.16,0.38451978296283346
6.18,0.37864261790687914
6.199999999999999,0.37280459165210017
6.22,0.3670100339832237
6.239999999999999,0.36126318459513185
6.26,0.3555681901990827
6.279999999999999,0.34992910176207437
6.3,0.34434987188031563
6.319999999999999,0.33883435228759495
6.34,0.3333862914991811
6.359999999999999,0.3280093325917176
6.38,0.3227070111194275
6.3999999999999995,0.31748275316677194
6.42,0.3123398735375659
6.4399999999999995,0.3072815740803964
6.46,0.3023109421500367
6.4799999999999995,0.2974309492044187
6.5,0.29264444953657015
6.52,0.28795417914078625
6.54,0.2833627547121809
6.56,0.27887267277862093
6.58,0.27448630896392023
6.6,0.27020591738105143
6.62,0.2660336301540088
6.64,0.26197145706683833
6.66,0.2580212853382367
6.68,0.2541848795200214
6.699999999999999,0.25046388151765986
6.72,0.24685981073093977
6.739999999999999,0.2433740643127885
6.76,0.24000791754412315
6.779999999999999,0.23676252432255873
6.8,0.2336389177626877
6.819999999999999,0.2306380109055831
6.84,0.22776059753509428
6.859999999999999,0.22500735309842473
6.88,0.22237883572843314
6.8999999999999995,0.2198754873650031
6.92,0.21749763497280328
6.9399999999999995,0.21524549185267622
6.96,0.21311915904384882
6.9799999999999995,0.21111862681412233
7.,0.20924377623513243
7.02,0.20749438083975721
7.04,0.20587010835868427
7.06,0.20437052253314844
7.08,0.2029950850007929
7.1,0.2017431572516069
7.12,0.2006140026508533
7.14,0.19960678852589434
7.16,0.19872058831380324
7.18,0.19795438376664684
7.199999999999999,0.1973070672113083
7.22,0.19677744386072413
7.239999999999999,0.19636423417340387
7.26,0.196066076258114
7.279999999999999,0.19588152832060296
7.3,0.19580907114925603
7.319999999999999,0.19584711063659707
7.34,0.1959939803335458
7.359999999999999,0.19624794403338178
7.38,0.19660719838237467
7.3999999999999995,0.19706987551406202
7.42,0.19763404570420054
7.4399999999999995,0.1982977200434269
7.46,0.1990588531247182
7.4799999999999995,0.19991534574274672
7.5,0.20086504760230042
7.52,0.20190576003294106
7.54,0.2030352387071447
7.56,0.2042511963591993
7.58,0.20555130550217623
7.6,0.20693320114034766
7.62,0.20839448347448092
7.64,0.20993272059746387
7.66,0.2115454511777974
7.68,0.21323018712854055
7.699999999999999,0.21498441625932793
7.72,0.2168056049091724
7.739999999999999,0.21869120055778565
7.76,0.22063863441325465
7.779999999999999,0.2226453239739246
7.8,0.22470867556244573
7.819999999999999,0.22682608682996708
7.84,0.22899494922855762
7.859999999999999,0.23121265044997688
7.88,0.23347657682899037
7.8999999999999995,0.23578411570949812
7.92,0.2381326577717996
7.9399999999999995,0.2405195993193969
7.96,0.24294234452379806
7.9799999999999995,0.24539830762586076
8.,0.24788491509226393
8.02,0.25039960772579267
8.04,0.25293984272816955
8.06,0.2555030957142395
8.08,0.2580868626763894
8.1,0.2606886618981385
8.12,0.2633060358159264
8.14,0.2659365528281739
8.16,0.26857780905076495
8.18,0.27122743001817284
8.2,0.27388307232950976
8.219999999999999,0.27654242523885836
8.24,0.2792032121892929
8.26,0.28186319229008644
8.28,0.2845201617366354
8.299999999999999,0.2871719551727265
8.32,0.2898164469948191
8.34,0.2924515525980707
8.36,0.2950752295639185
8.379999999999999,0.297685478789066
8.4,0.30028034555580235
8.42,0.3028579205436247
8.44,0.3054163407822137
8.459999999999999,0.30795379054583
8.48,0.31046850218930877
8.5,0.31295875692583514
8.52,0.3154228855467615
8.54,0.31785926908377926
8.56,0.3202663394137944
8.58,0.32264257980692984
8.6,0.3249865254180872
8.62,0.3272967637225889
8.64,0.3295719348964575
8.66,0.331810732141888
8.68,0.33401190195859387
8.7,0.33617424436166493
8.72,0.3382966130466827
8.74,0.3403779155028232
8.76,0.34241711307476475
8.78,0.34441322097420324
8.799999999999999,0.346365308241852
8.82,0.3482724976608204
8.84,0.3501339656222844
8.86,0.3519489419444272
8.879999999999999,0.3537167096455996
8.9,0.35543660467274696
8.92,0.35710801558611127
8.94,0.35873038320127604
8.959999999999999,0.36030320018964584
8.98,0.3618260106384385
9.,0.3632984095713418
9.02,0.3647200424309487
9.04,0.36609060452413883
9.06,0.36740984043157915
9.08,0.3686775433825191
9.1,0.36989355459609013
9.12,0.3710577625903005
9.14,0.37217010245996196
9.16,0.37323055512475783
9.18,0.3742391465486868
9.2,0.3751959469321302
9.22,0.37610106987776665
9.24,0.3769546715315972
9.26,0.3777569497003084
9.28,0.3785081429462298
9.299999999999999,0.37920852966113205
9.32,0.37985842712009266
9.34,0.3804581905166967
9.36,0.3810082119807702
9.379999999999999,0.38150891957991473
9.4,0.3819607763060284
9.42,0.3823642790480561
9.44,0.3827199575521632
9.459999999999999,0.3830283733705139
9.48,0.383290118799874
9.5,0.3835058158111836
9.52,0.38367611497125903
9.54,0.38380169435778505
9.56,0.38388325846872456
9.58,0.3839215371272628
9.6,0.38391728438337536
9.62,0.3838712774131258
9.64,0.38378431541673536
9.66,0.38365721851649304
9.68,0.3834908266555176
9.7,0.3832859984983959
9.72,0.38304361033466583
9.74,0.38276455498614237
9.76,0.38244974071899385
9.78,0.3821000901615272
9.799999999999999,0.3817165392285723
9.82,0.38130003605333124
9.84,0.38085153992755827
9.86,0.3803720202509241
9.879999999999999,0.3798624554903173
9.9,0.37932383214993587
9.92,0.37875714375285774
9.94,0.37816338983488496
9.959999999999999,0.37754357495132246
9.98,0.37689870769740424
10.,0.3762297997430128
10.02,0.3755378648823126
10.04,0.3748239180989319
10.06,0.3740889746472438
10.08,0.37333404915030605
10.1,0.3725601547150031
10.12,0.3717683020648706
10.14,0.37095949869108713
10.16,0.37013474802207863
10.18,0.3692950486121665
10.2,0.36844139334964393
10.22,0.36757476868465616
10.24,0.3666961538772248
10.26,0.3658065202657576
10.28,0.3649068305563051
10.299999999999999,0.36399803813285675
10.32,0.36308108638890657
10.34,0.3621569080805195
10.36,0.36122642470108923
10.379999999999999,0.36029054587794535
10.4,0.3593501687909733
10.42,0.35840617761336996
10.44,0.35745944297461885
10.459999999999999,0.35651082144578
10.48,0.3555611550471285
10.5,0.35461127077820204
10.52,0.3536619801702436
10.54,0.3527140788610349
10.56,0.3517683461920931
10.58,0.35082554482817657
10.6,0.3498864203990282
10.62,0.34895170116326946
10.64,0.34802209769430825
10.66,0.34709830258817664
10.68,0.34618099019310655
10.7,0.3452708163606993
10.72,0.34436841821851427
10.74,0.34347441396385686
10.76,0.3425894026785624
10.78,0.3417139641645449
10.799999999999999,0.340848658799862
10.82,0.3399940274150383
10.84,0.3391505911893646
10.86,0.3383188515668979
10.879999999999999,0.33749929019185526
10.9,0.3366923688630783
10.92,0.33589852950726545
10.94,0.33511819417060784
10.959999999999999,0.33435176502850156
10.98,0.3335996244129745
11.,0.332862134857457
11.02,0.33213963915853056
11.04,0.3314324604542391
11.06,0.3307409023186171
11.08,0.33006524887199207
11.1,0.32940576490667106
11.12,0.3287626960276056
11.14,0.3281362688076017
11.16,0.32752669095664644
11.18,0.3269341515049446
11.2,0.3263588209991931
11.22,0.325800851711699
11.24,0.32526037786185025
11.26,0.3247375158495495
11.28,0.32423236450010906
11.299999999999999,0.3237450053201996
11.32,0.3232755027643732
11.34,0.3228239045117258
11.36,0.32239024175224984
11.379999999999999,0.3219745294824121
11.4,0.3215767668094872
11.42,0.3211969372642583
11.44,0.3208350091215644
11.459999999999999,0.32049093572828513
11.48,0.32016465583830384
11.5,0.3198560939540039
11.52,0.31956516067386304
11.54,0.31929175304570323
11.56,0.3190357549251674
11.58,0.31879703733896936
11.6,0.3185754588525157
11.62,0.3183708659414666
11.64,0.3181830933668132
11.66,0.31801196455306807
11.68,0.3178572919691473
11.7,0.3177188775115592
11.72,0.31759651288948637
11.74,0.31748998001138573
11.76,0.3173990513727076
11.78,0.3173234904443711
11.799999999999999,0.31726305206162253
11.82,0.3172174828129006
11.84,0.3171865214283769
11.86,0.3171698991677952
11.879999999999999,0.3171673402072893
11.9,0.317178562024834
11.92,0.3172032757840237
11.94,0.3172411867158362
11.959999999999999,0.31729199449808154
11.98,0.3173553936322579
12.,0.31743107381747304
12.02,0.31751872032120265
12.04,0.3176180143465865
12.06,0.31772863339597834
12.08,0.3178502516305349
12.1,0.31798254022555117
12.12,0.31812516772134414
12.14,0.3182778003694144
12.16,0.3184401024737027
12.18,0.3186117367266961
12.2,0.31879236454021204
12.22,0.31898164637063525
12.24,0.31917924203845055
12.26,0.31938481104187294
12.28,0.3195980128644346
12.3,0.31981850727633104
12.32,0.32004595462942476
12.34,0.3202800161457321
12.36,0.3205203541992787
12.379999999999999,0.3207666325911789
12.4,0.3210185168178834
12.42,0.3212756743324106
12.44,0.32153777479851714
12.459999999999999,0.3218044903377291
12.48,0.32207549576910677
12.5,0.32235046884171065
12.52,0.32262909045970245
12.54,0.3229110449000081
12.56,0.3231960200225049
12.58,0.3234837074727259
12.6,0.32377380287697316
12.62,0.3240660060299131
12.64,0.32436002107455836
12.66,0.32465555667466856
12.68,0.32495232617956865
12.7,0.3252500477813683
12.72,0.32554844466462374
12.74,0.32584724514842456
12.76,0.32614618282097974
12.78,0.32644499666667803
12.8,0.3267434311857314
12.82,0.32704123650636113
12.84,0.3273381684896682
12.86,0.3276339888271637
12.879999999999999,0.3279284651310778
12.9,0.3282213710174869
12.92,0.32851248618233614
12.94,0.3288015964704418
12.959999999999999,0.3290884939375598
12.98,0.3293729769055765
13.,0.3296548500109591
13.02,0.3299339242465373
13.04,0.33021001699668845
13.06,0.3304829520661199
13.08,0.33075255970222833
13.1,0.3310186766112768
13.12,0.3312811459684005
13.14,0.3315398174216254
13.16,0.3317945470899989
13.18,0.3320451975559504
13.2,0.33229163785201404
13.22,0.3325337434420556
13.24,0.33277139619711216
13.26,0.33300448436599744
13.28,0.3332329025408018
13.3,0.3334565516174206
13.32,0.3336753387512716
13.34,0.3338891773083017
13.36,0.33409798681146713
13.379999999999999,0.3343016928828184
13.4,0.3345002271813118
13.42,0.3346935273365306
13.44,0.3348815368784286
13.459999999999999,0.3350642051632614
13.48,0.3352414872958664
13.5,0.3354133440483942
13.52,0.33557974177568317
13.54,0.3357406523274174
13.56,0.3358960529571808
13.58,0.3360459262286019
13.6,0.3361902599187064
13.62,0.3363290469186344
13.64,0.3364622851318669
13.66,0.33658997737011154
13.68,0.3367121312469722
13.7,0.33682875906956605
13.72,0.3369398777282324
13.74,0.33704550858444393
13.76,0.33714567735710554
13.78,0.33724041400733235
13.8,0.337329752621872
13.82,0.337413731295292
13.84,0.3374923920110891
13.86,0.3375657805218069
13.879999999999999,0.33763394622834336
13.9,0.3376969420585365
13.92,0.33775482434517273
13.94,0.3378076527035141
13.959999999999999,0.3378554899085238
13.98,0.337898401771839
14.,0.3379364570186485
14.02,0.3379697271645926
14.04,0.3379982863927661
14.06,0.3380222114309526
14.08,0.33804158142921104
14.1,0.3380564778378884
14.12,0.33806698428617554
14.14,0.3380731864612936
14.16,0.33807517198844855
14.18,0.3380730303115822
14.2,0.33806685257504954
14.22,0.3380567315063059
14.24,0.3380427612997001
14.26,0.3380250375014194
14.28,0.3380036568956933
14.3,0.3379787173923339
14.32,0.33795031791567515
14.34,0.33791855829498085
14.36,0.3378835391563954
14.379999999999999,0.3378453618165144
14.4,0.33780412817760463
14.42,0.33775994062455267
14.44,0.33771290192360903
14.459999999999999,0.33766311512295477
14.48,0.33761068345516637
14.5,0.3375557102416254
14.52,0.3374982987988741
14.54,0.3374385523470295
14.56,0.3373765739202358
14.58,0.3373124662792253
14.6,0.33724633182601116
14.62,0.3371782725207572
14.64,0.3371083898007876
14.66,0.3370367845018861
14.68,0.33696355678181256
14.7,0.3368888060460339
14.72,0.33681263087580443
14.74,0.33673512895852115
14.76,0.33665639702035494
14.78,0.33657653076125416
14.8,0.33649562479223594
14.82,0.3364137725750617
14.84,0.3363310663641838
14.86,0.33624759715110214
14.879999999999999,0.3361634546110302
14.9,0.3360787270518887
14.92,0.33599350136566736
14.94,0.33590786298208997
14.959999999999999,0.33582189582459687
14.98,0.3357356822686571
15.,0.3356493031023495
15.02,0.335562837489255
15.04,0.3354763629335843
15.06,0.33538995524758763
15.08,0.33530368852115894
15.1,0.3352176350936624
15.12,0.33513186552796664
15.14,0.33504644858658783
15.16,0.3349614512100154
15.18,0.33487693849712663
15.2,0.3347929736876839
15.22,0.3347096181468784
15.24,0.3346269313519064
15.26,0.3345449708805085
15.28,0.3344637924014885
15.3,0.33438344966714567
15.32,0.33430399450757403
15.34,0.33422547682684056
15.36,0.33414794460095143
15.379999999999999,0.3340714438776136
15.4,0.33399601877769464
15.42,0.33392171149842376
15.44,0.33384856231823035
15.459999999999999,0.33377660960316147
15.48,0.3337058898149566
15.5,0.3336364375205741
15.52,0.3335682854032349
15.54,0.3335014642749358
15.56,0.33343600309032273
15.58,0.33337192896196377
15.6,0.33330926717692977
15.62,0.33324804121462415
15.64,0.3331882727658688
15.66,0.3331299817531432
15.68,0.33307318635201527
15.7,0.33301790301359824
15.72,0.33296414648813033
15.74,0.33291192984950424
15.76,0.3328612645207666
15.78,0.33281216030057986
15.8,0.3327646253904911
15.82,0.3327186664230852
15.84,0.3326742884908882
15.86,0.332631495176027
15.88,0.33259028858059025
15.9,0.3325506693576373
15.92,0.3325126367428079
15.94,0.33247618858654543
15.959999999999999,0.33244132138679783
15.98,0.3324080303222312
16.,0.3323763092859084
16.02,0.3323461509193131
16.04,0.3323175466468279
16.06,0.33229048671045863
16.08,0.3322649602048938
16.1,0.3322409551127843
16.12,0.3322184583402847
16.14,0.3321974557527112
16.16,0.3321779322103624
16.18,0.3321598716044803
16.2,0.3321432568932085
16.22,0.332128070137655
16.24,0.33211429253791885
16.26,0.33210190446908977
16.28,0.3320908855171914
16.3,0.33208121451502015
16.32,0.3320728695778914
16.34,0.33206582813917307
16.36,0.332060066985713
16.38,0.3320555622929814
16.4,0.33205228966002287
16.419999999999998,0.33205022414413193
16.44,0.3320493402952349
16.46,0.3320496121899575
16.48,0.33205101346536947
16.5,0.3320535173523348
16.52,0.3320570967085089
16.54,0.3320617240509403
16.56,0.33206737158820726
16.58,0.33207401125213337
16.6,0.3320816147290651
16.62,0.332090153490594
16.64,0.33209959882388185
16.66,0.3321099218613927
16.68,0.3321210936101152
16.7,0.3321330849802574
16.72,0.33214586681337216
16.74,0.3321594099099114
16.76,0.3321736850561925
16.78,0.3321886630507895
16.8,0.33220431473028994
16.82,0.33222061099446165
16.84,0.332237522830772
16.86,0.3322550213383169
16.88,0.33227307775107656
16.9,0.33229166346052486
16.919999999999998,0.3323107500375764
16.94,0.33233030925394635
16.96,0.3323503131027618
16.98,0.33237073381852905
17.,0.33239154389648584
17.02,0.33241271611123185
17.04,0.3324342235346824
17.06,0.33245603955338865
17.08,0.3324781378851611
17.1,0.3325004925949874
17.12,0.33252307811035114
17.14,0.33254586923579676
17.16,0.3325688411669108
17.18,0.33259196950355885
17.2,0.3326152302624738
17.22,0.33263859988923844
17.24,0.33266205526955495
17.26,0.33268557373988455
17.28,0.3327091330974283
17.3,0.33273271160948376
17.32,0.33275628802216345
17.34,0.33277984156846263
17.36,0.3328033519757368
17.38,0.33282679947256655
17.4,0.33285016479496354
17.42,0.3328734291920344
17.44,0.33289657443106213
17.46,0.33291958280195155
17.48,0.33294243712112287
17.5,0.3329651207348768
17.52,0.33298761752218387
17.54,0.3330099118969151
17.56,0.33303198880957324
17.58,0.3330538337484468
17.6,0.3330754327403483
17.62,0.33309677235075325
17.64,0.3331178396835031
17.66,0.33313862238004216
17.68,0.33315910861812975
17.7,0.3331792871101645
17.72,0.3331991471010465
17.74,0.3332186783655547
17.76,0.3332378712054193
17.78,0.33325671644587396
17.8,0.3332752054318745
17.82,0.3332933300239374
17.84,0.3333110825936089
17.86,0.3333284560185316
17.88,0.33334544367722796
17.9,0.33336203944352955
17.92,0.3333782376806946
17.94,0.333394033235192
17.96,0.33340942143023095
17.98,0.333424398059001
18.,0.3334389593776145
18.02,0.33345310209782536
18.04,0.3334668233795227
18.06,0.3334801208229192
18.08,0.33349299246062236
18.1,0.3335054367493855
18.12,0.33351745256180415
18.14,0.33352903917769283
18.16,0.33354019627536585
18.18,0.33355092392277014
18.2,0.33356122256841064
18.22,0.33357109303222726
18.24,0.33358053649626646
18.26,0.3335895544952866
18.28,0.333598148907242
18.3,0.3336063219436992
18.32,0.33361407614013816
18.34,0.3336214143462539
18.36,0.3336283397160823
18.38,0.3336348556982158
18.4,0.33364096602587695
18.42,0.3336466747070091
18.44,0.33365198601434504
18.46,0.33365690447544855
18.48,0.3336614348627781
18.5,0.3336655821837655
18.52,0.33366935167087053
18.54,0.33367274877168657
18.56,0.33367577913913127
18.58,0.3336784486215773
18.6,0.33368076325310275
18.62,0.3336827292438041
18.64,0.33368435297014976
18.66,0.33368564096540404
18.68,0.33368659991015753
18.7,0.33368723662291183
18.72,0.33368755805077965
18.74,0.33368757126030507
18.76,0.33368728342829285
18.78,0.3336867018329115
18.8,0.333685833844753
18.82,0.3336846869181112
18.84,0.3336832685823486
18.86,0.33368158643343554
18.88,0.3336796481255493
18.9,0.3336774613629126
18.92,0.3336750338916999
18.94,0.3336723734920999
18.96,0.33366948797061524
18.98,0.33366638515240477
19.,0.333663072873858
19.02,0.33365955897528604
19.04,0.3336558512938387
19.06,0.3336519576565295
19.08,0.3336478858734567
19.1,0.3336436437312284
19.12,0.3336392389865193
19.14,0.33363467935974483
19.16,0.3336299725291157
19.18,0.3336251261246277
19.2,0.3336201477223986
19.22,0.3336150448391543
19.24,0.3336098249268117
19.26,0.33360449536736037
19.28,0.3335990634678512
19.3,0.33359353645559986
19.32,0.3335879214736082
19.34,0.3335822255760667
19.36,0.3335764557241311
19.38,0.33357061878188754
19.4,0.3335647215124211
19.42,0.3335587705741387
19.44,0.3335527725172266
19.46,0.33354673378030636
19.48,0.3335406606873162
19.5,0.3335345594444821
19.52,0.33352843613749716
19.54,0.3335222967289076
19.56,0.33351614705567656
19.58,0.333509992826835
19.6,0.33350383962140645
19.62,0.3334976928864127
19.64,0.33349155793508545
19.66,0.33348543994526486
19.68,0.3334793439579083
19.7,0.33347327487579986
19.72,0.3334672374623505
19.74,0.33346123634065594
19.76,0.33345527599258484
19.78,0.33344936075811527
19.8,0.3334434948347516
19.82,0.333437682277111
19.84,0.33343192699663793
19.86,0.33342623276147026
19.88,0.3334206031964055
19.9,0.333415041783057
19.92,0.33340955186006005
19.94,0.3334041366234328
19.96,0.3333987991270995
19.98,0.3333935422834785
20.,0.3333883688641818
20.02,0.33338328150087626
20.04,0.33337828268616043
20.06,0.3333733747746777
20.08,0.333368559984209
20.1,0.33336384039689604
20.12,0.3333592179605765
20.14,0.33335469449023225
20.16,0.33335027166947023
20.18,0.3333459510521032
20.2,0.33334173406382267
20.22,0.33333762200393746
20.24,0.3333336160472055
20.26,0.33332971724570987
20.28,0.3333259265307931
20.3,0.3333222447151184
20.32,0.33331867249469793
20.34,0.3333152104510433
20.36,0.3333118590533262
20.38,0.3333086186606496
20.4,0.33330548952430555
20.42,0.3333024717901287
20.44,0.33329956550079
20.46,0.3332967705982665
20.48,0.33329408692625784
20.5,0.33329151423263964
20.52,0.33328905217197236
20.54,0.33328670030801555
20.56,0.3332844581162741
20.58,0.333282324986538
20.6,0.33328030022551475
20.62,0.33327838305934987
20.64,0.333276572636296
20.66,0.33327486802927686
20.68,0.3332732682385573
20.7,0.3332717721942925
20.72,0.3332703787592538
20.74,0.33326908673134586
20.76,0.33326789484626546
20.78,0.333266801780186
20.8,0.333265806152239
20.82,0.33326490652717755
20.84,0.3332641014179672
20.86,0.3332633892883264
20.88,0.33326276855527803
20.9,0.3332622375917127
20.92,0.3332617947288361
20.94,0.3332614382587531
20.96,0.3332611664368526
20.98,0.3332609774842845
21.,0.3332608695903927
21.02,0.3332608409150567
21.04,0.3332608895910686
21.06,0.3332610137264705
21.08,0.3332612114068176
21.1,0.3332614806974808
21.12,0.3332618196458026
21.14,0.33326222628333046
21.16,0.3332626986279609
21.18,0.3332632346860281
21.2,0.33326383245440583
21.22,0.33326448992247615
21.24,0.33326520507417784
21.26,0.33326597588993545
21.28,0.3332668003485129
21.3,0.33326767642894706
21.32,0.33326860211230075
21.34,0.33326957538345825
21.36,0.33327059423285876
21.38,0.33327165665813113
21.4,0.3332727606657829
21.42,0.33327390427270875
21.44,0.33327508550776713
21.46,0.3332763024133147
21.48,0.33327755304655887
21.5,0.3332788354809953
21.52,0.33328014780775816
21.54,0.33328148813691205
21.56,0.333282854598698
21.58,0.33328424534468265
21.6,0.33328565854902953
21.62,0.3332870924094923
21.64,0.3332885451485338
21.66,0.33329001501429656
21.68,0.33329150028158977
21.7,0.33329299925284556
21.72,0.3332945102588628
21.74,0.33329603165976407
21.76,0.33329756184567005
21.78,0.3332990992375043
21.8,0.33330064228761425
21.82,0.3333021894804718
21.84,0.33330373933322077
21.86,0.33330529039624684
21.88,0.33330684125370647
21.9,0.33330839052394806
21.92,0.3333099368599664
21.94,0.33331147894978247
21.96,0.33331301551676007
21.98,0.3333145453199452
22.,0.33331606715428114
22.02,0.333317579850911
22.04,0.33331908227726836
22.06,0.3333205733372719
22.08,0.33332205197142495
22.1,0.33332351715691183
22.12,0.33332496790760924
22.14,0.3333264032741046
22.16,0.33332782234369157
22.18,0.33332922424025424
22.2,0.33333060812422943
22.22,0.33333197319244706
22.24,0.33333331867804256
22.26,0.333334643850179
22.28,0.3333359480138869
22.3,0.333337230509851
22.32,0.33333849071410554
22.34,0.3333397280377533
22.36,0.3333409419266834
22.38,0.33334213186120126
22.4,0.33334329735566026
22.42,0.333344437958086
22.44,0.33334555324979864
22.46,0.33334664284498694
22.48,0.33334770639018546
22.5,0.33334874356393596
22.52,0.333349754076206
22.54,0.3333507376679356
22.56,0.33335169411049376
22.58,0.33335262320520775
22.6,0.33335352478278174
22.62,0.3333543987026908
22.64,0.33335524485273743
22.66,0.33335606314833816
22.68,0.33335685353201205
22.7,0.33335761597275376
22.72,0.3333583504654149
22.74,0.33335905703010565
22.76,0.3333597357115276
22.78,0.33336038657836886
22.8,0.33336100972267585
22.82,0.333361605259175
22.84,0.33336217332463813
22.86,0.333362714077216
22.88,0.3333632276957537
22.9,0.333363714379203
22.92,0.33336417434584975
22.94,0.33336460783279365
22.96,0.3333650150951103
22.98,0.33336539640530866
23.,0.3333657520526238
23.02,0.333366082342327
23.04,0.3333663875951151
23.06,0.3333666681463914
23.08,0.3333669243456283
23.1,0.3333671565557622
23.12,0.33336736515242055
23.14,0.333367550523384
23.16,0.333367713067927
23.18,0.333367853196115
23.2,0.3333679713282278
23.22,0.3333680678941301
23.24,0.3333681433326133
23.26,0.33336819809081375
23.28,0.3333682326235932
23.3,0.33336824739298904
23.32,0.33336824286754413
23.34,0.33336821952177
23.36,0.33336817783554407
23.38,0.33336811829361457
23.4,0.3333680413849655
23.42,0.3333679476023175
23.44,0.3333678374415627
23.46,0.33336771140128796
23.48,0.33336756998220857
23.5,0.33336741368666634
23.52,0.3333672430181808
23.54,0.3333670584809343
23.56,0.3333668605792791
23.58,0.3333666498173409
23.6,0.33336642669852834
23.62,0.3333661917250658
23.64,0.3333659453976117
23.66,0.333365688214851
23.68,0.3333654206730577
23.7,0.3333651432657431
23.72,0.3333648564832241
23.74,0.33336456081233456
23.76,0.3333642567360033
23.78,0.3333639447329317
23.8,0.3333636252772868
23.82,0.33336329883835997
23.84,0.3333629658802612
23.86,0.33336262686163026
23.88,0.3333622822353745
23.9,0.33336193244837004
23.92,0.3333615779411928
23.94,0.3333612191479723
23.96,0.3333608564960303
23.98,0.3333604904057249
24.,0.3333601212902124
24.02,0.33335974955528436
24.04,0.33335937559917966
24.06,0.3333589998123638
24.080000000000002,0.33335862257741083
24.1,0.333358244268838
24.12,0.3333578652529602
24.14,0.3333574858877561
24.16,0.3333571065227332
24.18,0.3333567274988638
24.2,0.33335634914847395
24.22,0.3333559717950854
24.24,0.33335559575343937
24.26,0.33335522132935186
24.28,0.3333548488196999
24.3,0.333354478512341
24.32,0.3333541106861293
24.34,0.3333537456107984
24.36,0.33335338354701355
24.38,0.33335302474631645
24.4,0.33335266945115083
24.42,0.3333523178948039
24.44,0.333351970301518
24.46,0.33335162688639614
24.48,0.3333512878555616
24.5,0.3333509534060734
24.52,0.3333506237260699
24.54,0.33335029899471774
24.56,0.3333499793823432
24.580000000000002,0.33334966505045854
24.6,0.33334935615184297
24.62,0.33334905283060307
24.64,0.3333487552223026
24.66,0.33334846345402275
24.68,0.3333481776444309
24.7,0.33334789790386293
24.72,0.3333476243345732
24.74,0.3333473570306072
24.76,0.33334709607812985
24.78,0.3333468415553961
24.8,0.33334659353295587
24.82,0.333346352073777
24.84,0.33334611723333946
24.86,0.3333458890597534
24.88,0.3333456675939846
24.9,0.33334545286986145
24.92,0.33334524491434936
24.94,0.3333450437476342
24.96,0.33334484938323955
24.98,0.33334466182827305
25.,0.33334448108345316
25.02,0.33334430714337393
25.04,0.3333441399966053
25.06,0.33334397962586737
25.080000000000002,0.3333438260081647
25.1,0.33334367911501234
25.12,0.33334353891253277
25.14,0.33334340536164897
25.16,0.3333432784182221
25.18,0.3333431580332538
25.2,0.3333430441530056
25.22,0.3333429367192148
25.24,0.33334283566923123
25.26,0.3333427409361521
25.28,0.3333426524490632
25.3,0.33334257013313573
25.32,0.33334249390982806
25.34,0.33334242369701195
25.36,0.33334235940918977
25.38,0.3333423009575763
25.4,0.33334224825032505
25.42,0.3333422011926952
25.44,0.3333421596871716
25.46,0.3333421236335929
25.48,0.3333420929293874
25.5,0.333342067469694
25.52,0.33334204714745697
25.54,0.33334203185367434
25.56,0.33334202147746517
25.580000000000002,0.3333420159062551
25.6,0.3333420150259134
25.62,0.33334201872087466
25.64,0.33334202687432846
25.66,0.3333420393683167
25.68,0.3333420560838621
25.7,0.3333420769011348
25.72,0.3333421016995251
25.74,0.3333421303578754
25.76,0.33334216275446776
25.78,0.3333421987672751
25.8,0.3333422382739986
25.82,0.33334228115222564
25.84,0.3333423272795109
25.86,0.3333423765335125
25.88,0.33334242879209475
25.9,0.3333424839334033
25.92,0.33334254183604817
25.94,0.3333426023791505
25.96,0.33334266544239644
25.98,0.33334273090620253
26.,0.33334279865177835
26.02,0.33334286856120365
26.04,0.3333429405175378
26.06,0.3333430144048933
26.080000000000002,0.33334309010854674
26.1,0.3333431675149236
26.12,0.333343246511748
26.14,0.33334332698810215
26.16,0.3333434088344628
26.18,0.3333434919428126
26.2,0.33334357620665384
26.22,0.33334366152110667
26.24,0.33334374778295134
26.26,0.33334383489062475
26.28,0.33334392274439456
26.3,0.3333440112463075
26.32,0.3333441003002349
26.34,0.3333441898119478
26.36,0.33334427968917485
26.38,0.3333443698415967
26.4,0.33334446018083413
26.42,0.33334455062062845
26.44,0.33334464107670175
26.46,0.3333447314669285
26.48,0.33334482171123386
26.5,0.33334491173168224
26.52,0.3333450014525113
26.54,0.33334509080002256
26.56,0.333345179702808
26.580000000000002,0.3333452680915701
26.6,0.33334535589925024
26.62,0.3333454430609474
26.64,0.33334552951396307
26.66,0.33334561519781153
26.68,0.3333457000542111
26.7,0.33334578402710124
26.72,0.3333458670626328
26.74,0.33334594910907656
26.76,0.33334603011697206
26.78,0.33334611003899206
26.8,0.33334618882994554
26.82,0.33334626644684706
26.84,0.3333463428487999
26.86,0.33334641799708803
26.88,0.3333464918550773
26.9,0.3333465643881738
26.92,0.3333466355638768
26.94,0.3333467053517559
26.96,0.33334677372335253
26.98,0.33334684065222664
27.,0.33334690611392315
27.02,0.3333469700858877
27.04,0.33334703254750087
27.06,0.3333470934800283
27.080000000000002,0.33334715286662503
27.1,0.33334721069219125
27.12,0.3333472669435116
27.14,0.3333473216090218
27.16,0.3333473746789934
27.18,0.3333474261453546
27.2,0.3333474760016376
27.22,0.33334752424300257
27.24,0.3333475708662715
27.26,0.3333476158697698
27.28,0.33334765925332405
27.3,0.3333477010182722
27.32,0.3333477411673189
27.34,0.3333477797046327
27.36,0.33334781663572277
27.38,0.333347851967421
27.4,0.33334788570778917
27.42,0.3333479178662114
27.44,0.33334794845323584
27.46,0.33334797748055006
27.48,0.3333480049609957
27.5,0.3333480309084882
27.52,0.33334805533801354
27.54,0.3333480782655149
27.56,0.333348099707913
27.580000000000002,0.3333481196830781
27.6,0.3333481382097124
27.62,0.33334815530740847
27.64,0.33334817099654385
27.66,0.33334818529828386
27.68,0.3333481982345113
27.7,0.33334820982780206
27.72,0.3333482201014074
27.74,0.33334822907919703
27.76,0.333348236785567
27.78,0.33334824324546564
27.8,0.3333482484843605
27.82,0.33334825252821854
27.84,0.33334825540341834
27.86,0.33334825713673877
27.88,0.3333482577553254
27.9,0.3333482572866391
27.92,0.33334825575845206
27.94,0.33334825319883393
27.96,0.33334824963602405
27.98,0.3333482450985048
28.,0.33334823961492666
28.02,0.333348233214061
28.04,0.3333482259247972
28.06,0.3333482177761261
28.080000000000002,0.33334820879708155
28.1,0.33334819901671026
28.12,0.33334818846405934
28.14,0.33334817716819853
28.16,0.3333481651580433
28.18,0.33334815246252414
28.2,0.33334813911041306
28.22,0.33334812513036916
28.24,0.3333481105509351
28.26,0.33334809540044386
28.28,0.3333480797070214
28.3,0.33334806349862545
28.32,0.333348046802896
28.34,0.33334802964732546
28.36,0.3333480120590762
28.38,0.3333479940650391
28.4,0.3333479756917779
28.42,0.33334795696555397
28.44,0.3333479379122801
28.46,0.3333479185575002
28.48,0.33334789892641814
28.5,0.3333478790438258
28.52,0.33334785893413293
28.54,0.33334783862135065
28.56,0.3333478181290544
28.580000000000002,0.33334779748040044
28.6,0.33334777669809235
28.62,0.3333477558043941
28.64,0.3333477348211015
28.66,0.3333477137695056
28.68,0.3333476926705283
28.7,0.3333476715445115
28.72,0.33334765041135495
28.74,0.3333476292904571
28.76,0.3333476082006859
28.78,0.3333475871604216
28.8,0.3333475661875542
28.82,0.333347545299457
28.84,0.33334752451294464
28.86,0.33334750384437245
28.88,0.3333474833095426
28.9,0.33334746292373685
28.92,0.33334744270177735
28.94,0.3333474226578722
28.96,0.3333474028057718
28.98,0.33334738315865575
29.,0.33334736372919116
29.02,0.33334734452961573
29.04,0.3333473255715147
29.06,0.3333473068660462
29.080000000000002,0.3333472884238231
29.1,0.3333472702549772
29.12,0.33334725236911755
29.14,0.33334723477535483
29.16,0.3333472174822989
29.18,0.3333472004980904
29.2,0.333347183830344
29.22,0.33334716748620125
29.24,0.33334715147238086
29.26,0.33334713579509756
29.28,0.3333471204600894
29.3,0.3333471054726301
29.32,0.33334709083758285
29.34,0.3333470765592924
29.36,0.3333470626417703
29.38,0.33334704908848967
29.4,0.3333470359026248
29.42,0.3333470230868049
29.44,0.33334701064339567
29.46,0.3333469985742443
29.48,0.3333469868808674
29.5,0.33334697556438014
29.52,0.3333469646255581
29.54,0.3333469540647715
29.56,0.33334694388205
29.580000000000002,0.33334693407704474
29.6,0.3333469246491295
29.62,0.33334691559736757
29.64,0.3333469069204381
29.66,0.3333468986167616
29.68,0.33334689068439166
29.7,0.33334688312115174
29.72,0.3333468759245379
29.74,0.3333468690918569
29.76,0.3333468626200902
29.78,0.33334685650594903
29.8,0.3333468507459382
29.82,0.3333468453363309
29.84,0.3333468402731585
29.86,0.33334683555224087
29.88,0.3333468311691764
29.9,0.33334682711940516
29.92,0.33334682339813426
29.94,0.33334682000041094
29.96,0.3333468169211478
29.98,0.3333468141550472
30.,0.3333468116966607
30.02,0.3333468095404163
30.04,0.3333468076806271
30.06,0.3333468061114354
30.080000000000002,0.3333468048268865
30.1,0.33334680382092996
30.12,0.3333468030873854
30.14,0.3333468026200238
30.16,0.3333468024124983
30.18,0.33334680245839066
30.2,0.3333468027512278
30.22,0.33334680328445665
30.24,0.3333468040514894
30.26,0.3333468050456685
30.28,0.3333468062603114
30.3,0.33334680768870567
30.32,0.33334680932411376
30.34,0.33334681115977965
30.36,0.33334681318892573
30.38,0.3333468154047734
30.4,0.33334681780059805
30.42,0.3333468203696074
30.44,0.33334682310504177
30.46,0.3333468260001576
30.48,0.3333468290482691
30.5,0.33334683224271683
30.52,0.3333468355768273
30.54,0.3333468390440413
30.56,0.33334684263782327
30.580000000000002,0.33334684635162465
30.6,0.33334685017900484
30.62,0.33334685411358717
30.64,0.3333468581490667
30.66,0.33334686227915566
30.68,0.33334686649769857
30.7,0.33334687079861364
30.72,0.3333468751758468
30.74,0.3333468796234481
30.76,0.3333468841355637
30.78,0.33334688870643964
30.8,0.33334689333040657
30.82,0.3333468980018824
30.84,0.3333469027154
30.86,0.33334690746560425
30.88,0.3333469122472231
30.9,0.33334691705506014
30.92,0.33334692188409626
30.94,0.3333469267293276
30.96,0.33334693158595297
30.98,0.3333469364492478
31.,0.3333469413145926
31.02,0.33334694617747607
31.04,0.3333469510335359
31.06,0.33334695587845253
31.080000000000002,0.33334696070814573
31.1,0.3333469655185646
31.12,0.3333469703058501
31.14,0.3333469750662051
31.16,0.33334697979592415
31.18,0.3333469844914813
31.2,0.3333469891494759
31.22,0.3333469937666299
31.240000000000002,0.3333469983397232
31.26,0.33334700286572355
31.28,0.33334700734169465
31.3,0.3333470117648288
31.32,0.3333470161323966
31.34,0.33334702044183345
31.36,0.33334702469069943
31.38,0.3333470288766719
31.4,0.3333470329975108
31.42,0.33334703705111896
31.44,0.33334704103551616
31.46,0.3333470449488247
31.48,0.3333470487892842
31.5,0.33334705255525565
31.52,0.3333470562451116
31.54,0.33334705985748486
31.56,0.3333470633910676
31.580000000000002,0.3333470668446243
31.6,0.3333470702170055
31.62,0.33334707350727344
31.64,0.33334707671448904
31.66,0.3333470798378472
31.68,0.3333470828766236
31.7,0.33334708583018374
31.72,0.33334708869801305
31.740000000000002,0.33334709147967817
31.76,0.33334709417481956
31.78,0.3333470967832081
31.8,0.33334709930466044
31.82,0.33334710173912574
31.84,0.3333471040866048
31.86,0.3333471063471313
31.88,0.33334710852085375
31.9,0.33334711060801964
31.92,0.33334711260893185
31.94,0.3333471145239764
31.96,0.3333471163535853
31.98,0.3333471180982628
32.,0.3333471197586174
32.02,0.33334712133528227
32.040000000000006,0.3333471228289157
32.06,0.3333471242403094
32.080000000000005,0.3333471255702784
32.1,0.33334712681964845
32.120000000000005,0.33334712798938826
32.14,0.33334712908044173
32.160000000000004,0.33334713009380623
32.18000000000001,0.3333471310305587
32.2,0.33334713189177917
32.220000000000006,0.3333471326786314
32.24,0.33334713339232785
32.260000000000005,0.3333471340340568
32.28,0.3333471346050773
32.300000000000004,0.3333471351066556
32.32,0.3333471355401248
32.34,0.3333471359068479
32.36000000000001,0.33334713620817924
32.38,0.33334713644552433
32.400000000000006,0.3333471366203177
32.42,0.3333471367339967
32.440000000000005,0.3333471367880241
32.46,0.3333471367838424
32.480000000000004,0.333347136722953
32.50000000000001,0.33334713660689497
32.52,0.33334713643718816
32.540000000000006,0.3333471362153395
32.56,0.33334713594288795
32.580000000000005,0.33334713562139756
32.6,0.3333471352524057
32.620000000000005,0.33334713483747136
32.64,0.33334713437817104
32.660000000000004,0.33334713387603176
32.68000000000001,0.3333471333326446
32.7,0.33334713274953987
32.720000000000006,0.3333471321282823
32.74,0.33334713147041184
32.760000000000005,0.3333471307774727
32.78,0.3333471300509444
32.800000000000004,0.3333471292924234
32.82,0.33334712850341625
32.84,0.33334712768540903
32.86000000000001,0.33334712683988693
32.88,0.3333471259683891
32.900000000000006,0.33334712507233755
32.92,0.3333471241531931
32.940000000000005,0.33334712321237014
32.96,0.3333471222513011
32.980000000000004,0.333347121271382
33.00000000000001,0.3333471202739977
33.02,0.3333471192605057
33.040000000000006,0.333347118232273
33.06,0.3333471171905945
33.080000000000005,0.3333471161367872
33.1,0.33334711507212295
33.120000000000005,0.33334711399786077
33.14,0.3333471129151916
33.160000000000004,0.33334711182535925
33.18000000000001,0.3333471107295424
33.2,0.33334710962891895
33.220000000000006,0.33334710852461297
33.24,0.3333471074177055
33.260000000000005,0.33334710630931824
33.28,0.33334710520048627
33.300000000000004,0.3333471040922508
33.32,0.33334710298558684
33.34,0.33334710188147665
33.36000000000001,0.3333471007809015
33.38,0.3333470996847521
33.400000000000006,0.3333470985939165
33.42,0.33334709750926045
33.440000000000005,0.3333470964316381
33.46,0.3333470953618483
33.480000000000004,0.3333470943006507
33.50000000000001,0.33334709324881634
33.52,0.33334709220707215
33.540000000000006,0.33334709117609196
33.56,0.3333470901565914
33.580000000000005,0.3333470891491891
33.6,0.33334708815448266
33.620000000000005,0.3333470871730749
33.64,0.3333470862055385
33.660000000000004,0.333347085252384
33.68000000000001,0.33334708431412907
33.7,0.33334708339124614
33.720000000000006,0.3333470824842154
33.74,0.33334708159342735
33.760000000000005,0.33334708071929187
33.78,0.3333470798621846
33.800000000000004,0.3333470790224609
33.82,0.3333470782004506
33.84,0.33334707739640024
33.86000000000001,0.33334707661062096
33.88,0.3333470758433875
33.900000000000006,0.33334707509490646
33.92,0.3333470743653802
33.940000000000005,0.3333470736550199
33.96,0.3333470729639651
33.980000000000004,0.3333470722923559
34.00000000000001,0.3333470716402772
34.02,0.3333470710078538
34.040000000000006,0.3333470703951352
34.06,0.33334706980220924
34.080000000000005,0.33334706922911234
34.1,0.3333470686758669
34.120000000000005,0.3333470681424659
34.14,0.3333470676288676
34.160000000000004,0.3333470671350376
34.18000000000001,0.3333470666609358
34.2,0.3333470662064764
34.220000000000006,0.33334706577158674
34.24,0.33334706535614456
34.260000000000005,0.33334706496003264
34.28,0.3333470645831161
34.300000000000004,0.33334706422525867
34.32000000000001,0.33334706388626945
34.34,0.33334706356599725
34.36000000000001,0.3333470632642409
34.38,0.3333470629808216
34.400000000000006,0.3333470627155331
34.42,0.33334706246811724
34.440000000000005,0.33334706223834193
34.46,0.3333470620259924
34.480000000000004,0.3333470618308196
34.50000000000001,0.3333470616525365
34.52,0.3333470614908554
34.540000000000006,0.33334706134551306
34.56,0.3333470612162194
34.580000000000005,0.33334706110267304
34.6,0.33334706100461214
34.620000000000005,0.3333470609216962
34.64,0.3333470608536115
34.660000000000004,0.3333470608000413
34.68000000000001,0.333347060760635
34.7,0.33334706073507386
34.720000000000006,0.3333470607230296
34.74,0.33334706072413367
34.760000000000005,0.3333470607380839
34.78,0.3333470607645197
34.800000000000004,0.33334706080312304
34.82000000000001,0.3333470608534987
34.84,0.33334706091534055
34.86000000000001,0.3333470609883106
34.88,0.33334706107200834
34.900000000000006,0.3333470611660893
34.92,0.3333470612701852
34.940000000000005,0.33334706138393744
34.96,0.3333470615070293
34.980000000000004,0.3333470616390435
35.00000000000001,0.3333470617796554
35.02,0.33334706192852576
35.040000000000006,0.3333470620852903
35.06,0.3333470622496232
35.080000000000005,0.3333470624211868
35.1,0.3333470625995942
35.120000000000005,0.3333470627845162
35.14,0.3333470629756263
35.160000000000004,0.3333470631725783
35.18000000000001,0.33334706337501663
35.2,0.33334706358266686
35.220000000000006,0.33334706379517115
35.24,0.33334706401218467
35.260000000000005,0.3333470642334338
35.28,0.3333470644585705
35.300000000000004,0.3333470646873127
35.32000000000001,0.33334706491932703
35.34,0.3333470651543051
35.36000000000001,0.3333470653919932
35.38,0.3333470656320705
35.400000000000006,0.33334706587428
35.42,0.3333470661183292
35.440000000000005,0.3333470663639453
35.46,0.3333470666108611
35.480000000000004,0.3333470668588548
35.50000000000001,0.333347067107614
35.52,0.33334706735691044
35.540000000000006,0.3333470676065059
35.56,0.3333470678561636
35.580000000000005,0.3333470681056396
35.6,0.3333470683546539
35.620000000000005,0.3333470686030485
35.64,0.3333470688506039
35.660000000000004,0.33334706909711626
35.68000000000001,0.33334706934236574
35.7,0.33334706958618543
35.720000000000006,0.33334706982835605
35.74,0.33334707006873177
35.760000000000005,0.33334707030714095
35.78,0.3333470705434024
35.800000000000004,0.3333470707773473
35.82000000000001,0.3333470710087976
35.84,0.33334707123762214
35.86000000000001,0.3333470714636728
35.88,0.3333470716868262
35.900000000000006,0.3333470719069346
35.92,0.333347072123873
35.940000000000005,0.33334707233749206
35.96,0.3333470725477369
35.980000000000004,0.33334707275447945
36.00000000000001,0.3333470729576436
36.02,0.3333470731571113
36.040000000000006,0.33334707335278857
36.06,0.3333470735446145
36.080000000000005,0.3333470737324747
36.1,0.3333470739162935
36.120000000000005,0.333347074096017
36.14,0.33334707427160926
36.160000000000004,0.33334707444299816
36.18000000000001,0.33334707461013224
36.2,0.33334707477300424
36.220000000000006,0.3333470749315614
36.24,0.3333470750857212
36.260000000000005,0.33334707523548746
36.28,0.3333470753808325
36.300000000000004,0.3333470755217217
36.32000000000001,0.33334707565814287
36.34,0.33334707579008677
36.36000000000001,0.33334707591753676
36.38,0.33334707604050634
36.400000000000006,0.33334707615901565
36.42,0.33334707627305293
36.440000000000005,0.3333470763826287
36.46,0.33334707648774586
36.480000000000004,0.33334707658843404
36.50000000000001,0.33334707668470925
36.52,0.3333470767765913
36.540000000000006,0.33334707686413323
36.56,0.3333470769473619
36.580000000000005,0.3333470770262773
36.6,0.33334707710092815
36.620000000000005,0.3333470771713565
36.64,0.333347077237622
36.660000000000004,0.33334707729977225
36.68000000000001,0.33334707735784685
36.7,0.33334707741189995
36.720000000000006,0.33334707746196435
36.74,0.3333470775081509
36.760000000000005,0.33334707755044946
36.78,0.3333470775889757
36.800000000000004,0.3333470776237298
36.82000000000001,0.3333470776548217
36.84,0.33334707768232325
36.86000000000001,0.33334707770625066
36.88,0.33334707772673194
36.900000000000006,0.33334707774380073
36.92,0.3333470777575119
36.940000000000005,0.33334707776801387
36.96,0.33334707777534045
36.980000000000004,0.3333470777795234
37.00000000000001,0.33334707778068445
37.02,0.3333470777788883
37.040000000000006,0.3333470777741858
37.06,0.3333470777666879
37.080000000000005,0.33334707775647543
37.1,0.3333470777435903
37.120000000000005,0.3333470777281369
37.14,0.3333470777102113
37.160000000000004,0.3333470776898623
37.18000000000001,0.33334707766720095
37.2,0.3333470776422802
37.220000000000006,0.33334707761517723
37.24,0.33334707758596577
37.260000000000005,0.3333470775547824
37.28,0.3333470775216798
37.300000000000004,0.3333470774867065
37.32000000000001,0.33334707744994935
37.34,0.33334707741149205
37.36000000000001,0.33334707737143576
37.38,0.33334707732981594
37.400000000000006,0.3333470772867444
37.42,0.3333470772422499
37.440000000000005,0.33334707719644496
37.46,0.33334707714939654
37.480000000000004,0.3333470771011887
37.50000000000001,0.3333470770518784
37.52,0.33334707700155086
37.540000000000006,0.33334707695030164
37.56,0.3333470768981442
37.580000000000005,0.333347076845188
37.6,0.33334707679149567
37.620000000000005,0.3333470767371195
37.64,0.33334707668217783
37.660000000000004,0.33334707662666235
37.68000000000001,0.33334707657065477
37.7,0.33334707651424733
37.720000000000006,0.33334707645747697
37.74,0.3333470764004095
37.760000000000005,0.3333470763431175
37.78,0.3333470762856584
37.800000000000004,0.33334707622805027
37.82000000000001,0.3333470761703871
37.84,0.3333470761127161
37.86000000000001,0.3333470760550806
37.88,0.33334707599753755
37.900000000000006,0.33334707594013346
37.92,0.3333470758829316
37.940000000000005,0.3333470758259766
37.96,0.33334707576928374
37.980000000000004,0.3333470757129207
38.00000000000001,0.3333470756569176
38.02,0.33334707560130455
38.040000000000006,0.3333470755461525
38.06,0.33334707549148407
38.080000000000005,0.33334707543738884
38.1,0.3333470753838333
38.120000000000005,0.3333470753308877
38.14,0.3333470752785702
38.160000000000004,0.33334707522691676
38.18000000000001,0.3333470751759258
38.2,0.3333470751256347
38.220000000000006,0.33334707507608774
38.24,0.333347075027322
38.260000000000005,0.33334707497934346
38.28,0.33334707493216215
38.300000000000004,0.33334707488585313
38.32000000000001,0.3333470748404216
38.34,0.33334707479587017
38.36000000000001,0.3333470747521967
38.38,0.3333470747094219
38.400000000000006,0.3333470746675995
38.42,0.33334707462672564
38.440000000000005,0.33334707458679463
38.46,0.33334707454779894
38.480000000000004,0.3333470745098294
38.50000000000001,0.33334707447283435
38.52,0.3333470744368075
38.540000000000006,0.33334707440181793
38.56,0.33334707436784267
38.580000000000005,0.3333470743348671
38.6,0.3333470743029095
38.620000000000005,0.3333470742719873
38.64,0.33334707424204707
38.660000000000004,0.3333470742131232
38.68000000000001,0.33334707418523213
38.7,0.3333470741583598
38.720000000000006,0.3333470741324894
38.74,0.3333470741075755
38.760000000000005,0.3333470740836749
38.78,0.33334707406077047
38.800000000000004,0.33334707403885117
38.82000000000001,0.3333470740179331
38.84,0.3333470739979895
38.86000000000001,0.33334707397899244
38.88,0.3333470739609383
38.900000000000006,0.33334707394386115
38.92,0.3333470739277052
38.940000000000005,0.3333470739124479
38.96,0.33334707389809876
38.980000000000004,0.33334707388463714
39.00000000000001,0.3333470738720464
39.02,0.3333470738603377
39.040000000000006,0.333347073849496
39.06,0.3333470738395144
39.080000000000005,0.3333470738303456
39.1,0.3333470738219758
39.120000000000005,0.3333470738143538
39.14,0.33334707380750295
39.160000000000004,0.33334707380140066
39.18000000000001,0.3333470737960355
39.2,0.3333470737913967
39.220000000000006,0.33334707378742195
39.24,0.33334707378411876
39.260000000000005,0.333347073781503
39.28,0.33334707377953643
39.300000000000004,0.3333470737782231
39.32000000000001,0.33334707377750816
39.34,0.3333470737773922
39.36000000000001,0.3333470737778511
39.38,0.333347073778843
39.400000000000006,0.33334707378037165
39.42,0.33334707378241163
39.440000000000005,0.333347073784941
39.46,0.333347073787957
39.480000000000004,0.3333470737914115
39.50000000000001,0.33334707379531947
39.52,0.3333470737996231
39.540000000000006,0.33334707380431916
39.56,0.33334707380938067
39.580000000000005,0.3333470738148083
39.6,0.3333470738206163
39.620000000000005,0.33334707382672696
39.64,0.3333470738331402
39.660000000000004,0.3333470738398611
39.68000000000001,0.33334707384682943
39.7,0.33334707385408446
39.720000000000006,0.3333470738615818
39.74,0.33334707386930046
39.760000000000005,0.3333470738771745
39.78,0.33334707388523116
39.800000000000004,0.3333470738934674
39.82000000000001,0.3333470739019015
39.84,0.3333470739104624
39.86000000000001,0.33334707391913254
39.88,0.33334707392792257
39.900000000000006,0.33334707393680885
39.92,0.3333470739457695
39.940000000000005,0.33334707395484925
39.96,0.33334707396397345
39.980000000000004,0.3333470739731472
40.00000000000001,0.3333470739823147
