110,-0.6000024259669362
110.02,-0.6000024844663218
110.03999999999999,-0.6000025400472239
110.06,-0.6000025925518225
110.08,-0.6000026418341816
110.1,-0.6000026877609018
110.11999999999999,-0.6000027302116742
110.14,-0.6000027690797438
110.16,-0.600002804272268
110.17999999999999,-0.6000028357105827
110.2,-0.6000028633303587
110.22,-0.6000028870816572
110.24,-0.6000029069288876
110.25999999999999,-0.6000029228506584
110.28,-0.6000029348395307
110.3,-0.6000029429016787
110.32,-0.6000029470564497
110.33999999999999,-0.6000029473358413
110.36,-0.6000029437838916
110.38,-0.6000029364559892
110.39999999999999,-0.6000029254181155
110.42,-0.6000029107460104
110.44,-0.6000028925242911
110.46,-0.6000028708455084
110.47999999999999,-0.6000028458091688
110.5,-0.6000028175207128
110.52,-0.6000027860904672
110.53999999999999,-0.6000027516325871
110.56,-0.6000027142639768
110.58,-0.6000026741032164
110.6,-0.6000026312694982
110.61999999999999,-0.6000025858815743
110.64,-0.6000025380567329
110.66,-0.6000024879098075
110.67999999999999,-0.6000024355522295
110.7,-0.600002381091128
110.72,-0.6000023246284879
110.74,-0.600002266260372
110.75999999999999,-0.6000022060762136
110.78,-0.600002144158183
110.8,-0.6000020805806373
110.82,-0.600002015409655
110.83999999999999,-0.6000019487026582
110.86,-0.6000018805081312
110.88,-0.6000018108654295
110.89999999999999,-0.6000017398046917
110.92,-0.6000016673468377
110.94,-0.6000015935036774
110.96,-0.6000015182781028
110.97999999999999,-0.6000014416643878
111.,-0.6000013636485702
111.02,-0.6000012842089273
111.03999999999999,-0.6000012033165415
111.06,-0.6000011209359392
111.08,-0.6000010370258109
111.1,-0.6000009515398034
111.11999999999999,-0.6000008644273704
111.14,-0.6000007756346882
111.16,-0.6000006851056134
111.17999999999999,-0.6000005927826891
111.2,-0.6000004986081832
111.22,-0.6000004025251522
111.24,-0.600000304478522
111.25999999999999,-0.6000002044161798
111.28,-0.6000001022900628
111.3,-0.5999999980572378
111.32,-0.599999891680967
111.33999999999999,-0.5999997831317383
111.36,-0.5999996723882691
111.38,-0.5999995594384622
111.39999999999999,-0.5999994442803074
111.42,-0.5999993269227291
111.44,-0.5999992073863629
111.46,-0.599999085704261
111.47999999999999,-0.5999989619225153
111.5,-0.5999988361007964
111.52,-0.5999987083128018
111.53999999999999,-0.5999985786466105
111.56,-0.5999984472049354
111.58,-0.5999983141052785
111.6,-0.5999981794799785
111.61999999999999,-0.5999980434761547
111.64,-0.5999979062555443
111.66,-0.5999977679942335
111.67999999999999,-0.5999976288822866
111.7,-0.5999974891232628
111.72,-0.5999973489336439
111.74,-0.5999972085421551
111.75999999999999,-0.5999970681889946
111.78,-0.5999969281249727
111.8,-0.5999967886105685
111.82,-0.5999966499149063
111.83999999999999,-0.599996512314659
111.86,-0.5999963760928867
111.88,-0.5999962415378222
111.89999999999999,-0.5999961089415952
111.92,-0.5999959785989285
111.94,-0.5999958508057902
111.96,-0.5999957258580226
111.97999999999999,-0.5999956040499631
112.,-0.5999954856730497
112.02,-0.5999953710144351
112.03999999999999,-0.5999952603556047
112.06,-0.5999951539710238
112.08,-0.5999950521268094
112.1,-0.5999949550794421
112.11999999999999,-0.5999948630745213
112.14,-0.5999947763455787
112.16,-0.599994695112951
112.17999999999999,-0.5999946195827253
112.2,-0.5999945499457567
112.22,-0.5999944863767727
112.24,-0.5999944290335626
112.25999999999999,-0.5999943780562601
112.28,-0.5999943335667265
112.3,-0.599994295668033
112.32,-0.5999942644440459
112.33999999999999,-0.5999942399591224
112.36,-0.5999942222579125
112.38,-0.5999942113652693
112.39999999999999,-0.5999942072862714
112.42,-0.5999942100063501
112.44,-0.5999942194915285
112.46,-0.5999942356887644
112.47999999999999,-0.5999942585263941
112.5,-0.5999942879146787
112.52,-0.5999943237464431
112.53999999999999,-0.5999943658978071
112.56,-0.5999944142290033
112.58,-0.5999944685852722
112.6,-0.5999945287978338
112.61999999999999,-0.5999945946849219
112.64,-0.5999946660528863
112.66,-0.5999947426973372
112.67999999999999,-0.5999948244043438
112.7,-0.5999949109516648
112.72,-0.5999950021100079
112.74,-0.5999950976443137
112.75999999999999,-0.5999951973150485
112.78,-0.5999953008795014
112.8,-0.5999954080930805
112.82,-0.5999955187105939
112.83999999999999,-0.5999956324875109
112.86,-0.599995749181199
112.88,-0.5999958685521184
112.89999999999999,-0.5999959903649802
112.92,-0.5999961143898543
112.94,-0.5999962404032192
112.96,-0.5999963681889491
112.97999999999999,-0.5999964975392391
113.,-0.5999966282554507
113.02,-0.5999967601488867
113.03999999999999,-0.5999968930414808
113.06,-0.5999970267664062
113.08,-0.5999971611685921
113.1,-0.5999972961051573
113.11999999999999,-0.5999974314457479
113.14,-0.5999975670727867
113.16,-0.5999977028816261
113.17999999999999,-0.5999978387806145
113.2,-0.5999979746910667
113.22,-0.5999981105471469
113.24,-0.599998246295665
113.25999999999999,-0.5999983818957862
113.28,-0.5999985173186576
113.3,-0.5999986525469607
113.32,-0.5999987875743866
113.33999999999999,-0.5999989224050416
113.36,-0.5999990570527881
113.38,-0.5999991915405279
113.39999999999999,-0.5999993258994305
113.42,-0.5999994601681137
113.44,-0.5999995943917845
113.46,-0.5999997286213401
113.47999999999999,-0.5999998629124473
113.5,-0.5999999973245957
113.52,-0.6000001319201363
113.53999999999999,-0.6000002667633153
113.56,-0.6000004019193007
113.58,-0.6000005374532219
113.6,-0.6000006734292146
113.61999999999999,-0.6000008099094906
113.64,-0.6000009469534267
113.66,-0.6000010846166905
113.67999999999999,-0.600001222950399
113.7,-0.6000013620003217
113.72,-0.6000015018061307
113.74,-0.6000016424007046
113.75999999999999,-0.6000017838094878
113.78,-0.6000019260499132
113.8,-0.6000020691308857
113.82,-0.6000022130523368
113.83999999999999,-0.6000023578048486
113.86,-0.6000025033693469
113.88,-0.6000026497168747
113.89999999999999,-0.6000027968084325
113.92,-0.6000029445948996
113.94,-0.6000030930170277
113.96,-0.6000032420055099
113.97999999999999,-0.6000033914811236
114.,-0.6000035413549416
114.02,-0.6000036915286171
114.03999999999999,-0.6000038418947315
114.06,-0.6000039923372092
114.08,-0.6000041427317873
114.1,-0.6000042929465448
114.11999999999999,-0.6000044428424812
114.14,-0.6000045922741415
114.16,-0.600004741090281
114.17999999999999,-0.6000048891345674
114.2,-0.6000050362463096
114.22,-0.6000051822612122
114.24,-0.6000053270121457
114.25999999999999,-0.600005470329927
114.28,-0.6000056120441055
114.3,-0.6000057519837453
114.32,-0.6000058899781989
114.33999999999999,-0.6000060258578654
114.36,-0.600006159454927
114.38,-0.6000062906040561
114.39999999999999,-0.6000064191430899
114.42,-0.6000065449136632
114.44,-0.6000066677617962
114.46,-0.6000067875384311
114.47999999999999,-0.6000069040999131
114.5,-0.6000070173084107
114.52,-0.6000071270322718
114.53999999999999,-0.6000072331463123
114.56,-0.6000073355320332
114.58,-0.6000074340777652
114.6,-0.6000075286787373
114.61999999999999,-0.6000076192370694
114.64,-0.6000077056616872
114.66,-0.6000077878681612
114.67999999999999,-0.6000078657784671
114.7,-0.6000079393206716
114.72,-0.6000080084285455
114.74,-0.6000080730411034
114.75999999999999,-0.6000081331020773
114.78,-0.6000081885593248
114.8,-0.6000082393641766
114.82,-0.6000082854707296
114.83999999999999,-0.6000083268350894
114.86,-0.6000083634145681
114.88,-0.6000083951668447
114.89999999999999,-0.600008422049094
114.92,-0.6000084440170911
114.94,-0.6000084610242992
114.96,-0.6000084730209481
114.97999999999999,-0.6000084799531114
115.,-0.6000084817617901
115.02,-0.6000084783820117
115.03999999999999,-0.6000084697419511
115.06,-0.6000084557620842
115.08,-0.6000084363543791
115.1,-0.6000084114215359
115.11999999999999,-0.6000083808562805
115.14,-0.6000083445407205
115.16,-0.6000083023457717
115.17999999999999,-0.6000082541306603
115.2,-0.6000081997425073
115.22,-0.6000081390160025
115.24,-0.6000080717731714
115.25999999999999,-0.6000079978232413
115.28,-0.6000079169626104
115.3,-0.600007828974922
115.32,-0.6000077336312499
115.33999999999999,-0.6000076306903929
115.36,-0.6000075198992832
115.38,-0.6000074009935079
115.39999999999999,-0.6000072736979428
115.42,-0.6000071377274993
115.44,-0.600006992787981
115.46,-0.6000068385770488
115.47999999999999,-0.6000066747852906
115.5,-0.6000065010973911
115.52,-0.6000063171933989
115.53999999999999,-0.6000061227500837
115.56,-0.6000059174423777
115.58,-0.6000057009448962
115.6,-0.6000054729335275
115.61999999999999,-0.6000052330870868
115.64,-0.6000049810890246
115.66,-0.6000047166291811
115.67999999999999,-0.6000044394055771
115.7,-0.6000041491262329
115.72,-0.6000038455110046
115.74,-0.6000035282934291
115.75999999999999,-0.6000031972225662
115.78,-0.60000285206483
115.8,-0.600002492605797
115.82,-0.6000021186519835
115.83999999999999,-0.600001730032581
115.86,-0.6000013266011396
115.88,-0.6000009082371929
115.89999999999999,-0.6000004748478113
115.92,-0.6000000263690792
115.94,-0.5999995627674856
115.96,-0.5999990840412207
115.97999999999999,-0.5999985902213735
116.,-0.5999980813730207
116.02,-0.5999975575962051
116.03999999999999,-0.5999970190267949
116.06,-0.599996465837222
116.08,-0.5999958982370945
116.1,-0.599995316473682
116.11999999999999,-0.599994720832269
116.14,-0.5999941116363791
116.16,-0.5999934892478654
116.17999999999999,-0.5999928540668716
116.2,-0.599992206531661
116.22,-0.5999915471183185
116.24,-0.599990876340327
116.25999999999999,-0.5999901947480211
116.28,-0.5999895029279234
116.3,-0.5999888015019675
116.32,-0.599988091126613
116.33999999999999,-0.5999873724918586
116.36,-0.5999866463201607
116.38,-0.5999859133652624
116.39999999999999,-0.5999851744109427
116.42,-0.5999844302696916
116.44,-0.599983681781321
116.46,-0.5999829298115176
116.47999999999999,-0.5999821752503481
116.5,-0.5999814190107243
116.52,-0.5999806620268368
116.53999999999999,-0.5999799052525657
116.56,-0.5999791496598776
116.58,-0.5999783962372159
116.6,-0.5999776459878933
116.61999999999999,-0.5999768999284942
116.64,-0.5999761590872947
116.66,-0.5999754245027059
116.67999999999999,-0.5999746972217491
116.7,-0.5999739782985679
116.72,-0.5999732687929822
116.74,-0.5999725697690906
116.75999999999999,-0.5999718822939246
116.78,-0.5999712074361582
116.8,-0.5999705462648763
116.82,-0.5999698998484054
116.83999999999999,-0.5999692692532057
116.86,-0.5999686555428282
116.88,-0.599968059776936
116.89999999999999,-0.5999674830103889
116.92,-0.5999669262923917
116.94,-0.5999663906657027
116.96,-0.5999658771659013
116.97999999999999,-0.5999653868207119
117.,-0.5999649206493782
117.02,-0.5999644796620874
117.03999999999999,-0.5999640648594363
117.06,-0.5999636772319358
117.08,-0.599963317759548
117.1,-0.5999629874112503
117.11999999999999,-0.5999626871446188
117.14,-0.5999624179054266
117.16,-0.5999621806272488
117.17999999999999,-0.5999619762310678
117.2,-0.5999618056248721
117.22,-0.5999616697032416
117.24,-0.5999615693469126
117.25999999999999,-0.5999615054223157
117.28,-0.5999614787810806
117.3,-0.5999614902595002
117.32,-0.5999615406779494
117.33999999999999,-0.5999616308402523
117.36,-0.5999617615329931
117.38,-0.5999619335247645
117.39999999999999,-0.5999621475653517
117.42,-0.5999624043848465
117.44,-0.5999627046926886
117.46,-0.5999630491766332
117.47999999999999,-0.5999634385016408
117.5,-0.5999638733086903
117.52,-0.5999643542135134
117.53999999999999,-0.5999648818052519
117.56,-0.5999654566450379
117.58,-0.5999660792644997
117.6,-0.5999667501641953
117.61999999999999,-0.5999674698119768
117.64,-0.5999682386412901
117.66,-0.5999690570494146
117.67999999999999,-0.5999699253956472
117.7,-0.5999708439994383
117.72,-0.5999718131384851
117.74,-0.5999728330467893
117.75999999999999,-0.5999739039126877
117.78,-0.5999750258768638
117.8,-0.5999761990303477
117.82,-0.5999774234125145
117.83999999999999,-0.5999786990090898
117.86,-0.5999800257501727
117.88,-0.599981403508284
117.89999999999999,-0.5999828320964511
117.92,-0.5999843112663393
117.94,-0.5999858407064383
117.96,-0.5999874200403142
117.97999999999999,-0.599989048824937
118.,-0.5999907265490919
118.02,-0.5999924526318854
118.03999999999999,-0.599994226421352
118.06,-0.5999960471931733
118.08,-0.599997914149515
118.1,-0.59999982641799
118.11999999999999,-0.6000017830507551
118.14,-0.6000037830237469
118.16,-0.6000058252360626
118.17999999999999,-0.6000079085094914
118.2,-0.6000100315882
118.22,-0.6000121931385769
118.24,-0.600014391749237
118.25999999999999,-0.6000166259311897
118.28,-0.6000188941181717
118.3,-0.6000211946671445
118.32,-0.6000235258589576
118.33999999999999,-0.6000258858991742
118.36,-0.6000282729190612
118.38,-0.6000306849767375
118.39999999999999,-0.6000331200584794
118.42,-0.6000355760801795
118.44,-0.6000380508889531
118.46,-0.6000405422648885
118.48,-0.6000430479229348
118.5,-0.6000455655149215
118.52,-0.6000480926317018
118.53999999999999,-0.6000506268054149
118.56,-0.6000531655118578
118.58,-0.6000557061729593
118.6,-0.6000582461593489
118.61999999999999,-0.6000607827930111
118.64,-0.600063313350018
118.66,-0.6000658350633306
118.67999999999999,-0.6000683451256611
118.7,-0.6000708406923871
118.72,-0.6000733188845102
118.74,-0.6000757767916494
118.75999999999999,-0.6000782114750632
118.78,-0.6000806199706914
118.8,-0.6000829992922089
118.82,-0.6000853464340861
118.83999999999999,-0.6000876583746477
118.86,-0.6000899320791248
118.88,-0.6000921645026938
118.89999999999999,-0.6000943525934981
118.92,-0.6000964932956467
118.94,-0.6000985835521871
118.96,-0.6001006203080479
118.98,-0.600102600512949
119.,-0.600104521124277
119.02,-0.6001063791099251
119.03999999999999,-0.6001081714510942
119.06,-0.6001098951450577
119.08,-0.6001115472078888
119.1,-0.6001131246771509
119.11999999999999,-0.6001146246145531
119.14,-0.6001160441085727
119.16,-0.6001173802770462
119.17999999999999,-0.6001186302697333
119.2,-0.6001197912708551
119.22,-0.6001208605016116
119.24,-0.6001218352226818
119.25999999999999,-0.6001227127367108
119.28,-0.6001234903907883
119.3,-0.6001241655789223
119.32,-0.6001247357445147
119.33999999999999,-0.6001251983828403
119.36,-0.6001255510435368
119.38,-0.6001257913331096
119.39999999999999,-0.6001259169174548
119.42,-0.6001259255244052
119.44,-0.6001258149463056
119.46,-0.6001255830426162
119.48,-0.6001252277425535
119.5,-0.6001247470477665
119.52,-0.6001241390350543
119.53999999999999,-0.6001234018591249
119.56,-0.6001225337553987
119.58,-0.6001215330428556
119.6,-0.6001203981269282
119.61999999999999,-0.6001191275024386
119.64,-0.6001177197565805
119.66,-0.6001161735719425
119.67999999999999,-0.6001144877295718
119.7,-0.6001126611120756
119.72,-0.6001106927067554
119.74,-0.6001085816087708
119.75999999999999,-0.6001063270243278
119.78,-0.6001039282738855
119.8,-0.6001013847953753
119.82,-0.6000986961474257
119.83999999999999,-0.6000958620125846
119.86,-0.6000928822005317
119.88,-0.6000897566512728
119.89999999999999,-0.6000864854383056
119.92,-0.6000830687717481
119.94,-0.600079507001421
119.96,-0.600075800619871
119.98,-0.6000719502653277
120.,-0.6000679567245809
120.02,-0.6000638209357685
120.03999999999999,-0.6000595439910638
120.06,-0.600055127139251
120.08,-0.6000505717881782
120.1,-0.6000458795070762
120.11999999999999,-0.6000410520287327
120.14,-0.6000360912515114
120.16,-0.6000309992412054
120.17999999999999,-0.6000257782327147
120.2,-0.6000204306315383
120.22,-0.6000149590150708
120.24,-0.6000093661336969
120.25999999999999,-0.6000036549116724
120.28,-0.5999978284477863
120.3,-0.5999918900157963
120.32,-0.5999858430646311
120.33999999999999,-0.5999796912183527
120.36,-0.599973438275876
120.38,-0.5999670882104392
120.39999999999999,-0.5999606451688219
120.42,-0.5999541134703086
120.44,-0.5999474976053956
120.46,-0.5999408022342383
120.48,-0.5999340321848409
120.5,-0.5999271924509867
120.52,-0.5999202881899106
120.53999999999999,-0.599913324719716
120.56,-0.5999063075165375
120.58,-0.5998992422114535
120.6,-0.5998921345871518
120.61999999999999,-0.5998849905743527
120.64,-0.5998778162479947
120.66,-0.5998706178231882
120.67999999999999,-0.5998634016509433
120.7,-0.5998561742136785
120.72,-0.599848942120516
120.74,-0.5998417121023724
120.75999999999999,-0.5998344910068516
120.78,-0.5998272857929478
120.8,-0.5998201035255661
120.82,-0.5998129513698707
120.83999999999999,-0.599805836585466
120.86,-0.5997987665204231
120.88,-0.5997917486051554
120.89999999999999,-0.5997847903461555
120.92,-0.5997778993195999
120.94,-0.5997710831648292
120.96,-0.5997643495777132
120.98,-0.5997577063039076
121.,-0.5997511611320095
121.02,-0.5997447218866208
121.03999999999999,-0.5997383964213231
121.06,-0.5997321926115751
121.08,-0.5997261183475341
121.1,-0.599720181526811
121.11999999999999,-0.5997143900471626
121.14,-0.599708751799127
121.16,-0.5997032746586058
121.17999999999999,-0.5996979664793995
121.2,-0.5996928350856977
121.22,-0.5996878882645295
121.24,-0.5996831337581765
121.25999999999999,-0.5996785792565522
121.28,-0.5996742323895491
121.3,-0.5996701007193571
121.32,-0.5996661917327555
121.33999999999999,-0.5996625128333791
121.36,-0.5996590713339617
121.38,-0.599655874448558
121.39999999999999,-0.5996529292847452
121.42,-0.5996502428358067
121.44,-0.5996478219728981
121.46,-0.5996456734371983
121.48,-0.5996438038320466
121.5,-0.5996422196150681
121.52,-0.5996409270902886
121.53999999999999,-0.5996399324002417
121.56,-0.5996392415180714
121.58,-0.5996388602396305
121.6,-0.5996387941755816
121.61999999999999,-0.5996390487435005
121.64,-0.5996396291599881
121.66,-0.5996405404327962
121.67999999999999,-0.5996417873529688
121.7,-0.5996433744870078
121.72,-0.5996453061690675
121.74,-0.599647586493185
121.75999999999999,-0.5996502193055525
121.78,-0.5996532081968419
121.8,-0.5996565564945872
121.82,-0.5996602672556358
121.83999999999999,-0.5996643432586776
121.86,-0.5996687869968614
121.88,-0.5996736006705113
121.89999999999999,-0.599678786179952
121.92,-0.5996843451184569
121.94,-0.5996902787653311
121.96,-0.5996965880791405
121.98,-0.5997032736911032
122.,-0.5997103358986543
122.02,-0.5997177746591996
122.03999999999999,-0.5997255895840728
122.06,-0.5997337799327098
122.08,-0.599742344607056
122.1,-0.599751282146221
122.11999999999999,-0.5997605907213964
122.14,-0.5997702681310517
122.16,-0.5997803117964224
122.17999999999999,-0.5997907187573074
122.2,-0.5998014856681881
122.22,-0.5998126087946867
122.24,-0.5998240840103747
122.25999999999999,-0.5998359067939487
122.28,-0.5998480722267853
122.3,-0.5998605749908879
122.32,-0.5998734093672399
122.33999999999999,-0.5998865692345741
122.36,-0.5999000480685707
122.38,-0.5999138389414943
122.39999999999999,-0.5999279345222799
122.42,-0.5999423270770762
122.44,-0.5999570084702556
122.46,-0.5999719701658968
122.48,-0.5999872032297476
122.5,-0.6000026983316733
122.52,-0.6000184457485934
122.53999999999999,-0.6000344353679129
122.56,-0.6000506566914486
122.58,-0.6000670988398529
122.6,-0.6000837505575347
122.61999999999999,-0.6001006002180789
122.64,-0.6001176358301599
122.66,-0.6001348450439494
122.67999999999999,-0.6001522151580141
122.7,-0.6001697331266977
122.72,-0.6001873855679842
122.74,-0.6002051587718338
122.75999999999999,-0.600223038708986
122.78,-0.6002410110402213
122.8,-0.6002590611260732
122.82,-0.6002771740369799
122.83999999999999,-0.6002953345638669
122.86,-0.6003135272291488
122.88,-0.6003317362981394
122.89999999999999,-0.6003499457908579
122.92,-0.6003681394942177
122.94,-0.6003863009745876
122.96,-0.6004044135907085
122.98,-0.6004224605069555
123.,-0.600440424706928
123.02,-0.6004582890073574
123.03999999999999,-0.6004760360723141
123.06,-0.6004936484277028
123.08,-0.6005111084760293
123.1,-0.6005283985114256
123.11999999999999,-0.6005455007349175
123.14,-0.6005623972699216
123.16,-0.6005790701779559
123.17999999999999,-0.600595501474551
123.2,-0.6006116731453469
123.22,-0.6006275671623614
123.24,-0.6006431655004174
123.25999999999999,-0.6006584501537143
123.28,-0.6006734031525313
123.3,-0.6006880065800485
123.32,-0.6007022425892746
123.33999999999999,-0.6007160934200667
123.36,-0.6007295414162317
123.38,-0.6007425690426966
123.39999999999999,-0.6007551589027361
123.42,-0.6007672937552453
123.44,-0.6007789565320478
123.46,-0.6007901303552268
123.48,-0.6008007985544678
123.5,-0.6008109446844047
123.52,-0.6008205525419551
123.53999999999999,-0.6008296061836377
123.56,-0.6008380899428584
123.58,-0.6008459884471565
123.6,-0.6008532866353999
123.61999999999999,-0.6008599697749185
123.64,-0.6008660234785653
123.66,-0.600871433721695
123.67999999999999,-0.6008761868590484
123.7,-0.6008802696415314
123.72,-0.6008836692328783
123.74,-0.6008863732261868
123.75999999999999,-0.6008883696603131
123.78,-0.6008896470361146
123.8,-0.6008901943325281
123.82,-0.6008900010224704
123.83999999999999,-0.6008890570885471
123.86,-0.6008873530385573
123.88,-0.6008848799207782
123.89999999999999,-0.6008816293390168
123.92,-0.6008775934674113
123.94,-0.6008727650649694
123.96,-0.6008671374898245
123.98,-0.6008607047131949
124.,-0.6008534613330297
124.02,-0.6008454025873223
124.03999999999999,-0.6008365243670741
124.06,-0.6008268232288916
124.08,-0.6008162964071961
124.1,-0.6008049418260297
124.11999999999999,-0.6007927581104351
124.14,-0.6007797445973931
124.16,-0.6007659013462959
124.17999999999999,-0.600751229148937
124.2,-0.6007357295389973
124.22,-0.6007194048010087
124.24,-0.6007022579787725
124.25999999999999,-0.6006842928832151
124.28,-0.6006655140996597
124.3,-0.6006459269944943
124.32,-0.6006255377212157
124.33999999999999,-0.6006043532258325
124.36,-0.6005823812516041
124.38,-0.6005596303431014
124.39999999999999,-0.6005361098495676
124.42,-0.600511829927563
124.44,-0.6004868015428768
124.46,-0.6004610364716884
124.48,-0.6004345473009637
124.5,-0.6004073474280706
124.52,-0.6003794510595992
124.53999999999999,-0.600350873209375
124.56,-0.6003216296956498
124.58,-0.6002917371374624
124.6,-0.6002612129501553
124.61999999999999,-0.6002300753400404
124.64,-0.6001983432982033
124.66,-0.6001660365934415
124.67999999999999,-0.600133175764327
124.7,-0.600099782110392
124.72,-0.6000658776824306
124.74,-0.6000314852719157
124.75999999999999,-0.5999966283995304
124.78,-0.5999613313028106
124.8,-0.5999256189229034
124.82,-0.5998895168904413
124.83999999999999,-0.5998530515105361
124.86,-0.5998162497468972
124.88,-0.59977913920508
124.89999999999999,-0.5997417481148715
124.92,-0.599704105311821
124.94,-0.599666240217925
124.96,-0.5996281828214771
124.98,-0.5995899636560932
125.,-0.5995516137789256
125.02,-0.5995131647480796
125.03999999999999,-0.5994746485992445
125.06,-0.5994360978215579
125.08,-0.599397545332717
125.1,-0.5993590244533549
125.11999999999999,-0.5993205688806993
125.14,-0.5992822126615338
125.16,-0.5992439901644794
125.17999999999999,-0.599205936051617
125.2,-0.5991680852494734
125.22,-0.5991304729193895
125.24,-0.5990931344272955
125.25999999999999,-0.5990561053129145
125.28,-0.5990194212584179
125.3,-0.5989831180565571
125.32,-0.5989472315782955
125.33999999999999,-0.5989117977399655
125.36,-0.598876852469976
125.38,-0.598842431675097
125.39999999999999,-0.5988085712063458
125.42,-0.5987753068245032
125.44,-0.5987426741652856
125.46,-0.5987107087042013
125.48,-0.5986794457211181
125.5,-0.5986489202645712
125.52,-0.5986191671158391
125.53999999999999,-0.5985902207528182
125.56,-0.5985621153137237
125.58,-0.5985348845606474
125.6,-0.5985085618430036
125.61999999999999,-0.5984831800608922
125.64,-0.5984587716284112
125.66,-0.5984353684369499
125.67999999999999,-0.5984130018184945
125.7,-0.5983917025089796
125.72,-0.5983715006117164
125.74,-0.5983524255609343
125.75999999999999,-0.5983345060854661
125.78,-0.5983177701726148
125.8,-0.5983022450322338
125.82,-0.5982879570610586
125.83999999999999,-0.598274931807324
125.86,-0.5982631939357044
125.88,-0.598252767192614
125.89999999999999,-0.5982436743719046
125.92,-0.5982359372809984
125.94,-0.5982295767074951
125.96,-0.5982246123862923
125.98,-0.5982210629672585
126.,-0.5982189459834987
126.02,-0.5982182778202532
126.03999999999999,-0.5982190736844708
126.05999999999999,-0.5982213475750968
126.08,-0.5982251122541181
126.1,-0.5982303792184067
126.11999999999999,-0.5982371586724046
126.14,-0.5982454595016913
126.16,-0.5982552892474772
126.17999999999999,-0.5982666540820654
126.2,-0.5982795587853237
126.22,-0.5982940067222106
126.24,-0.5983099998213964
126.26,-0.5983275385550234
126.28,-0.5983466219196448
126.3,-0.5983672474183866
126.32,-0.5983894110443718
126.33999999999999,-0.5984131072654484
126.36,-0.5984383290102612
126.38,-0.5984650676557077
126.39999999999999,-0.598493313015815
126.42,-0.598523053332077
126.44,-0.5985542752652888
126.46,-0.5985869638889132
126.48,-0.5986211026840143
126.5,-0.5986566735357921
126.52,-0.5986936567317505
126.53999999999999,-0.5987320309615273
126.55999999999999,-0.5987717733184187
126.58,-0.598812859302623
126.6,-0.5988552628262307
126.61999999999999,-0.5988989562199855
126.64,-0.5989439102418378
126.66,-0.5989900940873112
126.67999999999999,-0.5990374754017012
126.7,-0.5990860202941212
126.72,-0.5991356933534115
126.74,-0.5991864576659228
126.76,-0.5992382748351832
126.78,-0.599291105003458
126.8,-0.5993449068752064
126.82,-0.5993996377424388
126.83999999999999,-0.5994552535119745
126.86,-0.5995117087345984
126.88,-0.5995689566361128
126.89999999999999,-0.5996269491502769
126.92,-0.599685636953625
126.94,-0.5997449695021522
126.96,-0.5998048950698527
126.98,-0.5998653607890951
127.,-0.599926312692815
127.02,-0.5999876957585034
127.03999999999999,-0.600049453953967
127.05999999999999,-0.6001115302848354
127.08,-0.6001738668437846
127.1,-0.6002364048614469
127.11999999999999,-0.6002990847589745
127.14,-0.60036184620222
127.16,-0.6004246281574969
127.17999999999999,-0.6004873689488802
127.2,-0.6005500063170053
127.22,-0.60061247747932
127.24,-0.6006747191917452
127.26,-0.600736667811695
127.28,-0.6007982593624066
127.3,-0.6008594295985288
127.32,-0.6009201140729145
127.33999999999999,-0.6009802482045626
127.36,-0.6010397673476526
127.38,-0.6010986068616119
127.39999999999999,-0.6011567021821568
127.42,-0.601213988893246
127.44,-0.6012704027998812
127.46,-0.6013258800016932
127.48,-0.6013803569672447
127.5,-0.6014337706089846
127.52,-0.6014860583587845
127.53999999999999,-0.6015371582439877
127.55999999999999,-0.6015870089638995
127.58,-0.6016355499666478
127.6,-0.6016827215263401
127.61999999999999,-0.6017284648204422
127.64,-0.601772722007305
127.66,-0.6018154363037619
127.67999999999999,-0.6018565520627197
127.7,-0.6018960148506665
127.72,-0.6019337715250153
127.74,-0.6019697703112056
127.76,-0.6020039608794814
127.78,-0.6020362944212639
127.8,-0.6020667237250376
127.82,-0.6020952032516657
127.83999999999999,-0.6021216892090526
127.86,-0.6021461396260674
127.88,-0.602168514425644
127.89999999999999,-0.6021887754969724
127.92,-0.6022068867666945
127.94,-0.6022228142690175
127.96,-0.6022365262146561
127.98,-0.6022479930585177
128.,-0.6022571875660404
128.02,-0.6022640848780942
128.04000000000002,-0.6022686625743576
128.06,-0.6022709007350785
128.08,-0.6022707820011287
128.10000000000002,-0.6022682916322636
128.12,-0.602263417563493
128.14000000000001,-0.6022561504594758
128.16,-0.6022464837668441
128.18,-0.6022344137643681
128.20000000000002,-0.6022199396108696
128.22,-0.6022030633907931
128.24,-0.6021837901573441
128.26000000000002,-0.6021621279731043
128.28,-0.6021380879480328
128.3,-0.6021116842747646
128.32000000000002,-0.6020829342611166
128.34,-0.6020518583597134
128.36,-0.6020184801946448
128.38000000000002,-0.6019828265850682
128.4,-0.6019449275656718
128.42000000000002,-0.6019048164039115
128.44000000000003,-0.6018625296139414
128.46,-0.6018181069671535
128.48000000000002,-0.6017715914992492
128.5,-0.6017230295137609
128.52,-0.601672470581951
128.54000000000002,-0.6016199675390107
128.56,-0.6015655764764888
128.58,-0.6015093567308776
128.60000000000002,-0.6014513708682919
128.62,-0.6013916846651741
128.64000000000001,-0.6013303670849636
128.66,-0.6012674902506722
128.68,-0.6012031294133096
128.70000000000002,-0.601137362916106
128.72,-0.6010702721544832
128.74,-0.601001941531728
128.76000000000002,-0.6009324584103278
128.78,-0.6008619130589288
128.8,-0.6007903985948846
128.82000000000002,-0.6007180109223657
128.84,-0.6006448486660039
128.86,-0.6005710131000529
128.88000000000002,-0.600496608073048
128.9,-0.600421739927955
128.92000000000002,-0.6003465174178014
128.94000000000003,-0.600271051616791
128.96,-0.6001954558269036
128.98000000000002,-0.6001198454799929
129.,-0.6000443380353947
129.02,-0.5999690528730685
129.04000000000002,-0.5998941111822976
129.06,-0.5998196358459812
129.08,-0.599745751320555
129.10000000000002,-0.5996725835115859
129.12,-0.5996002596450903
129.14000000000001,-0.5995289081346309
129.16,-0.5994586584442562
129.18,-0.5993896409473498
129.20000000000002,-0.5993219867814645
129.22,-0.5992558276992218
129.24,-0.5991912959153642
129.26000000000002,-0.5991285239500541
129.28,-0.5990676444685179
129.3,-0.5990087901171431
129.32000000000002,-0.5989520933561395
129.34,-0.5988976862888837
129.36,-0.5988457004880722
129.38000000000002,-0.5987962668188136
129.4,-0.5987495152587994
129.42000000000002,-0.5987055747156945
129.44000000000003,-0.5986645728419
129.46,-0.598626635846842
129.48000000000002,-0.5985918883069508
129.5,-0.5985604529734971
129.52,-0.5985324505784598
129.54000000000002,-0.5985079996386047
129.56,-0.5984872162579608
129.58,-0.5984702139288846
129.60000000000002,-0.5984571033319094
129.62,-0.598447992134582
129.64000000000001,-0.5984429847894942
129.66,-0.5984421823317223
129.68,-0.5984456821758916
129.70000000000002,-0.59845357791309
129.72,-0.5984659591078569
129.74,-0.5984829110954814
129.76000000000002,-0.5985045147798438
129.78,-0.5985308464320455
129.8,-0.5985619774900688
129.82000000000002,-0.5985979743597178
129.84,-0.5986388982170939
129.86,-0.5986848048128606
129.88000000000002,-0.5987357442785604
129.9,-0.598791760935245
129.92000000000002,-0.5988528931046869
129.94000000000003,-0.5989191729234398
129.96,-0.5989906261600213
129.98000000000002,-0.599067272035492
130.,-0.5991491230477053
130.02,-0.5992361847995084
130.04000000000002,-0.5993284558311732
130.06,-0.5994259274573384
130.08,-0.5995285836087442
130.10000000000002,-0.5996364006790443
130.12,-0.5997493473769775
130.14000000000001,-0.5998673845841824
130.16,-0.5999904652189406
130.18,-0.6001185341061298
130.20000000000002,-0.600251527853671
130.22,-0.6003893747357506
130.24,-0.6005319945830987
130.26000000000002,-0.6006792986806009
130.28,-0.6008311896725225
130.3,-0.6009875614756175
130.32000000000002,-0.6011482992003954
130.34,-0.6013132790808142
130.36,-0.6014823684126653
130.38000000000002,-0.6016554255009108
130.4,-0.6018322996162317
130.42000000000002,-0.6020128309610405
130.44000000000003,-0.6021968506452038
130.46,-0.6023841806717205
130.48000000000002,-0.6025746339325913
130.5,-0.6027680142151097
130.52,-0.6029641162188016
130.54000000000002,-0.6031627255832288
130.56,-0.6033636189268679
130.58,-0.6035665638972676
130.60000000000002,-0.60377131923268
130.62,-0.6039776348353502
130.64000000000001,-0.6041852518566437
130.66,-0.60439390279418
130.68,-0.6046033116011302
130.70000000000002,-0.6048131938078283
130.72,-0.6050232566558342
130.74,-0.6052331992445774
130.76000000000002,-0.605442712690696
130.78,-0.6056514803001787
130.8,-0.6058591777534008
130.82000000000002,-0.6060654733031383
130.84,-0.6062700279856258
130.86,-0.6064724958447165
130.88000000000002,-0.606672524169186
130.9,-0.6068697537432096
130.92000000000002,-0.6070638191100283
130.94000000000003,-0.6072543488488055
130.96,-0.607440965864661
130.98000000000002,-0.6076232876918556
131.,-0.6078009268100828
131.02,-0.6079734909738115
131.04000000000002,-0.6081405835546063
131.06,-0.6083018038963376
131.08,-0.6084567476831763
131.10000000000002,-0.6086050073202554
131.12,-0.6087461723268605
131.14000000000001,-0.608879829741998
131.16,-0.6090055645421725
131.18,-0.6091229600711883
131.20000000000002,-0.609231598481773
131.22,-0.6093310611888054
131.24,-0.6094209293339127
131.26000000000002,-0.6095007842611849
131.28,-0.6095702080037385
131.3,-0.6096287837808423
131.32000000000002,-0.6096760965053055
131.34,-0.6097117333008071
131.36,-0.6097352840288304
131.38000000000002,-0.6097463418248514
131.4,-0.6097445036434107
131.42000000000002,-0.6097293708116819
131.44000000000003,-0.6097005495911356
131.46,-0.6096576517468786
131.48000000000002,-0.609600295124233
131.5,-0.6095281042321042
131.52,-0.6094407108326695
131.54000000000002,-0.6093377545369035
131.56,-0.6092188834054424
131.58,-0.6090837545542704
131.60000000000002,-0.6089320347647005
131.62,-0.6087634010971021
131.64000000000001,-0.6085775415078184
131.66,-0.6083741554686958
131.68,-0.6081529545886392
131.70000000000002,-0.6079136632365891
131.72,-0.607656019165304
131.74,-0.6073797741353173
131.76000000000002,-0.6070846945384276
131.78,-0.6067705620200637
131.8,-0.606437174099858
131.82000000000002,-0.6060843447897454
131.84,-0.6057119052088984
131.86,-0.6053197041947909
131.88000000000002,-0.6049076089096792
131.9,-0.6044755054417729
131.92000000000002,-0.6040232994003601
131.94000000000003,-0.6035509165041443
131.96,-0.6030583031620337
131.98000000000002,-0.6025454270456244
132.,-0.602012277652603
132.02,-0.6014588668602892
132.04000000000002,-0.6008852294685324
132.06,-0.6002914237311682
132.08,-0.5996775318752338
132.10000000000002,-0.5990436606071378
132.12,-0.5983899416049727
132.14000000000001,-0.5977165319961546
132.16,-0.5970236148195696
132.18,-0.5963113994714057
132.20000000000002,-0.5955801221338434
132.22,-0.5948300461857766
132.24,-0.5940614625947361
132.26000000000002,-0.5932746902891842
132.28,-0.5924700765103522
132.3,-0.5916479971427901
132.32000000000002,-0.5908088570228024
132.34,-0.589953090223943
132.36,-0.589081160318749
132.38000000000002,-0.5881935606158936
132.4,-0.587290814371945
132.42000000000002,-0.5863734749769246
132.44000000000003,-0.5854421261128615
132.46,-0.5844973818845505
132.48000000000002,-0.5835398869217281
132.5,-0.5825703164518906
132.52,-0.581589376342988
132.54000000000002,-0.5805978031152397
132.56,-0.57959636392133
132.58,-0.5785858564942551
132.60000000000002,-0.5775671090621067
132.62,-0.5765409802290944
132.64000000000001,-0.5755083588221249
132.66,-0.5744701637022739
132.68,-0.5734273435405057
132.70000000000002,-0.5723808765570161
132.72,-0.5713317702235936
132.74,-0.5702810609284203
132.76000000000002,-0.5692298136027533
132.78,-0.5681791213089539
132.8,-0.5671301047893619
132.82000000000002,-0.5660839119755319
132.84,-0.5650417174573855
132.86,-0.5640047219118579
132.88000000000002,-0.5629741514906506
132.9,-0.5619512571667347
132.92000000000002,-0.5609373140392835
132.94000000000003,-0.5599336205967465
132.96,-0.558941497937815
132.98000000000002,-0.557962288950068
133.,-0.5569973574461234
133.02,-0.5560480872571628
133.04000000000002,-0.5551158812837382
133.06,-0.5542021605038127
133.08,-0.5533083629380298
133.10000000000002,-0.5524359425722546
133.12,-0.5515863682374729
133.14000000000001,-0.5507611224471848
133.16,-0.549961700192478
133.18,-0.5491896076950153
133.20000000000002,-0.548446361118222
133.22,-0.547733485237013
133.24,-0.5470525120664522
133.26000000000002,-0.5464049794497887
133.28,-0.5457924296063745
133.3,-0.5452164076400214
133.32000000000002,-0.544678460008413
133.34,-0.5441801329542463
133.36,-0.5437229708988373
133.38000000000002,-0.5433085147989818
133.4,-0.5429383004679277
133.42000000000002,-0.5426138568613716
133.44000000000003,-0.542336704329458
133.46,-0.5421083528358189
133.48000000000002,-0.5419303001447575
133.5,-0.5418040299777389
133.52,-0.5417310101404187
133.54000000000002,-0.5417126906214994
133.56,-0.5417505016647733
133.58,-0.5418458518157714
133.60000000000002,-0.5420001259445016
133.62,-0.5422146832458274
133.64000000000001,-0.5424908552190975
133.66,-0.5428299436287027
133.68,-0.5432332184473014
133.70000000000002,-0.5437019157835135
133.72,-0.5442372357959498
133.74,-0.5448403405955042
133.76000000000002,-0.5455123521378941
133.78,-0.5462543501085002
133.8,-0.5470673698016139
133.82000000000002,-0.547952399996256
133.84,-0.5489103808307956
133.86,-0.5499422016786456
133.88000000000002,-0.5510486990273729
133.9,-0.5522306543636117
133.92000000000002,-0.5534887920662228
133.94000000000003,-0.5548237773101884
133.96,-0.5562362139837863
133.98000000000002,-0.5577266426216307
134.,-0.5592955383562126
134.02,-0.5609433088906166
134.04000000000002,-0.5626702924951328
134.06,-0.5644767560305188
134.08,-0.5663628930007073
134.10000000000002,-0.5683288216377838
134.12,-0.5703745830220956
134.14000000000001,-0.5725001392403799
134.16,-0.5747053715848226
134.18,-0.5769900787959896
134.20000000000002,-0.5793539753525848
134.22,-0.5817966898110122
134.24,-0.5843177631977323
134.26000000000002,-0.5869166474574126
134.28,-0.5895927039598817
134.3,-0.5923452020689008
134.32000000000002,-0.5951733177757657
134.34,-0.5980761324007509
134.36,-0.6010526313654038
134.38000000000002,-0.6041017030386798
134.4,-0.6072221376599042
134.42000000000002,-0.610412626341522
134.44000000000003,-0.61367176015458
134.46,-0.6169980292998553
134.48000000000002,-0.6203898223675203
134.5,-0.623845425688195
134.52,-0.6273630227782026
134.54000000000002,-0.6309406938818007
134.56,-0.6345764156131156
134.58,-0.6382680607004533
134.60000000000002,-0.642013397835608
134.62,-0.6458100916307286
134.64000000000001,-0.6496557026852389
134.66,-0.653547687765238
134.68,-0.6574834000977364
134.70000000000002,-0.6614600897820033
134.72,-0.6654749043202189
134.74,-0.66952488926954
134.76000000000002,-0.6736069890175931
134.78,-0.6777180476833164
134.8,-0.6818548101449697
134.82000000000002,-0.6860139231970245
134.84,-0.6901919368375419
134.86,-0.6943853056875271
134.88000000000002,-0.6985903905436319
134.9,-0.7028034600654557
134.92000000000002,-0.7070206925985647
134.94000000000003,-0.7112381781342201
134.96,-0.7154519204066678
134.98000000000002,-0.7196578391287034
135.,-0.7238517723660798
135.02,-0.7280294790511781
135.04000000000002,-0.7321866416362081
135.06,-0.7363188688860481
135.08,-0.7404216988106745
135.10000000000002,-0.7444906017369648
135.12,-0.7485209835194919
135.14000000000001,-0.7525081888897548
135.16,-0.756447504943115
135.18,-0.7603341647625308
135.20000000000002,-0.7641633511779995
135.22,-0.7679302006604318
135.24,-0.7716298073484972
135.26000000000002,-0.7752572272067859
135.28,-0.7788074823134434
135.3,-0.7822755652752336
135.32000000000002,-0.7856564437677945
135.34,-0.7889450651986459
135.36,-0.7921363614903083
135.38000000000002,-0.7952252539806911
135.4,-0.7982066584377008
135.42000000000002,-0.8010754901848138
135.44000000000003,-0.8038266693341554
135.46,-0.8064551261234122
135.48000000000002,-0.8089558063527035
135.5,-0.8113236769173244
135.52,-0.8135537314320663
135.54000000000002,-0.8156409959426119
135.56,-0.8175805347192943
135.58,-0.8193674561283018
135.60000000000002,-0.8209969185752055
135.62,-0.8224641365154819
135.64000000000001,-0.8237643865264968
135.66,-0.8248930134352234
135.68,-0.82584543649576
135.70000000000002,-0.8266171556105252
135.72,-0.8272037575888082
135.74,-0.827600922436169
135.76000000000002,-0.8278044296679955
135.78,-0.8278101646403393
135.8,-0.8276141248909803
135.82000000000002,-0.8272124264834966
135.84,-0.8266013103469458
135.86,-0.8257771486036061
135.88000000000002,-0.8247364508770698
135.9,-0.8234758705728308
135.92000000000002,-0.8219922111233651
135.94000000000003,-0.8202824321895736
135.96,-0.8183436558103209
135.98000000000002,-0.8161731724916883
136.,-0.8137684472274533
136.02,-0.8111271254421925
136.04000000000002,-0.8082470388483262
136.06,-0.8051262112083307
136.08,-0.8017628639932708
136.10000000000002,-0.7981554219287489
136.12,-0.7943025184193089
136.14000000000001,-0.7902030008422921
136.16,-0.7858559357021204
136.18,-0.7812606136359546
136.20000000000002,-0.7764165542616821
136.22,-0.7713235108591882
136.24,-0.7659814748758892
136.26000000000002,-0.7603906802475465
136.28,-0.7545516075254196
136.3,-0.7484649878008868
136.32000000000002,-0.7421318064187418
136.34,-0.73555330647046
136.36,-0.7287309920588416
136.38000000000002,-0.7216666313255651
136.4,-0.7143622592333165
136.42000000000002,-0.7068201800943213
136.44000000000003,-0.6990429698372778
136.46,-0.6910334780048744
136.48000000000002,-0.6827948294742823
136.5,-0.6743304258932364
136.52,-0.6656439468245522
136.54000000000002,-0.6567393505921864
136.56,-0.6476208748222196
136.58,-0.6382930366724263
136.60000000000002,-0.6287606327444095
136.62,-0.6190287386725969
136.64000000000001,-0.6091027083847348
136.66,-0.5989881730288805
136.68,-0.5886910395622577
136.70000000000002,-0.5782174889977401
136.72,-0.5675739743041278
136.74,-0.5567672179568068
136.76000000000002,-0.5458042091358223
136.78,-0.5346922005688457
136.8,-0.5234387050169887
136.82000000000002,-0.5120514914018979
136.84,-0.5005385805730613
136.86,-0.4889082407147697
136.88000000000002,-0.47716898239269734
136.9,-0.4653295532406046
136.92000000000002,-0.4533989322882083
136.94000000000003,-0.4413863239318288
136.96,-0.42930115154998455
136.98000000000002,-0.41715305076668646
137.,-0.40495186236576763
137.02,-0.392707624860176
137.04000000000002,-0.3804305667207574
137.06,-0.3681310982696599
137.08,-0.35581980324409845
137.10000000000002,-0.3435074300368313
137.12,-0.33120488262031156
137.14000000000001,-0.31892321116209255
137.16,-0.3066736023396787
137.18,-0.2944673693636263
137.20000000000002,-0.2823159417183055
137.22,-0.27023085463034213
137.24,-0.2582237382753538
137.26000000000002,-0.2463063067341871
137.28,-0.2344903467104467
137.3,-0.22278770602167783
137.32000000000002,-0.2112102818771252
137.34,-0.19977000895554073
137.36,-0.18847884729704492
137.38000000000002,-0.17734877002356284
137.4,-0.16639175090285835
137.42000000000002,-0.15561975177166987
137.44000000000003,-0.1450447098339083
137.46,-0.13467852485032103
137.48000000000002,-0.12453304623643742
137.5,-0.11462006008599836
137.52,-0.10495127613744298
137.54000000000002,-0.09553831470135132
137.56,-0.08639269356705498
137.58,-0.07752581490690193
137.60000000000002,-0.0689489521968999
137.62,-0.06067323717267978
137.64000000000001,-0.052709646839895194
137.66,-0.04506899055830846
137.68,-0.03776189721892892
137.70000000000002,-0.030798802533622837
137.72,-0.024189936456654283
137.74,-0.01794531075759887
137.76000000000002,-0.012074706765018135
137.78,-0.006587663300199495
137.8,-0.001493464820127354
137.82000000000002,0.0031988702113273718
137.84,0.007480600705219193
137.86,0.01134327406382774
137.88000000000002,0.014778737013237125
137.9,0.017779146134321074
137.92000000000002,0.020336978074654777
137.94000000000003,0.022445039424307856
137.96,0.024096476238933698
137.98000000000002,0.025284783194092064
138.,0.026003812355301144
138.02,0.026247781548895167
138.04000000000002,0.026011282319419377
138.06,0.025289287459952833
138.08,0.02407715810246553
138.10000000000002,0.022370650356074454
138.12,0.020165921481835387
138.14000000000001,0.017459535593529522
138.16,0.014248468874765344
138.18,0.01053011430358037
138.20000000000002,0.0063022858766600695
138.22,0.0015632223262121332
138.24,-0.003688409676490625
138.26000000000002,-0.009453512835892748
138.28,-0.015732557069260925
138.3,-0.022525577869068968
138.32000000000002,-0.029832175192570424
138.34,-0.03765151287941801
138.36,-0.045982318597106095
138.38000000000002,-0.05482288431292523
138.4,-0.06417106729004034
138.42000000000002,-0.07402429160419965
138.44000000000003,-0.08437955017648067
138.46,-0.0952334073163962
138.48000000000002,-0.10658200176858165
138.5,-0.11842105025519407
138.52,-0.13074585150509338
138.54000000000002,-0.14355129075978915
138.56,-0.15683184474510312
138.58,-0.17058158709646037
138.60000000000002,-0.1847941942247013
138.62,-0.19946295160833077
138.64000000000001,-0.21458076049715372
138.66,-0.2301401450113053
138.68,-0.24613325961879862
138.70000000000002,-0.2625518969738279
138.72,-0.27938749609725344
138.74,-0.2966311508798956
138.76000000000002,-0.31427361888851885
138.78,-0.33230533045369653
138.8,-0.3507163980180892
138.82000000000002,-0.3694966257230661
138.84,-0.388635519211065
138.86,-0.40812229562058655
138.88000000000002,-0.42794589375028885
138.9,-0.4480949843682863
138.92000000000002,-0.46855798064244625
138.94000000000003,-0.4893230486672351
138.96,-0.5103781180625053
138.98000000000002,-0.5317108926195087
139.,-0.5533088609693939
139.02,-0.5751593072495078
139.04000000000002,-0.5972493217429319
139.06,-0.6195658114669065
139.08,-0.6420955106860797
139.10000000000002,-0.664824991326887
139.12,-0.6877406732698326
139.14000000000001,-0.7108288344969879
139.16,-0.7340756210726517
139.18,-0.7574670569358487
139.20000000000002,-0.7809890534841529
139.22,-0.8046274189292348
139.24,-0.8283678674055324
139.26000000000002,-0.8521960278145394
139.28,-0.8760974523884001
139.3,-0.9000576249577797
139.32000000000002,-0.9240619689103643
139.34,-0.9480958548278148
139.36,-0.9721446077905714
139.38000000000002,-0.9961935143415607
139.4,-1.0202278291016107
139.42000000000002,-1.044232781031221
139.44000000000003,-1.0681935793352557
139.46,-1.0920954190091394
139.48000000000002,-1.1159234860272256
139.5,-1.1396629621761676
139.52,-1.1632990295383578
139.54000000000002,-1.1868168746328025
139.56,-1.210201692223153
139.58,-1.2334386888050286
139.60000000000002,-1.2565130857872164
139.62,-1.2794101223838286
139.64000000000001,-1.3021150582370065
139.66,-1.3246131757923014
139.68,-1.3468897824513923
139.70000000000002,-1.3689302125293394
139.72,-1.3907198290460792
139.74,-1.4122440253843471
139.76000000000002,-1.4334882268486548
139.78,-1.4544378921623071
139.8,-1.4750785149417487
139.82000000000002,-1.495395625189726
139.84,-1.5153747908508366
139.86,-1.5350016194749974
139.88000000000002,-1.5542617600361783
139.9,-1.5731409049553862
139.92000000000002,-1.5916247923783458
139.94000000000003,-1.6096992087595838
139.96,-1.6273499918056413
139.98000000000002,-1.6445630338309312
140.,-1.6613242855802848
140.02,-1.6776197605724552
140.04000000000002,-1.6934355400188028
140.06,-1.708757778370992
140.08,-1.7235727095508122
140.10000000000002,-1.7378666539141787
140.12,-1.7516260259999126
140.14000000000001,-1.7648373431120865
140.16,-1.7774872347825175
140.18,-1.7895624531573493
140.20000000000002,-1.801049884348662
140.22,-1.8119365607885725
140.24,-1.8222096746194303
140.26000000000002,-1.8318565921494219
140.28,-1.8408648693981604
140.3,-1.8492222687517155
140.32000000000002,-1.8569167767409887
140.34,-1.8639366229513827
140.36,-1.870270300065385
140.38000000000002,-1.8759065850329895
140.4,-1.880834561357813
140.42000000000002,-1.885043642479403
140.44000000000003,-1.8885235962245632
140.46,-1.8912645702925805
140.48000000000002,-1.8932571187310847
140.5,-1.8944922293509305
140.52,-1.8949613520199724
140.54000000000002,-1.8946564277670352
140.56,-1.8935699186187167
140.58,-1.8916948380830076
140.60000000000002,-1.8890247821851445
140.62,-1.8855539609526042
140.64000000000001,-1.8812772302378482
140.66,-1.876190123759361
140.68,-1.8702888852337178
140.70000000000002,-1.8635705004640255
140.72,-1.8560327292430505
140.74,-1.8476741369228527
140.76000000000002,-1.8384941254967875
140.78,-1.8284929640343717
140.8,-1.8176718183048568
140.82000000000002,-1.806032779421423
140.84,-1.7935788913347517
140.86,-1.7803141770024586
140.88000000000002,-1.7662436630594864
140.9,-1.7513734028140895
140.92000000000002,-1.7357104973946096
140.94000000000003,-1.7192631148738111
140.96,-1.702040507200157
140.98000000000002,-1.6840530247691288
141.,-1.6653121284725105
141.02,-1.6458303990694505
141.04000000000002,-1.6256215437301873
141.06,-1.6047003996114457
141.08,-1.5830829343317676
141.10000000000002,-1.5607862432253805
141.12,-1.5378285432645713
141.14000000000001,-1.514229163552934
141.16,-1.4900085323052394
141.18,-1.4651881602439358
141.20000000000002,-1.4397906203574495
141.22,-1.4138395239813666
141.24,-1.3873594931802127
141.26000000000002,-1.360376129424818
141.28,-1.3329159785780258
141.3,-1.3050064922197429
141.32000000000002,-1.2766759853608884
141.34,-1.247953590614566
141.36,-1.2188692089116806
141.38000000000002,-1.1894534568671047
141.4,-1.1597376109212396
141.42000000000002,-1.1297535484003294
141.44000000000003,-1.0995336856570106
141.46,-1.0691109134702104
141.48000000000002,-1.0385185299005193
141.5,-1.0077901708134396
141.52,-0.9769597382983172
141.54000000000002,-0.9460613272252113
141.56,-0.9151291501953088
141.58,-0.8841974611526593
141.60000000000002,-0.8533004779358939
141.62,-0.8224723040580941
141.64000000000001,-0.7917468500110294
141.66,-0.7611577543964992
141.68,-0.730738305192439
141.70000000000002,-0.7005213614647207
141.72,-0.670539275837168
141.74,-0.6408238180321658
141.76000000000002,-0.6114060997923614
141.78,-0.5823165014903374
141.8,-0.5535846007277629
141.82000000000002,-0.5252391032184305
141.84,-0.49730777624081096
141.86,-0.46981738493530734
141.88000000000002,-0.4427936317093455
141.9,-0.41626109899987856
141.92000000000002,-0.39024319562784426
141.94000000000003,-0.364762106962713
141.96,-0.3398387490976114
141.98000000000002,-0.31549272721666566
142.,-0.29174229831632814
142.02,-0.2686043384216692
142.04000000000002,-0.24609431441699778
142.06,-0.22422626058794487
142.08,-0.20301275994937287
142.1,-0.18246493041032386
142.12,-0.16259241580388184
142.14000000000001,-0.14340338178635917
142.16,-0.1249045165868758
142.18,-0.10710103656524161
142.20000000000002,-0.089996696513266
142.22,-0.07359380461236391
142.24,-0.05789324193868674
142.26000000000002,-0.042894486386151565
142.28,-0.02859564085781329
142.3,-0.014993465557087443
142.32000000000002,-0.002083414192534794
142.34,0.010140326106620395
142.36,0.02168479138231085
142.38000000000002,0.03255819417868674
142.4,0.04276987385664596
142.42000000000002,0.052330244146886216
142.44000000000003,0.06125073820575968
142.46,0.06954375144579893
142.48000000000002,0.07722258241875518
142.50000000000003,0.08430137203329877
142.52,0.09079504139216484
142.54000000000002,0.09671922853454433
142.56,0.10209022436890988
142.58,0.10692490807924575
142.6,0.11124068228393517
142.62,0.1150554082213057
142.64000000000001,0.11838734122920715
142.66,0.1212550667779806
142.68,0.12367743730692375
142.70000000000002,0.12567351010391856
142.72,0.12726248645634958
142.74,0.12846365228894113
142.76000000000002,0.12929632049075512
142.78,0.12977977511942326
142.8,0.1299332176558767
142.82000000000002,0.1297757154674734
142.84,0.12932615262161679
142.86,0.12860318317584782
142.88000000000002,0.12762518705406917
142.9,0.12641022860212986
142.92000000000002,0.12497601789959355
142.94000000000003,0.1233398748882183
142.96,0.12151869636158945
142.98000000000002,0.11952892584458233
143.00000000000003,0.11738652637596471
143.02,0.11510695619256095
143.04000000000002,0.11270514729908465
143.06,0.11019548689406143
143.08,0.1075918016092724
143.1,0.10490734450792179
143.12,0.10215478477529889
143.14000000000001,0.0993462000251246
143.16,0.09649307113506592
143.18,0.09360627951610379
143.20000000000002,0.0906961067125646
143.22,0.08777223622268387
143.24,0.08484375742357068
143.26000000000002,0.08191917147937627
143.28,0.07900639910733226
143.3,0.07611279007309803
143.32000000000002,0.0732451342845202
143.34,0.07040967435143473
143.36,0.06761211947850068
143.38000000000002,0.06485766055820834
143.4,0.06215098633211475
143.42000000000002,0.05949630048998017
143.44000000000003,0.05689733957876475
143.46,0.05435739159634836
143.48000000000002,0.05187931514830332
143.50000000000003,0.049465559050029924
143.52,0.04711818226100626
143.54000000000002,0.044838874042749284
143.56,0.04262897423728152
143.58,0.040489493568397414
143.6,0.03842113387376363
143.62,0.03642430818182896
143.64000000000001,0.03449916055359987
143.66,0.03264558561552051
143.68,0.030863247715925766
143.70000000000002,0.029151599643774263
143.72,0.027509900854574845
143.74,0.025937235154552027
143.76000000000002,0.024432527800120948
143.78,0.022994561975629945
143.8,0.021621994618043986
143.82000000000002,0.020313371562762455
143.84,0.019067141990068266
143.86,0.017881672156766636
143.88000000000002,0.01675525840237798
143.9,0.01568613942378699
143.92000000000002,0.014672507816503397
143.94000000000003,0.01371252088465417
143.96,0.012804310725497155
143.98000000000002,0.011945993597615175
144.00000000000003,0.01113567858501948
144.02,0.010371475572164795
144.04000000000002,0.009651502547354366
144.06,0.008973892254200947
144.08,0.008336798212716533
144.1,0.007738400133233451
144.12,0.007176908747729323
144.14000000000001,0.006650570084242064
144.16,0.0061576692109374664
144.18,0.005696533477038549
144.20000000000002,0.005265535278259142
144.22,0.0048630943746188204
144.24,0.00448767978856398
144.26000000000002,0.004137811311197531
144.28,0.00381206064414214
144.3,0.0035090522041419884
144.32000000000002,0.003227463616961708
144.34,0.0029660259264830823
144.36,0.002723523544142326
144.38000000000002,0.0024987939630082413
144.4,0.0022907272598873267
144.42000000000002,0.00209826540786698
144.44000000000003,0.0019204014206851269
144.46,0.001756178349255241
144.48000000000002,0.001604688149588897
144.50000000000003,0.0014650704402543924
144.52,0.0013365111663986467
144.54000000000002,0.001218241186247698
144.56,0.001109534794896943
144.58,0.0010097081991127061
144.6,0.0009181179557965322
144.62,0.0008341593857198082
144.64000000000001,0.0007572649731217715
144.66,0.0006869027607841618
144.68,0.0006225747492528361
144.70000000000002,0.0005638153079739717
144.72,0.0005101896052522343
144.74,0.00046129206312166905
144.76000000000002,0.00041674484244863666
144.78,0.0003761963628606139
144.8,0.0003393198614150516
144.82000000000002,0.00030581199328896667
144.84,0.0002753914771821745
144.86,0.00024779778758404183
144.88000000000002,0.0002227898955546564
144.9,0.00020014505921518087
144.92000000000002,0.00017965766472728716
144.94000000000003,0.0001611381181665903
144.96,0.0001444117883582463
144.98000000000002,0.00012931800044238868
145.00000000000003,0.00011570907967112542
145.02,0.00010344944470548536
145.04000000000002,0.00009241474947789348
145.06,0.00008249107251160406
145.08,0.00007357415244106342
145.1,0.00006556866835431012
145.12,0.00005838756347852367
145.14000000000001,0.00005195141065061993
145.16,0.00004618781795470549
145.18,0.00004103087286534571
145.20000000000002,0.000036420623208350296
145.22,0.00003230259323751664
145.24,0.00002862733312490967
145.26000000000002,0.000025350000172386946
145.28,0.00002242997007183176
145.3,0.00001983047656962211
145.32000000000002,0.000017518277926078582
145.34,0.000015463348601895554
145.36,0.000013638594649824624
145.38000000000002,0.00001201959134023553
145.4,0.000010584341602775645
145.42000000000002,9.313053922393777e-6
145.44000000000003,8.187938385805997e-6
145.46,7.19301963343561e-6
145.48000000000002,6.313965531386975e-6
145.50000000000003,5.537930437633396e-6
145.52,4.8534119958819565e-6
145.54000000000002,4.25012044913953e-6
145.56,3.7188595225312358e-6
145.58,3.2514179811431674e-6
145.6,2.840471023338241e-6
145.62,2.4794907229541756e-6
145.64000000000001,2.162664784873377e-6
145.66,1.884822927551366e-6
145.68,1.6413702531095784e-6
145.70000000000002,1.4282270104864579e-6
145.72,1.2417741998632738e-6
145.74,1.0788045071225022e-6
145.76000000000002,9.364780954648302e-7
145.78,8.122828175273202e-7
145.8,7.039984454433602e-7
145.82000000000002,6.096645483131312e-7
145.84,5.275516765677061e-7
145.86,4.561355407734565e-7
145.88000000000002,3.9407389860774586e-7
145.9,3.401858881170123e-7
145.92000000000002,2.934335680221685e-7
145.94000000000003,2.529054468455759e-7
145.96,2.178018020810492e-7
145.98000000000002,1.874216085957494e-7
146.00000000000003,1.611509120235596e-7
146.02,1.3845249816525915e-7
146.04000000000002,1.1885672343135562e-7
146.06,1.0195338422741309e-7
146.08,8.738451496508379e-8
146.1,7.483801515778965e-8
146.12,6.404201589910428e-8
146.14000000000001,5.475990499131151e-8
146.16,4.678593815607635e-8
146.18,3.994137117942107e-8
146.20000000000002,3.407105457723046e-8
146.22,2.9040438469837428e-8
146.24,2.4732940876073023e-8
146.26000000000002,2.104763762669875e-8
146.28,1.7897236599361927e-8
146.3,1.5206303034046137e-8
146.32000000000002,1.2909706338538036e-8
146.34,1.0951262073946852e-8
146.36,9.282545754330707e-9
146.38000000000002,7.861857733059344e-9
146.4,6.6533208102725656e-9
146.42000000000002,5.626094306968527e-9
146.44000000000003,4.753690236057755e-9
146.46,4.013378881283539e-9
146.48000000000002,3.3856725914707165e-9
146.50000000000003,2.8538779286195528e-9
146.52,2.4037074907490327e-9
146.54000000000002,2.022943779423824e-9
146.56,1.7011484114878345e-9
146.58,1.4294107972803139e-9
146.6,1.2001311349269375e-9
146.62,1.0068332124943073e-9
146.64000000000001,8.440030761547846e-10
146.66,7.069501214074029e-10
146.68,5.916876033574615e-10
146.70000000000002,4.948299478303334e-10
146.72,4.1350458373764807e-10
146.74,3.4527631404297746e-10
146.76000000000002,2.8808250273325954e-10
146.78,2.4017758271215417e-10
146.8,2.0008558834167255e-10
146.82000000000002,1.6655958989586034e-10
146.84,1.3854705849927122e-10
146.86,1.1516032190424458e-10
146.88000000000002,9.565138610901975e-11
146.9,7.939049745175786e-11
146.92000000000002,6.584790630536179e-11
146.94000000000003,5.457836849723814e-11
146.96,4.520798554314165e-11
146.98000000000002,3.742304099678397e-11
147.00000000000003,3.0960538804253404e-11
147.02,2.5600191504035357e-11
147.04000000000002,2.115764229720358e-11
147.06,1.7478736188302598e-11
147.08,1.4434682230341359e-11
147.1,1.1917971977855071e-11
147.12,9.838939067091269e-12
147.14000000000001,8.122861843551047e-12
147.16,6.707525528921367e-12
147.18,5.541172896019298e-12
147.20000000000002,4.5807830920183985e-12
147.22,3.7906273686676506e-12
147.24,3.141058261507457e-12
147.26000000000002,2.60749539696152e-12
147.28,2.1695767597330125e-12
147.3,1.8104490639503377e-12
147.32000000000002,1.5161749614176239e-12
147.34,1.2752382937024803e-12
147.36,1.0781315416036164e-12
147.38000000000002,9.170121231079917e-13
147.4,7.854163056394444e-13
147.42000000000002,6.780212871224376e-13
147.44000000000003,5.904475118791298e-13
147.46,5.190945633431636e-13
147.48000000000002,4.61005051642264e-13
147.50000000000003,4.137518206951993e-13
147.52,3.7534456252524885e-13
147.54000000000002,3.4415256810511787e-13
147.56,3.188408830170874e-13
147.58,2.983175885146151e-13
147.6,2.816903077721731e-13
147.62,2.682303547148238e-13
147.64000000000001,2.573432085736694e-13
147.66,2.4854421946749535e-13
147.68,2.4143863583751934e-13
147.70000000000002,2.3570519935064986e-13
147.72,2.3108268190514865e-13
147.74,2.2735884680777264e-13
147.76000000000002,2.2436140556813473e-13
147.78,2.2195061603826278e-13
147.8,2.2001322930322862e-13
147.82000000000002,2.1845754389212013e-13
147.84,2.1720936827950125e-13
147.86,2.1620872775308517e-13
147.88000000000002,2.1540718076123004e-13
147.9,2.1476563385001484e-13
147.92000000000002,2.142525641106398e-13
147.94000000000003,2.1384257439820664e-13
147.96,2.13515220047866e-13
147.98000000000002,2.132540568993832e-13
148.00000000000003,2.1304586955841945e-13
148.02,2.1288004631453349e-13
148.04000000000002,2.1274807328611936e-13
148.06,2.1264312540669895e-13
148.08,2.1255973600020786e-13
148.1,2.12493530076508e-13
148.12,2.1244100924570618e-13
148.14000000000001,2.1239937841108093e-13
148.16,2.1236640624636693e-13
148.18,2.1234031296868525e-13
148.20000000000002,2.123196801451711e-13
148.22,2.1230337827003474e-13
148.24,2.1229050866104636e-13
148.26000000000002,2.1228035688445473e-13
148.28,2.1227235545316823e-13
148.3,2.122660539776179e-13
148.32000000000002,2.1226109530088395e-13
148.34,2.1225719643477211e-13
148.36,2.1225413334413082e-13
148.38000000000002,2.1225172881305212e-13
148.4,2.1224984277705182e-13
148.42000000000002,2.1224836462668233e-13
148.44000000000003,2.12247207085833e-13
148.46,2.122463013467153e-13
148.48000000000002,2.1224559320687435e-13
148.50000000000003,2.1224504000447408e-13
148.52,2.1224460818898e-13
148.54000000000002,2.1224427139715434e-13
148.56,2.122440089305611e-13
148.58,2.122438045518228e-13
148.6,2.1224364553370942e-13
148.62,2.1224352190859732e-13
148.64000000000001,2.1224342587658385e-13
148.66,2.1224335133911843e-13
148.68,2.1224329353184679e-13
148.70000000000002,2.1224324873580884e-13
148.72,2.1224321405046287e-13
148.74,2.1224318721545248e-13
148.76000000000002,2.1224316647076822e-13
148.78,2.1224315044712632e-13
148.8,2.1224313808010855e-13
148.82000000000002,2.1224312854296963e-13
148.84,2.122431211940988e-13
148.86,2.122431155359741e-13
148.88000000000002,2.1224311118312285e-13
148.9,2.1224310783713345e-13
148.92000000000002,2.122431052671831e-13
148.94000000000003,2.122431032948768e-13
148.96,2.1224310178245319e-13
148.98000000000002,2.122431006236171e-13
149.00000000000003,2.1224309973642007e-13
149.02,2.1224309905773603e-13
149.04000000000002,2.1224309853897814e-13
149.06,2.1224309814278102e-13
149.08,2.1224309784043275e-13
149.1,2.122430976098891e-13
149.12,2.1224309743423898e-13
149.14000000000001,2.122430973005199e-13
149.16,2.1224309719880426e-13
149.18,2.1224309712149493e-13
149.20000000000002,2.122430970627831e-13
149.22,2.1224309701823095e-13
149.24,2.1224309698445079e-13
149.26000000000002,2.1224309695885877e-13
149.28,2.122430969394858e-13
149.3,2.122430969248324e-13
149.32000000000002,2.1224309691375774e-13
149.34,2.1224309690539455e-13
149.36,2.1224309689908407e-13
149.38000000000002,2.122430968943263e-13
149.4,2.1224309689074209e-13
149.42000000000002,2.1224309688804413e-13
149.44000000000003,2.1224309688601493e-13
149.46,2.1224309688448994e-13
149.48000000000002,2.1224309688334482e-13
149.50000000000003,2.1224309688248563e-13
149.52,2.122430968818415e-13
149.54000000000002,2.1224309688135896e-13
149.56,2.122430968809978e-13
149.58,2.122430968807277e-13
149.6,2.1224309688052585e-13
149.62,2.1224309688037512e-13
149.64000000000001,2.1224309688026266e-13
149.66,2.1224309688017882e-13
149.68,2.1224309688011637e-13
149.70000000000002,2.122430968800699e-13
149.72,2.1224309688003534e-13
149.74,2.1224309688000967e-13
149.76000000000002,2.122430968799906e-13
149.78,2.1224309687997647e-13
149.8,2.12243096879966e-13
149.82000000000002,2.1224309687995822e-13
149.84,2.1224309687995246e-13
149.86,2.1224309687994822e-13
149.88000000000002,2.122430968799451e-13
149.9,2.1224309687994277e-13
149.92000000000002,2.1224309687994105e-13
149.94000000000003,2.122430968799398e-13
149.96,2.1224309687993886e-13
149.98000000000002,2.1224309687993818e-13
150.00000000000003,2.1224309687993767e-13
150.02,2.122430968799373e-13
150.04000000000002,2.1224309687993702e-13
150.06,2.1224309687993681e-13
150.08,2.1224309687993666e-13
150.1,2.1224309687993656e-13
150.12,2.1224309687993648e-13
150.14000000000001,2.1224309687993643e-13
150.16,2.1224309687993638e-13
150.18,2.1224309687993636e-13
150.20000000000002,2.1224309687993633e-13
150.22,2.122430968799363e-13
150.24,2.122430968799363e-13
150.26000000000002,2.122430968799363e-13
150.28,2.122430968799363e-13
150.3,2.122430968799363e-13
150.32000000000002,2.122430968799363e-13
150.34,2.122430968799363e-13
150.36,2.122430968799363e-13
150.38000000000002,2.122430968799363e-13
150.4,2.122430968799363e-13
150.42000000000002,2.122430968799363e-13
150.44000000000003,2.122430968799363e-13
150.46,2.122430968799363e-13
150.48000000000002,2.122430968799363e-13
150.50000000000003,2.122430968799363e-13
150.52,2.122430968799363e-13
150.54000000000002,2.122430968799363e-13
150.56,2.122430968799363e-13
150.58,2.122430968799363e-13
150.6,2.122430968799363e-13
150.62,2.122430968799363e-13
150.64000000000001,2.122430968799363e-13
150.66,2.122430968799363e-13
150.68,2.122430968799363e-13
150.70000000000002,2.122430968799363e-13
150.72,2.122430968799363e-13
150.74,2.122430968799363e-13
150.76000000000002,2.122430968799363e-13
150.78,2.122430968799363e-13
150.8,2.122430968799363e-13
150.82000000000002,2.122430968799363e-13
150.84,2.122430968799363e-13
150.86,2.122430968799363e-13
150.88000000000002,2.122430968799363e-13
150.9,2.122430968799363e-13
150.92000000000002,2.122430968799363e-13
150.94000000000003,2.122430968799363e-13
150.96,2.122430968799363e-13
150.98000000000002,2.122430968799363e-13
151.00000000000003,2.122430968799363e-13
151.02,2.122430968799363e-13
151.04000000000002,2.122430968799363e-13
151.06,2.122430968799363e-13
151.08,2.122430968799363e-13
151.1,2.122430968799363e-13
151.12,2.122430968799363e-13
151.14000000000001,2.122430968799363e-13
151.16,2.122430968799363e-13
151.18,2.122430968799363e-13
151.20000000000002,2.122430968799363e-13
151.22,2.122430968799363e-13
151.24,2.122430968799363e-13
151.26000000000002,2.122430968799363e-13
151.28,2.122430968799363e-13
151.3,2.122430968799363e-13
151.32000000000002,2.122430968799363e-13
151.34,2.122430968799363e-13
151.36,2.122430968799363e-13
151.38000000000002,2.122430968799363e-13
151.4,2.122430968799363e-13
151.42000000000002,2.122430968799363e-13
151.44000000000003,2.122430968799363e-13
151.46,2.122430968799363e-13
151.48000000000002,2.122430968799363e-13
151.50000000000003,2.122430968799363e-13
151.52,2.122430968799363e-13
151.54000000000002,2.122430968799363e-13
151.56,2.122430968799363e-13
151.58,2.122430968799363e-13
151.6,2.122430968799363e-13
151.62,2.122430968799363e-13
151.64000000000001,2.122430968799363e-13
151.66,2.122430968799363e-13
151.68,2.122430968799363e-13
151.70000000000002,2.122430968799363e-13
151.72,2.122430968799363e-13
151.74,2.122430968799363e-13
151.76000000000002,2.122430968799363e-13
151.78,2.122430968799363e-13
151.8,2.122430968799363e-13
151.82000000000002,2.122430968799363e-13
151.84,2.122430968799363e-13
151.86,2.122430968799363e-13
151.88000000000002,2.122430968799363e-13
151.9,2.122430968799363e-13
151.92000000000002,2.122430968799363e-13
151.94000000000003,2.122430968799363e-13
151.96,2.122430968799363e-13
151.98000000000002,2.122430968799363e-13
152.00000000000003,2.122430968799363e-13
152.02,2.122430968799363e-13
152.04000000000002,2.122430968799363e-13
152.06,2.122430968799363e-13
152.08,2.122430968799363e-13
152.1,2.122430968799363e-13
152.12,2.122430968799363e-13
152.14000000000001,2.122430968799363e-13
152.16,2.122430968799363e-13
152.18,2.122430968799363e-13
152.20000000000002,2.122430968799363e-13
152.22,2.122430968799363e-13
152.24,2.122430968799363e-13
152.26000000000002,2.122430968799363e-13
152.28,2.122430968799363e-13
152.3,2.122430968799363e-13
152.32000000000002,2.122430968799363e-13
152.34,2.122430968799363e-13
152.36,2.122430968799363e-13
152.38000000000002,2.122430968799363e-13
152.4,2.122430968799363e-13
152.42000000000002,2.122430968799363e-13
152.44000000000003,2.122430968799363e-13
152.46,2.122430968799363e-13
152.48000000000002,2.122430968799363e-13
152.50000000000003,2.122430968799363e-13
152.52,2.122430968799363e-13
152.54000000000002,2.122430968799363e-13
152.56,2.122430968799363e-13
152.58,2.122430968799363e-13
152.6,2.122430968799363e-13
152.62,2.122430968799363e-13
152.64000000000001,2.122430968799363e-13
152.66,2.122430968799363e-13
152.68,2.122430968799363e-13
152.70000000000002,2.122430968799363e-13
152.72,2.122430968799363e-13
152.74,2.122430968799363e-13
152.76000000000002,2.122430968799363e-13
152.78,2.122430968799363e-13
152.8,2.122430968799363e-13
152.82000000000002,2.122430968799363e-13
152.84,2.122430968799363e-13
152.86,2.122430968799363e-13
152.88000000000002,2.122430968799363e-13
152.9,2.122430968799363e-13
152.92000000000002,2.122430968799363e-13
152.94000000000003,2.122430968799363e-13
152.96,2.122430968799363e-13
152.98000000000002,2.122430968799363e-13
153.00000000000003,2.122430968799363e-13
153.02,2.122430968799363e-13
153.04000000000002,2.122430968799363e-13
153.06,2.122430968799363e-13
153.08,2.122430968799363e-13
153.1,2.122430968799363e-13
153.12,2.122430968799363e-13
153.14000000000001,2.122430968799363e-13
153.16,2.122430968799363e-13
153.18,2.122430968799363e-13
153.20000000000002,2.122430968799363e-13
153.22,2.122430968799363e-13
153.24,2.122430968799363e-13
153.26000000000002,2.122430968799363e-13
153.28,2.122430968799363e-13
153.3,2.122430968799363e-13
153.32000000000002,2.122430968799363e-13
153.34,2.122430968799363e-13
153.36,2.122430968799363e-13
153.38000000000002,2.122430968799363e-13
153.4,2.122430968799363e-13
153.42000000000002,2.122430968799363e-13
153.44000000000003,2.122430968799363e-13
153.46,2.122430968799363e-13
153.48000000000002,2.122430968799363e-13
153.50000000000003,2.122430968799363e-13
153.52,2.122430968799363e-13
153.54000000000002,2.122430968799363e-13
153.56,2.122430968799363e-13
153.58,2.122430968799363e-13
153.6,2.122430968799363e-13
153.62,2.122430968799363e-13
153.64000000000001,2.122430968799363e-13
153.66,2.122430968799363e-13
153.68,2.122430968799363e-13
153.70000000000002,2.122430968799363e-13
153.72,2.122430968799363e-13
153.74,2.122430968799363e-13
153.76000000000002,2.122430968799363e-13
153.78,2.122430968799363e-13
153.8,2.122430968799363e-13
153.82000000000002,2.122430968799363e-13
153.84,2.122430968799363e-13
153.86,2.122430968799363e-13
153.88000000000002,2.122430968799363e-13
153.9,2.122430968799363e-13
153.92000000000002,2.122430968799363e-13
153.94000000000003,2.122430968799363e-13
153.96,2.122430968799363e-13
153.98000000000002,2.122430968799363e-13
154.00000000000003,2.122430968799363e-13
154.02,2.122430968799363e-13
154.04000000000002,2.122430968799363e-13
154.06,2.122430968799363e-13
154.08,2.122430968799363e-13
154.1,2.122430968799363e-13
154.12,2.122430968799363e-13
154.14000000000001,2.122430968799363e-13
154.16,2.122430968799363e-13
154.18,2.122430968799363e-13
154.20000000000002,2.122430968799363e-13
154.22,2.122430968799363e-13
154.24,2.122430968799363e-13
154.26000000000002,2.122430968799363e-13
154.28,2.122430968799363e-13
154.3,2.122430968799363e-13
154.32000000000002,2.122430968799363e-13
154.34,2.122430968799363e-13
154.36,2.122430968799363e-13
154.38000000000002,2.122430968799363e-13
154.4,2.122430968799363e-13
154.42000000000002,2.122430968799363e-13
154.44000000000003,2.122430968799363e-13
154.46,2.122430968799363e-13
154.48000000000002,2.122430968799363e-13
154.50000000000003,2.122430968799363e-13
154.52,2.122430968799363e-13
154.54000000000002,2.122430968799363e-13
154.56,2.122430968799363e-13
154.58,2.122430968799363e-13
154.6,2.122430968799363e-13
154.62,2.122430968799363e-13
154.64000000000001,2.122430968799363e-13
154.66,2.122430968799363e-13
154.68,2.122430968799363e-13
154.70000000000002,2.122430968799363e-13
154.72,2.122430968799363e-13
154.74,2.122430968799363e-13
154.76000000000002,2.122430968799363e-13
154.78,2.122430968799363e-13
154.8,2.122430968799363e-13
154.82000000000002,2.122430968799363e-13
154.84,2.122430968799363e-13
154.86,2.122430968799363e-13
154.88000000000002,2.122430968799363e-13
154.9,2.122430968799363e-13
154.92000000000002,2.122430968799363e-13
154.94000000000003,2.122430968799363e-13
154.96,2.122430968799363e-13
154.98000000000002,2.122430968799363e-13
155.00000000000003,2.122430968799363e-13
155.02,2.122430968799363e-13
155.04000000000002,2.122430968799363e-13
155.06,2.122430968799363e-13
155.08,2.122430968799363e-13
155.1,2.122430968799363e-13
155.12,2.122430968799363e-13
155.14000000000001,2.122430968799363e-13
155.16,2.122430968799363e-13
155.18,2.122430968799363e-13
155.20000000000002,2.122430968799363e-13
155.22,2.122430968799363e-13
155.24,2.122430968799363e-13
155.26000000000002,2.122430968799363e-13
155.28,2.122430968799363e-13
155.3,2.122430968799363e-13
155.32000000000002,2.122430968799363e-13
155.34,2.122430968799363e-13
155.36,2.122430968799363e-13
155.38000000000002,2.122430968799363e-13
155.4,2.122430968799363e-13
155.42000000000002,2.122430968799363e-13
155.44000000000003,2.122430968799363e-13
155.46,2.122430968799363e-13
155.48000000000002,2.122430968799363e-13
155.50000000000003,2.122430968799363e-13
155.52,2.122430968799363e-13
155.54000000000002,2.122430968799363e-13
155.56,2.122430968799363e-13
155.58,2.122430968799363e-13
155.6,2.122430968799363e-13
155.62,2.122430968799363e-13
155.64000000000001,2.122430968799363e-13
155.66,2.122430968799363e-13
155.68,2.122430968799363e-13
155.70000000000002,2.122430968799363e-13
155.72,2.122430968799363e-13
155.74,2.122430968799363e-13
155.76000000000002,2.122430968799363e-13
155.78,2.122430968799363e-13
155.8,2.122430968799363e-13
155.82000000000002,2.122430968799363e-13
155.84,2.122430968799363e-13
155.86,2.122430968799363e-13
155.88000000000002,2.122430968799363e-13
155.9,2.122430968799363e-13
155.92000000000002,2.122430968799363e-13
155.94000000000003,2.122430968799363e-13
155.96,2.122430968799363e-13
155.98000000000002,2.122430968799363e-13
156.00000000000003,2.122430968799363e-13
156.02,2.122430968799363e-13
156.04000000000002,2.122430968799363e-13
156.06,2.122430968799363e-13
156.08,2.122430968799363e-13
156.1,2.122430968799363e-13
156.12,2.122430968799363e-13
156.14000000000001,2.122430968799363e-13
156.16,2.122430968799363e-13
156.18,2.122430968799363e-13
156.20000000000002,2.122430968799363e-13
156.22,2.122430968799363e-13
156.24,2.122430968799363e-13
156.26000000000002,2.122430968799363e-13
156.28,2.122430968799363e-13
156.3,2.122430968799363e-13
156.32000000000002,2.122430968799363e-13
156.34,2.122430968799363e-13
156.36,2.122430968799363e-13
156.38000000000002,2.122430968799363e-13
156.4,2.122430968799363e-13
156.42000000000002,2.122430968799363e-13
156.44000000000003,2.122430968799363e-13
156.46,2.122430968799363e-13
156.48000000000002,2.122430968799363e-13
156.50000000000003,2.122430968799363e-13
156.52,2.122430968799363e-13
156.54000000000002,2.122430968799363e-13
156.56,2.122430968799363e-13
156.58,2.122430968799363e-13
156.6,2.122430968799363e-13
156.62,2.122430968799363e-13
156.64000000000001,2.122430968799363e-13
156.66,2.122430968799363e-13
156.68,2.122430968799363e-13
156.70000000000002,2.122430968799363e-13
156.72,2.122430968799363e-13
156.74,2.122430968799363e-13
156.76000000000002,2.122430968799363e-13
156.78,2.122430968799363e-13
156.8,2.122430968799363e-13
156.82000000000002,2.122430968799363e-13
156.84,2.122430968799363e-13
156.86,2.122430968799363e-13
156.88000000000002,2.122430968799363e-13
156.9,2.122430968799363e-13
156.92000000000002,2.122430968799363e-13
156.94000000000003,2.122430968799363e-13
156.96,2.122430968799363e-13
156.98000000000002,2.122430968799363e-13
157.00000000000003,2.122430968799363e-13
157.02,2.122430968799363e-13
157.04000000000002,2.122430968799363e-13
157.06,2.122430968799363e-13
157.08,2.122430968799363e-13
157.1,2.122430968799363e-13
157.12,2.122430968799363e-13
157.14000000000001,2.122430968799363e-13
157.16,2.122430968799363e-13
157.18,2.122430968799363e-13
157.20000000000002,2.122430968799363e-13
157.22,2.122430968799363e-13
157.24,2.122430968799363e-13
157.26000000000002,2.122430968799363e-13
157.28,2.122430968799363e-13
157.3,2.122430968799363e-13
157.32000000000002,2.122430968799363e-13
157.34,2.122430968799363e-13
157.36,2.122430968799363e-13
157.38000000000002,2.122430968799363e-13
157.4,2.122430968799363e-13
157.42000000000002,2.122430968799363e-13
157.44000000000003,2.122430968799363e-13
157.46,2.122430968799363e-13
157.48000000000002,2.122430968799363e-13
157.50000000000003,2.122430968799363e-13
157.52,2.122430968799363e-13
157.54000000000002,2.122430968799363e-13
157.56,2.122430968799363e-13
157.58,2.122430968799363e-13
157.6,2.122430968799363e-13
157.62,2.122430968799363e-13
157.64000000000001,2.122430968799363e-13
157.66,2.122430968799363e-13
157.68,2.122430968799363e-13
157.70000000000002,2.122430968799363e-13
157.72,2.122430968799363e-13
157.74,2.122430968799363e-13
157.76000000000002,2.122430968799363e-13
157.78,2.122430968799363e-13
157.8,2.122430968799363e-13
157.82000000000002,2.122430968799363e-13
157.84,2.122430968799363e-13
157.86,2.122430968799363e-13
157.88000000000002,2.122430968799363e-13
157.9,2.122430968799363e-13
157.92000000000002,2.122430968799363e-13
157.94000000000003,2.122430968799363e-13
157.96,2.122430968799363e-13
157.98000000000002,2.122430968799363e-13
158.00000000000003,2.122430968799363e-13
158.02,2.122430968799363e-13
158.04000000000002,2.122430968799363e-13
158.06,2.122430968799363e-13
158.08,2.122430968799363e-13
158.1,2.122430968799363e-13
158.12,2.122430968799363e-13
158.14000000000001,2.122430968799363e-13
158.16,2.122430968799363e-13
158.18,2.122430968799363e-13
158.20000000000002,2.122430968799363e-13
158.22,2.122430968799363e-13
158.24,2.122430968799363e-13
158.26000000000002,2.122430968799363e-13
158.28,2.122430968799363e-13
158.3,2.122430968799363e-13
158.32000000000002,2.122430968799363e-13
158.34,2.122430968799363e-13
158.36,2.122430968799363e-13
158.38000000000002,2.122430968799363e-13
158.4,2.122430968799363e-13
158.42000000000002,2.122430968799363e-13
158.44000000000003,2.122430968799363e-13
158.46,2.122430968799363e-13
158.48000000000002,2.122430968799363e-13
158.50000000000003,2.122430968799363e-13
158.52,2.122430968799363e-13
158.54000000000002,2.122430968799363e-13
158.56,2.122430968799363e-13
158.58,2.122430968799363e-13
158.6,2.122430968799363e-13
158.62,2.122430968799363e-13
158.64000000000001,2.122430968799363e-13
158.66,2.122430968799363e-13
158.68,2.122430968799363e-13
158.70000000000002,2.122430968799363e-13
158.72,2.122430968799363e-13
158.74,2.122430968799363e-13
158.76000000000002,2.122430968799363e-13
158.78,2.122430968799363e-13
158.8,2.122430968799363e-13
158.82000000000002,2.122430968799363e-13
158.84,2.122430968799363e-13
158.86,2.122430968799363e-13
158.88000000000002,2.122430968799363e-13
158.9,2.122430968799363e-13
158.92000000000002,2.122430968799363e-13
158.94000000000003,2.122430968799363e-13
158.96,2.122430968799363e-13
158.98000000000002,2.122430968799363e-13
159.00000000000003,2.122430968799363e-13
159.02,2.122430968799363e-13
159.04000000000002,2.122430968799363e-13
159.06,2.122430968799363e-13
159.08,2.122430968799363e-13
159.1,2.122430968799363e-13
159.12,2.122430968799363e-13
159.14000000000001,2.122430968799363e-13
159.16,2.122430968799363e-13
159.18,2.122430968799363e-13
159.20000000000002,2.122430968799363e-13
159.22,2.122430968799363e-13
159.24,2.122430968799363e-13
159.26000000000002,2.122430968799363e-13
159.28,2.122430968799363e-13
159.3,2.122430968799363e-13
159.32000000000002,2.122430968799363e-13
159.34,2.122430968799363e-13
159.36,2.122430968799363e-13
159.38000000000002,2.122430968799363e-13
159.4,2.122430968799363e-13
159.42000000000002,2.122430968799363e-13
159.44000000000003,2.122430968799363e-13
159.46,2.122430968799363e-13
159.48000000000002,2.122430968799363e-13
159.50000000000003,2.122430968799363e-13
159.52,2.122430968799363e-13
159.54000000000002,2.122430968799363e-13
159.56,2.122430968799363e-13
159.58,2.122430968799363e-13
159.6,2.122430968799363e-13
159.62,2.122430968799363e-13
159.64000000000001,2.122430968799363e-13
159.66,2.122430968799363e-13
159.68,2.122430968799363e-13
159.70000000000002,2.122430968799363e-13
159.72,2.122430968799363e-13
159.74,2.122430968799363e-13
159.76000000000002,2.122430968799363e-13
159.78,2.122430968799363e-13
159.8,2.122430968799363e-13
159.82000000000002,2.122430968799363e-13
159.84,2.122430968799363e-13
159.86,2.122430968799363e-13
159.88000000000002,2.122430968799363e-13
159.9,2.122430968799363e-13
159.92000000000002,2.122430968799363e-13
159.94000000000003,2.122430968799363e-13
159.96,2.122430968799363e-13
159.98000000000002,2.122430968799363e-13
160.00000000000003,2.122430968799363e-13
