110,-4.00000244285849
110.02,-4.000002505466887
110.03999999999999,-4.000002568811841
110.06,-4.000002632697355
110.08,-4.000002696905008
110.1,-4.000002761195034
110.11999999999999,-4.000002825307599
110.14,-4.000002888964223
110.16,-4.000002951869369
110.17999999999999,-4.000003013712171
110.2,-4.000003074168297
110.22,-4.00000313290192
110.24,-4.000003189567805
110.25999999999999,-4.00000324381347
110.28,-4.000003295281428
110.3,-4.0000033436114775
110.32,-4.000003388443035
110.33999999999999,-4.000003429417487
110.36,-4.000003466180544
110.38,-4.000003498384584
110.39999999999999,-4.000003525690959
110.42,-4.000003547772257
110.44,-4.000003564314505
110.46,-4.000003575019274
110.47999999999999,-4.0000035796057105
110.5,-4.000003577812435
110.52,-4.000003569399331
110.53999999999999,-4.000003554149189
110.56,-4.000003531869204
110.58,-4.00000350239231
110.6,-4.000003465578345
110.61999999999999,-4.000003421315042
110.64,-4.000003369518828
110.66,-4.000003310135442
110.67999999999999,-4.000003243140352
110.7,-4.000003168538978
110.72,-4.000003086366717
110.74,-4.0000029966887745
110.75999999999999,-4.000002899599797
110.78,-4.000002795223312
110.8,-4.000002683710992
110.82,-4.000002565241724
110.83999999999999,-4.000002440020517
110.86,-4.000002308277245
110.88,-4.000002170265232
110.89999999999999,-4.000002026259703
110.92,-4.000001876556096
110.94,-4.00000172146827
110.96,-4.000001561326599
110.97999999999999,-4.000001396475988
111.,-4.000001227273815
111.02,-4.000001054087815
111.03999999999999,-4.000000877293929
111.06,-4.000000697274128
111.08,-4.000000514414231
111.1,-4.000000329101737
111.11999999999999,-4.00000014172368
111.14,-3.999999952664532
111.16,-3.999999762304163
111.17999999999999,-3.999999571015876
111.2,-3.999999379164533
111.22,-3.9999991871047818
111.24,-3.999998995179402
111.25999999999999,-3.9999988037177796
111.28,-3.999998613034516
111.3,-3.9999984234281953
111.32,-3.9999982351803003
111.33999999999999,-3.9999980485543003
111.36,-3.9999978637949076
111.38,-3.999997681127511
111.39999999999999,-3.9999975007577873
111.42,-3.999997322871496
111.44,-3.9999971476344522
111.46,-3.999996975192684
111.47999999999999,-3.999996805672762
111.5,-3.999996639182309
111.52,-3.999996475810672
111.53999999999999,-3.9999963156297595
111.56,-3.999996158695031
111.58,-3.9999960050466306
111.6,-3.999995854710656
111.61999999999999,-3.9999957077005495
111.64,-3.999995564018595
111.66,-3.999995423657521
111.67999999999999,-3.999995286602175
111.7,-3.999995152831277
111.72,-3.9999950223192164
111.74,-3.999994895037891
111.75999999999999,-3.9999947709585664
111.78,-3.999994650053739
111.8,-3.999994532298988
111.82,-3.9999944176748006
111.83999999999999,-3.999994306168353
111.86,-3.999994197775231
111.88,-3.9999940925010797
111.89999999999999,-3.9999939903631603
111.92,-3.999993891391806
111.94,-3.999993795631763
111.96,-3.999993703143401
111.97999999999999,-3.9999936140037855
112.,-3.9999935283076002
112.02,-3.9999934461679105
112.03999999999999,-3.999993367716762
112.06,-3.999993293105603
112.08,-3.9999932225055326
112.1,-3.9999931561073647
112.11999999999999,-3.9999930941215074
112.14,-3.999993036777659
112.16,-3.9999929843243183
112.17999999999999,-3.9999929370281113
112.2,-3.99999289517294
112.22,-3.999992859058955
112.24,-3.999992829001361
112.25999999999999,-3.9999928053290605
112.28,-3.9999927883831425
112.3,-3.999992778515233
112.32,-3.9999927760857092
112.33999999999999,-3.999992781461797
112.36,-3.9999927950155585
112.38,-3.9999928171217896
112.39999999999999,-3.999992848155835
112.42,-3.999992888491344
112.44,-3.9999929384979724
112.46,-3.9999929985390583
112.47999999999999,-3.9999930689692773
112.5,-3.9999931501323003
112.52,-3.9999932423584683
112.53999999999999,-3.999993345962499
112.56,-3.999993461241244
112.58,-3.9999935884715114
112.6,-3.999993727907965
112.61999999999999,-3.999993879781123
112.64,-3.999994044295463
112.66,-3.999994221627649
112.67999999999999,-3.9999944119248947
112.7,-3.9999946153034673
112.72,-3.999994831847354
112.74,-3.9999950616070876
112.75999999999999,-3.9999953045987473
112.78,-3.999995560803138
112.8,-3.9999958301651537
112.82,-3.9999961125933305
112.83999999999999,-3.9999964079595887
112.86,-3.999996716099167
112.88,-3.9999970368107505
112.89999999999999,-3.9999973698567852
112.92,-3.9999977149639823
112.94,-3.999998071824003
112.96,-3.99999844009432
112.97999999999999,-3.999998819399251
113.,-3.99999920933115
113.02,-3.999999609451755
113.03999999999999,-4.000000019293672
113.06,-4.0000004383619965
113.08,-4.000000866136044
113.1,-4.000001302071193
113.11999999999999,-4.000001745600819
113.14,-4.000002196138296
113.16,-4.0000026530790755
113.17999999999999,-4.000003115802795
113.2,-4.000003583675435
113.22,-4.000004056051474
113.24,-4.000004532276064
113.25999999999999,-4.000005011687171
113.28,-4.000005493617703
113.3,-4.00000597739758
113.32,-4.000006462355751
113.33999999999999,-4.000006947822142
113.36,-4.000007433129506
113.38,-4.00000791761519
113.39999999999999,-4.000008400622783
113.42,-4.000008881503646
113.44,-4.000009359618318
113.46,-4.000009834337776
113.47999999999999,-4.000010305044566
113.5,-4.000010771133767
113.52,-4.000011232013814
113.53999999999999,-4.0000116871071585
113.56,-4.0000121358507705
113.58,-4.000012577696484
113.6,-4.0000130121111805
113.61999999999999,-4.0000134385768185
113.64,-4.00001385659031
113.66,-4.00001426566325
113.67999999999999,-4.000014665321503
113.7,-4.000015055104657
113.72,-4.00001543456535
113.74,-4.0000158032684805
113.75999999999999,-4.000016160790311
113.78,-4.000016506717482
113.8,-4.000016840645933
113.82,-4.000017162179768
113.83999999999999,-4.000017470930053
113.86,-4.000017766513576
113.88,-4.000018048551581
113.89999999999999,-4.000018316668486
113.92,-4.000018570490603
113.94,-4.000018809644879
113.96,-4.000019033757661
113.97999999999999,-4.000019242453513
114.,-4.000019435354094
114.02,-4.000019612077102
114.03999999999999,-4.000019772235313
114.06,-4.00001991543572
114.08,-4.000020041278779
114.1,-4.0000201493577805
114.11999999999999,-4.000020239258356
114.14,-4.000020310558125
114.16,-4.000020362826489
114.17999999999999,-4.000020395624588
114.2,-4.000020408505419
114.22,-4.000020401014116
114.24,-4.000020372688407
114.25999999999999,-4.000020323059239
114.28,-4.000020251651575
114.3,-4.000020157985368
114.32,-4.000020041576695
114.33999999999999,-4.000019901939066
114.36,-4.000019738584884
114.38,-4.000019551027069
114.39999999999999,-4.000019338780824
114.42,-4.0000191013655355
114.44,-4.000018838306812
114.46,-4.000018549138634
114.47999999999999,-4.000018233405608
114.5,-4.000017890665319
114.52,-4.000017520490763
114.53999999999999,-4.000017122472842
114.56,-4.00001669622291
114.58,-4.000016241375357
114.6,-4.000015757590213
114.61999999999999,-4.0000152445557555
114.64,-4.000014701991106
114.66,-4.000014129648798
114.67999999999999,-4.000013527317301
114.7,-4.00001289482349
114.72,-4.000012232035032
114.74,-4.00001153886269
114.75999999999999,-4.000010815262519
114.78,-4.000010061237946
114.8,-4.000009276841715
114.82,-4.000008462177699
114.83999999999999,-4.000007617402543
114.86,-4.000006742727155
114.88,-4.000005838418013
114.89999999999999,-4.000004904798299
114.92,-4.000003942248837
114.94,-4.000002951208839
114.96,-4.0000019321764535
114.97999999999999,-4.000000885709108
115.,-3.99999981242365
115.02,-3.9999987129962857
115.03999999999999,-3.9999975881623104
115.06,-3.9999964387156415
115.08,-3.999995265508151
115.1,-3.999994069448808
115.11999999999999,-3.9999928515026295
115.14,-3.999991612689455
115.16,-3.9999903540825463
115.17999999999999,-3.9999890768070268
115.2,-3.9999877820381644
115.22,-3.999986470999517
115.24,-3.9999851449609443
115.25999999999999,-3.999983805236503
115.28,-3.9999824531822386
115.3,-3.9999810901938835
115.32,-3.999979717704481
115.33999999999999,-3.999978337181942
115.36,-3.9999769501265576
115.38,-3.9999755580684733
115.39999999999999,-3.9999741625651435
115.42,-3.999972765198781
115.44,-3.9999713675738127
115.46,-3.999969971314358
115.47999999999999,-3.9999685780617367
115.5,-3.9999671894720277
115.52,-3.9999658072136826
115.53999999999999,-3.9999644329652075
115.56,-3.9999630684129244
115.58,-3.9999617152488183
115.6,-3.9999603751684814
115.61999999999999,-3.9999590498691573
115.64,-3.999957741047897
115.66,-3.999956450399824
115.67999999999999,-3.999955179616519
115.7,-3.9999539303845197
115.72,-3.9999527043839467
115.74,-3.9999515032872432
115.75999999999999,-3.999950328758038
115.78,-3.999949182450122
115.8,-3.9999480660065423
115.82,-3.9999469810587973
115.83999999999999,-3.999945929226142
115.86,-3.9999449121149855
115.88,-3.9999439313183753
115.89999999999999,-3.9999429884155657
115.92,-3.9999420849716536
115.94,-3.999941222537275
115.96,-3.999940402648352
115.97999999999999,-3.9999396268258773
116.,-3.9999388965757254
116.02,-3.999938213388481
116.03999999999999,-3.9999375787392655
116.06,-3.999936994087558
116.08,-3.999936460876992
116.1,-3.9999359805351173
116.11999999999999,-3.9999355544731166
116.14,-3.9999351840854627
116.16,-3.999934870749507
116.17999999999999,-3.999934615824986
116.2,-3.9999344206534406
116.22,-3.9999342865575285
116.24,-3.999934214840235
116.25999999999999,-3.9999342067839625
116.28,-3.9999342636494966
116.3,-3.999934386674842
116.32,-3.999934577073927
116.33999999999999,-3.999934836035164
116.36,-3.9999351647198744
116.38,-3.999935564260568
116.39999999999999,-3.9999360357590783
116.42,-3.999936580284562
116.44,-3.9999371988713532
116.46,-3.999937892516684
116.47999999999999,-3.9999386621782755
116.5,-3.9999395087718006
116.52,-3.9999404331682324
116.53999999999999,-3.999941436191081
116.56,-3.9999425186135285
116.58,-3.9999436811554765
116.6,-3.9999449244805136
116.61999999999999,-3.9999462491928153
116.64,-3.999947655833991
116.66,-3.999949144879891
116.67999999999999,-3.9999507167373882
116.7,-3.9999523717411463
116.72,-3.9999541101503935
116.74,-3.999955932145718
116.75999999999999,-3.999957837825894
116.78,-3.9999598272047647
116.8,-3.999961900208185
116.82,-3.9999640566710553
116.83999999999999,-3.999966296334446
116.86,-3.9999686188428405
116.88,-3.9999710237415034
116.89999999999999,-3.999973510473992
116.92,-3.9999760783798237
116.94,-3.9999787266923112
116.96,-3.9999814545365795
116.97999999999999,-3.999984260927773
117.,-3.9999871447694675
117.02,-3.9999901048522895
117.03999999999999,-3.999993139852758
117.06,-3.9999962483323515
117.08,-3.999999428736804
117.1,-4.000002679395642
117.11999999999999,-4.00000599852196
117.14,-4.000009384212432
117.16,-4.000012834447577
117.17999999999999,-4.000016347092252
117.2,-4.000019919896402
117.22,-4.00002355049603
117.24,-4.0000272364144145
117.25999999999999,-4.000030975063549
117.28,-4.000034763745799
117.3,-4.000038599655786
117.32,-4.000042479882463
117.33999999999999,-4.000046401411395
117.36,-4.000050361127226
117.38,-4.000054355816318
117.39999999999999,-4.000058382169559
117.42,-4.000062436785319
117.44,-4.000066516172545
117.46,-4.00007061675399
117.47999999999999,-4.000074734869548
117.5,-4.000078866779691
117.52,-4.000083008668996
117.53999999999999,-4.000087156649744
117.56,-4.000091306765572
117.58,-4.000095454995191
117.6,-4.0000995972561135
117.61999999999999,-4.000103729408428
117.64,-4.000107847258566
117.66,-4.00011194656308
117.67999999999999,-4.000116023032405
117.7,-4.000120072334604
117.72,-4.000124090099082
117.74,-4.000128071920265
117.75999999999999,-4.000132013361234
117.78,-4.000135909957309
117.8,-4.000139757219585
117.82,-4.0001435506384
117.83999999999999,-4.000147285686752
117.86,-4.000150957823642
117.88,-4.00015456249737
117.89999999999999,-4.00015809514875
117.92,-4.00016155121428
117.94,-4.000164926129244
117.96,-4.0001682153307625
117.97999999999999,-4.000171414260792
118.,-4.000174518369081
118.02,-4.000177523116088
118.03999999999999,-4.000180423975863
118.06,-4.000183216438912
118.08,-4.0001858960150445
118.1,-4.000188458236212
118.11999999999999,-4.000190898659354
118.14,-4.000193212869251
118.16,-4.000195396481407
118.17999999999999,-4.000197445144967
118.2,-4.000199354545664
118.22,-4.000201120408838
118.24,-4.000202738502508
118.25999999999999,-4.00020420464052
118.28,-4.00020551468578
118.3,-4.000206664553579
118.32,-4.000207650215019
118.33999999999999,-4.000208467700549
118.36,-4.0002091131036135
118.38,-4.0002095825844295
118.39999999999999,-4.000209872373889
118.42,-4.000209978777594
118.44,-4.000209898180032
118.46,-4.000209627048886
118.48,-4.000209161939488
118.5,-4.000208499499418
118.52,-4.000207636473229
118.53999999999999,-4.000206569707333
118.56,-4.000205296155001
118.58,-4.000203812881506
118.6,-4.000202117069388
118.61999999999999,-4.000200206023833
118.64,-4.0001980771781716
118.66,-4.000195728099466
118.67999999999999,-4.0001931564941975
118.7,-4.00019036021403
118.72,-4.000187337261636
118.74,-4.0001840857965805
118.75999999999999,-4.00018060414124
118.78,-4.000176890786751
118.8,-4.000172944398953
118.82,-4.000168763824341
118.83999999999999,-4.000164348095975
118.86,-4.000159696439355
118.88,-4.000154808278233
118.89999999999999,-4.000149683240342
118.92,-4.000144321163031
118.94,-4.000138722098779
118.96,-4.000132886320577
118.98,-4.000126814327155
119.,-4.000120506848038
119.02,-4.000113964848414
119.03999999999999,-4.000107189533793
119.06,-4.000100182354444
119.08,-4.000092945009594
119.1,-4.0000854794513705
119.11999999999999,-4.000077787888478
119.14,-4.000069872789587
119.16,-4.0000617368864315
119.17999999999999,-4.000053383176597
119.2,-4.000044814925992
119.22,-4.000036035670989
119.24,-4.0000270492202326
119.25999999999999,-4.0000178596561
119.28,-4.000008471335816
119.3,-3.999998888892211
119.32,-3.999989117234119
119.33999999999999,-3.9999791615464173
119.36,-3.999969027289702
119.38,-3.999958720199601
119.39999999999999,-3.9999482462857254
119.42,-3.9999376118302608
119.44,-3.9999268233862013
119.46,-3.9999158877752325
119.48,-3.999904812085265
119.5,-3.9998936036676263
119.52,-3.9998822701339174
119.53999999999999,-3.999870819352545
119.56,-3.9998592594449294
119.58,-3.999847598781405
119.6,-3.999835845976817
119.61999999999999,-3.999824009885831
119.64,-3.999812099597954
119.66,-3.9998001244322885
119.67999999999999,-3.999788093932027
119.7,-3.999776017858691
119.72,-3.999763906186134
119.74,-3.999751769094312
119.75999999999999,-3.999739616962838
119.78,-3.9997274603643245
119.8,-3.999715310057526
119.82,-3.9997031769802933
119.83999999999999,-3.9996910722423444
119.86,-3.999679007117862
119.88,-3.999666993037925
119.89999999999999,-3.999655041582785
119.92,-3.9996431644739845
119.94,-3.999631373566334
119.96,-3.9996196808397446
119.98,-3.9996080983909277
120.,-3.999596638424956
120.02,-3.9995853132466985
120.03999999999999,-3.999574135252126
120.06,-3.999563116919488
120.08,-3.999552270800368
120.1,-3.999541609510608
120.11999999999999,-3.999531145721112
120.14,-3.9995208921485155
120.16,-3.999510861545734
120.17999999999999,-3.9995010666923747
120.2,-3.999491520385016
120.22,-3.9994822354273523
120.24,-3.9994732246202003
120.25999999999999,-3.9994645007513587
120.28,-3.9994560765853273
120.3,-3.9994479648528722
120.32,-3.999440178240443
120.33999999999999,-3.9994327293794303
120.36,-3.999425630835267
120.38,-3.999418895096368
120.39999999999999,-3.999412534562905
120.42,-3.9994065615354177
120.44,-3.9994009882032575
120.46,-3.9993958266328637
120.48,-3.999391088755874
120.5,-3.9993867863570665
120.52,-3.9993829310621396
120.53999999999999,-3.9993795343253287
120.56,-3.9993766074168655
120.58,-3.999374161410283
120.6,-3.9993722071695723
120.61999999999999,-3.9993707553362
120.64,-3.99936981631599
120.66,-3.999369400265881
120.67999999999999,-3.999369517080572
120.7,-3.999370176379062
120.72,-3.9993713874911
120.74,-3.99937315944356
120.75999999999999,-3.999375500946748
120.78,-3.99937842038067
120.8,-3.999381925781261
120.82,-3.9993860248266104
120.83999999999999,-3.9993907248231864
120.86,-3.9993960326920917
120.88,-3.999401954955362
120.89999999999999,-3.999408497722336
120.92,-3.999415666676109
120.94,-3.9994234670601045
120.96,-3.9994319036647763
120.98,-3.9994409808144717
121.,-3.999450702354475
121.02,-3.999461071638257
121.03999999999999,-3.999472091514955
121.06,-3.99948376431711
121.08,-3.999496091848676
121.1,-3.9995090753733367
121.11999999999999,-3.999522715603148
121.14,-3.9995370126875285
121.16,-3.9995519662026218
121.17999999999999,-3.9995675751410564
121.2,-3.999583837902121
121.22,-3.9996007522823773
121.24,-3.9996183154667313
121.25999999999999,-3.9996365240199836
121.28,-3.9996553738788743
121.3,-3.9996748603446424
121.32,-3.9996949780761173
121.33999999999999,-3.9997157210833545
121.36,-3.999737082721834
121.38,-3.9997590556872296
121.39999999999999,-3.9997816320107678
121.42,-3.999804803055181
121.44,-3.9998285595112697
121.46,-3.9998528913950757
121.48,-3.9998777880456835
121.5,-3.9999032381236463
121.52,-3.999929229610048
121.53999999999999,-3.9999557498062015
121.56,-3.999982785333988
121.58,-4.00001032213684
121.6,-4.000038345481364
121.61999999999999,-4.0000668399596115
121.64,-4.000095789491984
121.66,-4.000125177330786
121.67999999999999,-4.0001549860644126
121.7,-4.0001851976221685
121.72,-4.000215793279722
121.74,-4.000246753665179
121.75999999999999,-4.000278058765786
121.78,-4.000309687935241
121.8,-4.00034161990162
121.82,-4.000373832775908
121.83999999999999,-4.000406304061124
121.86,-4.000439010662045
121.88,-4.000471928895515
121.89999999999999,-4.0005050345013355
121.92,-4.00053830265373
121.94,-4.000571707973385
121.96,-4.000605224540045
121.98,-4.000638825905688
122.,-4.000672485108233
122.02,-4.000706174685822
122.03999999999999,-4.000739866691636
122.06,-4.000773532709265
122.08,-4.000807143868621
122.1,-4.000840670862392
122.11999999999999,-4.000874083963031
122.14,-4.0009073530402945
122.16,-4.000940447579314
122.17999999999999,-4.000973336699203
122.2,-4.001005989172212
122.22,-4.001038373443415
122.24,-4.001070457650948
122.25999999999999,-4.001102209646775
122.28,-4.0011335970180175
122.3,-4.001164587108814
122.32,-4.001195147042742
122.33999999999999,-4.001225243745778
122.36,-4.001254843969826
122.38,-4.001283914316785
122.39999999999999,-4.001312421263187
122.42,-4.001340331185387
122.44,-4.001367610385308
122.46,-4.001394225116759
122.48,-4.0014201416123045
122.5,-4.001445326110687
122.52,-4.001469744884822
122.53999999999999,-4.001493364270338
122.56,-4.001516150694671
122.58,-4.001538070706702
122.6,-4.001559091006947
122.61999999999999,-4.00157917847827
122.64,-4.001598300217123
122.66,-4.001616423565308
122.67999999999999,-4.001633516142239
122.7,-4.001649545877697
122.72,-4.001664481045059
122.74,-4.001678290294988
122.75999999999999,-4.00169094268957
122.78,-4.001702407736865
122.8,-4.001712655425862
122.82,-4.001721656261815
122.83999999999999,-4.001729381301918
122.86,-4.001735802191312
122.88,-4.001740891199384
122.89999999999999,-4.0017446212563295
122.92,-4.001746965989936
122.94,-4.001747899762572
122.96,-4.001747397708325
122.98,-4.0017454357702595
123.,-4.001741990737758
123.02,-4.001737040283888
123.03999999999999,-4.001730563002772
123.06,-4.001722538446899
123.08,-4.001712947164336
123.1,-4.001701770735798
123.11999999999999,-4.001688991811515
123.14,-4.001674594147861
123.16,-4.001658562643674
123.17999999999999,-4.0016408833762345
123.2,-4.001621543636842
123.22,-4.001600531965929
123.24,-4.001577838187666
123.25999999999999,-4.001553453444003
123.28,-4.001527370228087
123.3,-4.001499582417006
123.32,-4.001470085303799
123.33999999999999,-4.001438875628679
123.36,-4.001405951609414
123.38,-4.00137131297081
123.39999999999999,-4.001334960973243
123.42,-4.001296898440182
123.44,-4.001257129784653
123.46,-4.001215661034592
123.48,-4.001172499857026
123.5,-4.0011276555810475
123.52,-4.001081139219511
123.53999999999999,-4.001032963489421
123.56,-4.000983142830955
123.58,-4.000931693425069
123.6,-4.0008786332096555
123.61999999999999,-4.000823981894193
123.64,-4.000767760972854
123.66,-4.000709993736028
123.67999999999999,-4.0006507052802185
123.7,-4.000589922516275
123.72,-4.000527674175927
123.74,-4.0004639908165815
123.75999999999999,-4.000398904824348
123.78,-4.0003324504152635
123.8,-4.000264663634691
123.82,-4.000195582354847
123.83999999999999,-4.000125246270452
123.86,-4.00005369689246
123.88,-3.9999809775398587
123.89999999999999,-3.9999071333295078
123.92,-3.9998322111639975
123.94,-3.999756259717514
123.96,-3.999679329419687
123.98,-3.999601472437413
124.,-3.99952274265463
124.02,-3.9994431956500436
124.03999999999999,-3.999362888672784
124.06,-3.999281880615991
124.08,-3.9992002319883206
124.1,-3.9991180048833628
124.11999999999999,-3.9990352629469728
124.14,-3.9989520713425097
124.16,-3.9988684967139845
124.17999999999999,-3.9987846071471163
124.2,-3.9987004721283044
124.22,-3.9986161625015146
124.24,-3.9985317504230933
124.25999999999999,-3.99844730931451
124.28,-3.998362913813047
124.3,-3.9982786397204397
124.32,-3.9981945639494847
124.33999999999999,-3.9981107644686356
124.36,-3.9980273202445957
124.38,-3.997944311182934
124.39999999999999,-3.9978618180667422
124.42,-3.9977799224933572
124.44,-3.9976987068091767
124.46,-3.997618254042593
124.48,-3.997538647835076
124.5,-3.9974599723704403
124.52,-3.9973823123023267
124.53999999999999,-3.9973057526799396
124.56,-3.9972303788720773
124.58,-3.997156276489498
124.6,-3.997083531305666
124.61999999999999,-3.997012229175928
124.64,-3.9969424559551636
124.66,-3.9968742974139704
124.67999999999999,-3.996807839153432
124.7,-3.9967431665185322
124.72,-3.9966803645102735
124.74,-3.996619517696565
124.75999999999999,-3.996560710121948
124.78,-3.996504025216224
124.8,-3.9964495457020632
124.82,-3.996397353501666
124.83999999999999,-3.996347529642556
124.86,-3.996300154162586
124.88,-3.9962553060142403
124.89999999999999,-3.9962130629683217
124.92,-3.996173501517111
124.94,-3.996136696777091
124.96,-3.9961027223913312
124.98,-3.9960716504316314
125.,-3.996043551300522
125.02,-3.9960184936332235
125.03999999999999,-3.9959965441996728
125.06,-3.99597776780672
125.08,-3.995962227200608
125.1,-3.995949982969844
125.11999999999999,-3.995941093448575
125.14,-3.995935614620585
125.16,-3.995933600024032
125.17999999999999,-3.9959351006570363
125.2,-3.9959401648842436
125.22,-3.995948838344488
125.24,-3.9959611638596666
125.25999999999999,-3.9959771813449576
125.28,-3.9959969277204994
125.3,-3.9960204368246584
125.32,-3.996047739329007
125.33999999999999,-3.996078862655137
125.36,-3.996113830893436
125.38,-3.996152664723946
125.39999999999999,-3.996195381339432
125.42,-3.9962419943707856
125.44,-3.9962925138148813
125.46,-3.9963469459650143
125.48,-3.996405293344037
125.5,-3.996467554640313
125.52,-3.9965337246466146
125.53999999999999,-3.9966037942020742
125.56,-3.9966777501373074
125.58,-3.996755575222824
125.6,-3.996837248120836
125.61999999999999,-3.996922743340579
125.64,-3.997012031197244
125.66,-3.997105077774638
125.67999999999999,-3.9972018448916677
125.7,-3.9973022900727515
125.72,-3.9974063665222563
125.74,-3.997514023103056
125.75999999999999,-3.9976252043193035
125.78,-3.997739850303504
125.8,-3.997857896807982
125.82,-3.9979792752008163
125.83999999999999,-3.998103912466336
125.86,-3.99823173121024
125.88,-3.998362649669428
125.89999999999999,-3.998496581726599
125.92,-3.998633436929702
125.94,-3.99877312051628
125.96,-3.9989155334427893
125.98,-3.999060572418933
126.,-3.9992081299470734
126.02,-3.9993580943667606
126.03999999999999,-3.999510349904432
126.05999999999999,-3.999664776728319
126.08,-3.9998212510085964
126.1,-3.99997964498281
126.11999999999999,-4.0001398270266115
126.14,-4.000301661729823
126.16,-4.000465009977853
126.17999999999999,-4.000629729038481
126.2,-4.000795672654019
126.22,-4.000962691138863
126.24,-4.001130631482433
126.26,-4.0012993374575005
126.28,-4.001468649733896
126.3,-4.001638405997593
126.32,-4.001808441075138
126.33999999999999,-4.001978587063423
126.36,-4.002148673464756
126.38,-4.002318527327214
126.39999999999999,-4.002487973390232
126.42,-4.00265683423539
126.44,-4.002824930442348
126.46,-4.002992080749875
126.48,-4.003158102221915
126.5,-4.0033228104186245
126.52,-4.0034860195723025
126.53999999999999,-4.0036475427681495
126.55999999999999,-4.0038071921297504
126.58,-4.0039647790092125
126.6,-4.00412011418184
126.61999999999999,-4.0042730080452555
126.64,-4.004423270822844
126.66,-4.004570712771412
126.67999999999999,-4.0047151443929225
126.7,-4.004856376650181
126.72,-4.004994221186321
126.74,-4.005128490547951
126.76,-4.005258998411791
126.78,-4.005385559814642
126.8,-4.00550799138651
126.82,-4.005626111586704
126.83999999999999,-4.005739740942708
126.86,-4.005848702291644
126.88,-4.005952821024098
126.89999999999999,-4.006051925330108
126.92,-4.006145846447075
126.94,-4.006234418909373
126.96,-4.0063174807994075
126.98,-4.006394873999875
127.,-4.00646644444696
127.02,-4.006532042384197
127.03999999999999,-4.006591522616731
127.05999999999999,-4.006644744765673
127.08,-4.0066915735222715
127.1,-4.006731878901586
127.11999999999999,-4.006765536495355
127.14,-4.006792427723741
127.16,-4.006812440085617
127.17999999999999,-4.006825467407077
127.2,-4.0068314100878055
127.22,-4.006830175344978
127.24,-4.006821677454323
127.26,-4.006805837987987
127.28,-4.006782586048839
127.3,-4.0067518585008335
127.32,-4.006713600195058
127.33999999999999,-4.006667764191076
127.36,-4.006614311973181
127.38,-4.006553213661167
127.39999999999999,-4.006484448215214
127.42,-4.006408003634501
127.44,-4.006323877149135
127.46,-4.006232075404987
127.48,-4.00613261464105
127.5,-4.006025520858887
127.52,-4.005910829983782
127.53999999999999,-4.005788588017178
127.55999999999999,-4.005658851179996
127.58,-4.005521686046443
127.6,-4.005377169667887
127.61999999999999,-4.005225389686423
127.64,-4.005066444437716
127.66,-4.004900443042746
127.67999999999999,-4.004727505488053
127.7,-4.004547762694123
127.72,-4.0043613565715175
127.74,-4.0041684400644035
127.76,-4.003969177181108
127.78,-4.003763743011353
127.8,-4.003552323729841
127.82,-4.0033351165858395
127.83999999999999,-4.003112329878467
127.86,-4.0028841829173585
127.88,-4.002650905968417
127.89999999999999,-4.002412740184378
127.92,-4.002169937519908
127.94,-4.001922760630983
127.96,-4.001671482758317
127.98,-4.0014163875946105
128.,-4.0011577691354105
128.02,-4.000895931513402
128.04000000000002,-4.000631188815951
128.06,-4.000363864885747
128.08,-4.000094293104424
128.10000000000002,-3.999822816159026
128.12,-3.9995497857912423
128.14000000000001,-3.9992755625293297
128.16,-3.9990005154026793
128.18,-3.9987250216389927
128.20000000000002,-3.9984494663440673
128.22,-3.9981742421642075
128.24,-3.9978997489313035
128.26000000000002,-3.9976263932906435
128.28,-3.99735458831155
128.3,-3.997084753080959
128.32000000000002,-3.996817312280077
128.34,-3.996552695744291
128.36,-3.9962913380065186
128.38000000000002,-3.99603367782422
128.4,-3.9957801576903207
128.42000000000002,-3.9955312233283156
128.44000000000003,-3.995287323171856
128.46,-3.9950489078291493
128.48000000000002,-3.9948164295325235
128.5,-3.9945903415735455
128.52,-3.9943710977241
128.54000000000002,-3.994159151643867
128.56,-3.9939549562746692
128.58,-3.993758963222179
128.60000000000002,-3.99357162212551
128.62,-3.9933933800152417
128.64000000000001,-3.9932246806604517
128.66,-3.9930659639053645
128.68,-3.9929176649962446
128.70000000000002,-3.9927802138991897
128.72,-3.9926540346095134
128.74,-3.9925395444534226
128.76000000000002,-3.9924371533827268
128.78,-3.9923472632633406
128.8,-3.9922702671583647
128.82000000000002,-3.992206548606554
128.84,-3.992156480897004
128.86,-3.992120426340919
128.88000000000002,-3.9920987355413273
128.9,-3.9920917466616577
128.92000000000002,-3.9920997846940867
128.94000000000003,-3.9921231607286014
128.96,-3.992162171223738
128.98000000000002,-3.9922170972799713
129.,-3.992288203916756
129.02,-3.992375739354222
129.04000000000002,-3.992479934300559
129.06,-3.992601001246131
129.08,-3.992739133765367
129.10000000000002,-3.992894505827508
129.12,-3.9930672711172743
129.14000000000001,-3.993257562366549
129.16,-3.993465490698173
129.18,-3.9936911449829466
129.20000000000002,-3.993934591210961
129.22,-3.994195871878357
129.24,-3.9944750053906413
129.26000000000002,-3.994771985483669
129.28,-3.9950867806634185
129.3,-3.9954193336656725
129.32000000000002,-3.995769560936721
129.34,-3.996137352136201
129.36,-3.996522569663174
129.38000000000002,-3.996925048206543
129.4,-3.9973445943208983
129.42000000000002,-3.9977809860288755
129.44000000000003,-3.998233972451088
129.46,-3.9987032734646926
129.48000000000002,-3.99918857939163
129.5,-3.999689550717561
129.52,-4.000205817842504
129.54000000000002,-4.000736980864166
129.56,-4.001282609394916
129.58,-4.001842242413369
129.60000000000002,-4.00241538815147
129.62,-4.003001524017986
129.64000000000001,-4.00360009655927
129.66,-4.004210521458126
129.68,-4.004832183571579
129.70000000000002,-4.005464437008329
129.72,-4.006106605246625
129.74,-4.006757981293257
129.76000000000002,-4.007417827884339
129.78,-4.008085377728517
129.8,-4.008759833793178
129.82000000000002,-4.009440369634221
129.84,-4.010126129769897
129.86,-4.0108162300991745
129.88000000000002,-4.011509758365061
129.9,-4.012205774663241
129.92000000000002,-4.012903311996372
129.94000000000003,-4.013601376874312
129.96,-4.0142989499605
129.98000000000002,-4.0149949867646875
130.,-4.015688418382135
130.02,-4.016378152279355
130.04000000000002,-4.017063073126427
130.06,-4.017742043675856
130.08,-4.018413905687882
130.10000000000002,-4.019077480902109
130.12,-4.019731572055256
130.14000000000001,-4.0203749639447715
130.16,-4.021006424538007
130.18,-4.021624706126578
130.20000000000002,-4.022228546525484
130.22,-4.022816670316511
130.24,-4.023387790135359
130.26000000000002,-4.023940608001894
130.28,-4.024473816692864
130.3,-4.02498610115635
130.32000000000002,-4.025476139967164
130.34,-4.025942606822355
130.36,-4.026384172075902
130.38000000000002,-4.026799504311648
130.4,-4.027187271953423
130.42000000000002,-4.027546144911284
130.44000000000003,-4.0278747962627115
130.46,-4.02817190396756
130.48000000000002,-4.028436152615487
130.5,-4.02866623520453
130.52,-4.028860854949448
130.54000000000002,-4.02901872711837
130.56,-4.029138580896246
130.58,-4.02921916127354
130.60000000000002,-4.029259230958527
130.62,-4.029257572311531
130.64000000000001,-4.029212989299353
130.66,-4.029124309468098
130.68,-4.028990385932558
130.70000000000002,-4.028810099380243
130.72,-4.0285823600881026
130.74,-4.0283061099499395
130.76000000000002,-4.027980324512439
130.78,-4.027604015017718
130.8,-4.027176230450227
130.82000000000002,-4.0266960595857935
130.84,-4.026162633040561
130.86,-4.02557512531751
130.88000000000002,-4.024932756848228
130.9,-4.024234796027528
130.92000000000002,-4.023480561238493
130.94000000000003,-4.022669422865471
130.96,-4.021800805292513
130.98000000000002,-4.020874188884708
131.,-4.019889111949831
131.02,-4.018845172677691
131.04000000000002,-4.01774203105453
131.06,-4.0165794107498
131.08,-4.015357100972607
131.10000000000002,-4.014074958295097
131.12,-4.01273290844003
131.14000000000001,-4.011330948029755
131.16,-4.009869146293818
131.18,-4.008347646732354
131.20000000000002,-4.00676666873247
131.22,-4.005126509134758
131.24,-4.003427543747108
131.26000000000002,-4.001670228802947
131.28,-3.999855102361064
131.3,-3.997982785644144
131.32000000000002,-3.996053984313168
131.34,-3.9940694896748123
131.36,-3.9920301798190025
131.38000000000002,-3.9899370206837954
131.4,-3.9877910670447516
131.42000000000002,-3.9855934634260053
131.44000000000003,-3.983345444930238
131.46,-3.9810483379847996
131.48000000000002,-3.9787035610012396
131.5,-3.9763126249455434
131.52,-3.973877133816409
131.54000000000002,-3.9713987850289265
131.56,-3.9688793697010754
131.58,-3.9663207728404912
131.60000000000002,-3.9637249734290108
131.62,-3.9610940444025506
131.64000000000001,-3.958430152523937
131.66,-3.9557355581463614
131.68,-3.9530126148652096
131.70000000000002,-3.950263769056069
131.72,-3.9474915592968087
131.74,-3.9446986156716854
131.76000000000002,-3.9418876589555336
131.78,-3.9390614996761646
131.8,-3.9362230370531988
131.82000000000002,-3.933375257811654
131.84,-3.9305212348687055
131.86,-3.9276641258921394
131.88000000000002,-3.924807171729134
131.9,-3.9219536947041087
131.92000000000002,-3.919107096784504
131.94000000000003,-3.9162708576134713
131.96,-3.9134485324085864
131.98000000000002,-3.9106437497258177
132.,-3.907860209088126
132.02,-3.9051016784782053
132.04000000000002,-3.9023719916950217
132.06,-3.899675045573943
132.08,-3.897014797070422
132.10000000000002,-3.894395260207332
132.12,-3.8918205028862234
132.14000000000001,-3.8892946435629314
132.16,-3.886821847788128
132.18,-3.884406324613586
132.20000000000002,-3.882052322865092
132.22,-3.879764127283128
132.24,-3.8775460545326172
132.26000000000002,-3.875402449083214
132.28,-3.8733376789618075
132.3,-3.8713561313790956
132.32000000000002,-3.869462208232276
132.34,-3.867660321486103
132.36,-3.8659548884347474
132.38000000000002,-3.8643503268471013
132.4,-3.862851049998368
132.42000000000002,-3.8614614615909852
132.44000000000003,-3.860185950568126
132.46,-3.8590288858232333
132.48000000000002,-3.8579946108092535
132.5,-3.8570874380514315
132.52,-3.85631164356775
132.54000000000002,-3.8556714612012963
132.56,-3.855171076869051
132.58,-3.8548146227318036
132.60000000000002,-3.854606171290102
132.62,-3.8545497294113553
132.64000000000001,-3.8546492322934145
132.66,-3.8549085373701564
132.68,-3.855331418164805
132.70000000000002,-3.855921558096917
132.72,-3.856682544249164
132.74,-3.857617861100241
132.76000000000002,-3.8587308842304098
132.78,-3.8600248740063936
132.8,-3.8615029692525145
132.82000000000002,-3.8631681809151432
132.84,-3.8650233857277208
132.86,-3.867071319883772
132.88000000000002,-3.869314572725504
132.9,-3.8717555804557438
132.92000000000002,-3.8743966198811237
132.94000000000003,-3.877239802194578
132.96,-3.8802870668053497
132.98000000000002,-3.8835401752248497
133.,-3.8870007050168374
133.02,-3.890670043820513
133.04000000000002,-3.8945493834552263
133.06,-3.898639714115609
133.08,-3.9029418186660427
133.10000000000002,-3.9074562670434507
133.12,-3.912183410777488
133.14000000000001,-3.917123377637274
133.16,-3.9222760664138567
133.18,-3.927641141847672
133.20000000000002,-3.9332180297102672
133.22,-3.9390059120496077
133.24,-3.945003722608298
133.26000000000002,-3.951210142424034
133.28,-3.9576235956216226
133.3,-3.9642422454058592
133.32000000000002,-3.9710639902645366
133.34,-3.978086460390807
133.36,-3.985307014334059
133.38000000000002,-3.992722735888403
133.4,-4.0003304312277725
133.42000000000002,-4.008126626296546
133.44000000000003,-4.016107564464488
133.46,-4.024269204454676
133.48000000000002,-4.032607218552938
133.5,-4.041116991107181
133.52,-4.049793617324802
133.54000000000002,-4.05863190237621
133.56,-4.0676263608122705
133.58,-4.076771216303284
133.60000000000002,-4.086060401706874
133.62,-4.095487559471919
133.64000000000001,-4.105046042385402
133.66,-4.114728914668783
133.68,-4.124528953430211
133.70000000000002,-4.134438650478581
133.72,-4.1444502145051345
133.74,-4.15455557363797
133.76000000000002,-4.1647463783744705
133.78,-4.175014004896301
133.8,-4.185349558771264
133.82000000000002,-4.1957438790458905
133.84,-4.206187542732252
133.86,-4.216670869692061
133.88000000000002,-4.227183927920699
133.9,-4.237716539233346
133.92000000000002,-4.2482582853549635
133.94000000000003,-4.258798514415378
133.96,-4.269326347850249
133.98000000000002,-4.279830687708201
134.,-4.290300224363914
134.02,-4.300723444636405
134.04000000000002,-4.311088640311252
134.06,-4.321383917064957
134.08,-4.331597203789076
134.10000000000002,-4.341716262311213
134.12,-4.351728697509406
134.14000000000001,-4.36162196781584
134.16,-4.371383396105253
134.18,-4.381000180962822
134.20000000000002,-4.390459408325691
134.22,-4.399748063491744
134.24,-4.40885304348857
134.26000000000002,-4.417761169795009
134.28,-4.426459201407015
134.3,-4.434933848238971
134.32000000000002,-4.443171784850983
134.34,-4.451159664492043
134.36,-4.458884133448341
134.38000000000002,-4.466331845685387
134.4,-4.473489477771999
134.42000000000002,-4.480343744073565
134.44000000000003,-4.4868814122014244
134.46,-4.493089318704563
134.48000000000002,-4.49895438498924
134.5,-4.504463633451581
134.52,-4.509604203807542
134.54000000000002,-4.514363369604117
134.56,-4.518728554895078
134.58,-4.522687351063944
134.60000000000002,-4.526227533776399
134.62,-4.529337080043774
134.64000000000001,-4.532004185378728
134.66,-4.534217281023746
134.68,-4.53596505123259
134.70000000000002,-4.537236450584346
134.72,-4.538020721309292
134.74,-4.538307410605331
134.76000000000002,-4.538086387923363
134.78,-4.537347862199547
134.8,-4.5360823990120425
134.82000000000002,-4.534280937639485
134.84,-4.531934807998109
134.86,-4.5290357474341425
134.88000000000002,-4.525575917347847
134.9,-4.521547919625304
134.92000000000002,-4.516944812853853
134.94000000000003,-4.511760128296926
134.96,-4.505987885603821
134.98000000000002,-4.49962260822989
135.,-4.492659338542505
135.02,-4.485093652588106
135.04000000000002,-4.476921674495654
135.06,-4.468140090491775
135.08,-4.458746162502991
135.10000000000002,-4.448737741320486
135.12,-4.438113279303007
135.14000000000001,-4.42687184259364
135.16,-4.41501312282646
135.18,-4.402537448299221
135.20000000000002,-4.389445794588621
135.22,-4.375739794584948
135.24,-4.3614217479232895
135.26000000000002,-4.34649462978892
135.28,-4.330962099074908
135.3,-4.314828505870467
135.32000000000002,-4.298098898259158
135.34,-4.280779028406556
135.36,-4.262875357917659
135.38000000000002,-4.24439506244497
135.4,-4.225346035528861
135.42000000000002,-4.20573689165259
135.44000000000003,-4.185576968495121
135.46,-4.164876328365706
135.48000000000002,-4.143645758805064
135.5,-4.121896772338905
135.52,-4.099641605370446
135.54000000000002,-4.076893216199598
135.56,-4.053665282157486
135.58,-4.029972195846019
135.60000000000002,-4.005829060473327
135.62,-3.981251684277001
135.64000000000001,-3.9562565740282145
135.66,-3.9308609276110107
135.68,-3.905082625672241
135.70000000000002,-3.8789402223389002
135.72,-3.8524529350008656
135.74,-3.825640633158351
135.76000000000002,-3.7985238263347174
135.78,-3.771123651056613
135.8,-3.743461856904797
135.82000000000002,-3.7155607916403754
135.84,-3.687443385412584
135.86,-3.659133134055664
135.88000000000002,-3.63065408148381
135.9,-3.602030801194605
135.92000000000002,-3.573288376892791
135.94000000000003,-3.5444523822477008
135.96,-3.5155488597990927
135.98000000000002,-3.486604299027617
136.,-3.4576456136075717
136.02,-3.4287001178610526
136.04000000000002,-3.3997955024340545
136.06,-3.370959809216486
136.08,-3.3422214055294877
136.10000000000002,-3.3136089576048406
136.12,-3.2851514033826175
136.14000000000001,-3.256877924654601
136.16,-3.2288179185823145
136.18,-3.201000968619814
136.20000000000002,-3.1734568148726705
136.22,-3.1462153239257966
136.24,-3.1193064581739938
136.26000000000002,-3.0927602446902367
136.28,-3.0666067436678457
136.3,-3.0408760164737747
136.32000000000002,-3.0155980933512527
136.34,-2.990802940811009
136.36,-2.966520428751231
136.38000000000002,-2.9427802973472494
136.4,-2.9196121237527835
136.42000000000002,-2.897045288655294
136.44000000000003,-2.8751089427286822
136.46,-2.853831973027184
136.48000000000002,-2.83324296936486
136.5,-2.813370190725526
136.52,-2.7942415317484057
136.54000000000002,-2.775884489335072
136.56,-2.7583261294235064
136.58,-2.7415930539752784
136.60000000000002,-2.725711368221904
136.62,-2.710706648216468
136.64000000000001,-2.696603908736508
136.66,-2.683427571583974
136.68,-2.6712014343278567
136.70000000000002,-2.6599486395346967
136.72,-2.649691644531799
136.74,-2.640452191747446
136.76000000000002,-2.6322512796717916
136.78,-2.6251091344814483
136.8,-2.61904518237
136.82000000000002,-2.6140780226257894
136.84,-2.6102254014974147
136.86,-2.607504186886314
136.88000000000002,-2.605930343904694
136.9,-2.6055189113358836
136.92000000000002,-2.6062839790329044
136.94000000000003,-2.608238666289666
136.96,-2.611395101217809
136.98000000000002,-2.6157644011606784
137.,-2.621356654174321
137.02,-2.628180901603806
137.04000000000002,-2.636245121781387
137.06,-2.645556214871311
137.08,-2.6561199888842255
137.10000000000002,-2.667941146882236
137.12,-2.6810232753937657
137.14000000000001,-2.6953688340553748
137.16,-2.7109791464956636
137.18,-2.727854392474365
137.20000000000002,-2.7459936012875983
137.22,-2.765394646448197
137.24,-2.786054241647849
137.26000000000002,-2.80796793800565
137.28,-2.8311301226055305
137.3,-2.8555340183228326
137.32000000000002,-2.8811716849381526
137.34,-2.908034021534425
137.36,-2.9361107701710742
137.38000000000002,-2.965390520826912
137.4,-2.9958607176014054
137.42000000000002,-3.0275076661618265
137.44000000000003,-3.060316542421772
137.46,-3.094271402434556
137.48000000000002,-3.1293551934830215
137.5,-3.165549766345405
137.52,-3.2028358887150827
137.54000000000002,-3.241193259750206
137.56,-3.2806005257275497
137.58,-3.3210352967732577
137.60000000000002,-3.3624741646415743
137.62,-3.404892721511204
137.64000000000001,-3.4482655797675186
137.66,-3.4925663927375163
137.68,-3.5377678763432336
137.70000000000002,-3.5838418316381557
137.72,-3.6307591681901696
137.74,-3.678489928273656
137.76000000000002,-3.727003311832477
137.78,-3.7762677021749176
137.8,-3.826250692360994
137.82000000000002,-3.8769191122420246
137.84,-3.9282390561119684
137.86,-3.980175910929711
137.88000000000002,-4.0326943850712835
137.9,-4.085758537570924
137.92000000000002,-4.139331807809883
137.94000000000003,-4.193377045611998
137.96,-4.247856541705285
137.98000000000002,-4.302732058509121
138.,-4.357964861206976
138.02,-4.413515749065216
138.04000000000002,-4.46934508695906
138.06,-4.525412837067492
138.08,-4.581678590699717
138.10000000000002,-4.638101600216595
138.12,-4.694640811011458
138.14000000000001,-4.751254893515706
138.16,-4.807902275195713
138.18,-4.864541172508681
138.20000000000002,-4.921129622786361
138.22,-4.977625516016787
138.24,-5.0339866264955555
138.26000000000002,-5.090170644319521
138.28,-5.146135206697253
138.3,-5.20183792905204
138.32000000000002,-5.257236435894742
138.34,-5.312288391445346
138.36,-5.36695152998361
138.38000000000002,-5.421183685910814
138.4,-5.474942823506187
138.42000000000002,-5.528187066363254
138.44000000000003,-5.580874726492915
138.46,-5.632964333081745
138.48000000000002,-5.6844146608956
138.5,-5.735184758320272
138.52,-5.7852339750325
138.54000000000002,-5.834521989296308
138.56,-5.883008834881178
138.58,-5.930654927600145
138.60000000000002,-5.977421091467439
138.62,-6.023268584476799
138.64000000000001,-6.068159124003048
138.66,-6.112054911830954
138.68,-6.154918658816775
138.70000000000002,-6.19671360918923
138.72,-6.237403564497901
138.74,-6.276952907218292
138.76000000000002,-6.315326624023922
138.78,-6.3524903287369066
138.8,-6.3884102849694635
138.82000000000002,-6.423053428469728
138.84,-6.456387389186035
138.86,-6.488380513064589
138.88000000000002,-6.51900188359605
138.9,-6.548221343127051
138.92000000000002,-6.576009513953065
138.94000000000003,-6.602337819209302
138.96,-6.62717850357641
138.98000000000002,-6.650504653817748
139.,-6.672290219164835
139.02,-6.692510031567194
139.04000000000002,-6.711139825822372
139.06,-6.728156259601176
139.08,-6.743536933382323
139.10000000000002,-6.7572604103096445
139.12,-6.769306235983734
139.14000000000001,-6.779654958198431
139.16,-6.788288146630915
139.18,-6.795188412492245
139.20000000000002,-6.800339428143103
139.22,-6.8037259466771545
139.24,-6.8053338214718755
139.26000000000002,-6.805150025703952
139.28,-6.803162671823297
139.3,-6.799361030976535
139.32000000000002,-6.7937355523673855
139.34,-6.7862778825376475
139.36,-6.7769808845487
139.38000000000002,-6.765838657039355
139.4,-6.752846553131645
139.42000000000002,-6.7380011991517605
139.44000000000003,-6.721300513128802
139.46,-6.702743723029305
139.48000000000002,-6.682331384680735
139.5,-6.660065399332296
139.52,-6.6359490307964055
139.54000000000002,-6.609986922109319
139.56,-6.5821851116443675
139.58,-6.552551048606374
139.60000000000002,-6.521093607830999
139.62,-6.487823103807997
139.64000000000001,-6.452751303842778
139.66,-6.415891440266315
139.68,-6.37725822159923
139.70000000000002,-6.336867842572034
139.72,-6.294737992899911
139.74,-6.250887864707242
139.76000000000002,-6.205338158494295
139.78,-6.158111087536125
139.8,-6.109230380601921
139.82000000000002,-6.058721282881758
139.84,-6.006610555006947
139.86,-5.952926470050121
139.88000000000002,-5.897698808391791
139.9,-5.840958850341309
139.92000000000002,-5.782739366402231
139.94000000000003,-5.723074605074805
139.96,-5.662000278091834
139.98000000000002,-5.599553542988497
140.,-5.535772982911904
140.02,-5.4706985835820525
140.04000000000002,-5.404371707322755
140.06,-5.336835064088663
140.08,-5.268132679423001
140.10000000000002,-5.198309859289902
140.12,-5.127413151735256
140.14000000000001,-5.055490305340795
140.16,-4.982590224447713
140.18,-4.908762921138294
140.20000000000002,-4.834059463976929
140.22,-4.758531923525322
140.24,-4.682233314660686
140.26000000000002,-4.605217535740166
140.28,-4.527539304669543
140.3,-4.449254091949436
140.32000000000002,-4.370418050787576
140.34,-4.29108794438123
140.36,-4.211321070489455
140.38000000000002,-4.131175183430333
140.4,-4.050708413653764
140.42000000000002,-3.9699791850554926
140.44000000000003,-3.8890461302128756
140.46,-3.807968003737209
140.48000000000002,-3.726803593951272
140.5,-3.645611633113872
140.52,-3.56445070642559
140.54000000000002,-3.4833791600614825
140.56,-3.402455008487115
140.58,-3.3217358413238833
140.60000000000002,-3.2412787300380628
140.62,-3.161140134735289
140.64000000000001,-3.0813758113482037
140.66,-3.002040719509653
140.68,-2.9231889314071413
140.70000000000002,-2.844873541916065
140.72,-2.767146580309632
140.74,-2.690058923842231
140.76000000000002,-2.6136602135003257
140.78,-2.5379987722107367
140.8,-2.463121525790421
140.82000000000002,-2.389073926914536
140.84,-2.315899882370797
140.86,-2.243641683857834
140.88000000000002,-2.172339942573524
140.9,-2.102033527826172
140.92000000000002,-2.032759509886987
140.94000000000003,-1.96455310728659
140.96,-1.8974476387414765
140.98000000000002,-1.8314744798784004
141.,-1.7666630249057422
141.02,-1.7030406533611713
141.04000000000002,-1.6406327020443303
141.06,-1.579462442222125
141.08,-1.5195510621724972
141.10000000000002,-1.4609176551104424
141.12,-1.403579212517721
141.14000000000001,-1.347550622875222
141.16,-1.2928446757744365
141.18,-1.2394720713622236
141.20000000000002,-1.187441435050925
141.22,-1.136759337404278
141.24,-1.0874303190884202
141.26000000000002,-1.0394569207567914
141.28,-0.9928397177180646
141.3,-0.9475773592173939
141.32000000000002,-0.9036666121434254
141.34,-0.8611024089568059
141.36,-0.8198778996203434
141.38000000000002,-0.7799845072966567
141.4,-0.7414119875662237
141.42000000000002,-0.7041484909071463
141.44000000000003,-0.668180628167819
141.46,-0.6334935387551043
141.48000000000002,-0.6000709612534892
141.5,-0.5678953061851403
141.52,-0.5369477306168188
141.54000000000002,-0.5072082143171285
141.56,-0.478655637166717
141.58,-0.45126785752467624
141.60000000000002,-0.42502179125649425
141.62,-0.3998934911325255
141.64000000000001,-0.3758582263109236
141.66,-0.3528905616252959
141.68,-0.3309644364049952
141.70000000000002,-0.3100532425647435
141.72,-0.2901299017102773
141.74,-0.27116694101767636
141.76000000000002,-0.25313656765598247
141.78,-0.2360107415355473
141.8,-0.21976124617809678
141.82000000000002,-0.2043597575187216
141.84,-0.1897779104648104
141.86,-0.17598736305216353
141.88000000000002,-0.16295985805410837
141.9,-0.1506672819152947
141.92000000000002,-0.13908172089781445
141.94000000000003,-0.12817551434331584
141.96,-0.11792130497077881
141.98000000000002,-0.10829208614544286
142.,-0.099261246069978
142.02,-0.09080260886430079
142.04000000000002,-0.08289047251530332
142.06,-0.07549964369220878
142.08,-0.0686054694371477
142.1,-0.06218386575382668
142.12,-0.05621134312981316
142.14000000000001,-0.05066502903986727
142.16,-0.045522687488952523
142.18,-0.040762735663947086
142.20000000000002,-0.036364257772665304
142.22,-0.032307016157565455
142.24,-0.028571459779419904
142.26000000000002,-0.025138730173271864
142.28,-0.021990664985200074
142.3,-0.01910979920373662
142.32000000000002,-0.016479364204262315
142.34,-0.014083284728355835
142.36,-0.01190617392289483
142.38000000000002,-0.009933326565740024
142.4,-0.008150710606106846
142.42000000000002,-0.006544957148257654
142.44000000000003,-0.0051033490069800035
142.46,-0.003813807962492145
142.48000000000002,-0.0026648808409623905
142.50000000000003,-0.0016457245447979553
142.52,-0.0007460901542965835
142.54000000000002,0.00004369378080515494
142.56,0.0007327386448543864
142.58,0.0013296137437377913
142.6,0.0018423647693884492
142.62,0.0022785326390120644
142.64000000000001,0.0026451726115199452
142.66,0.0029488735886828224
142.68,0.0031957775137228753
142.70000000000002,0.0033915987853924685
142.72,0.003541643611006805
142.74,0.003650829227370052
142.76000000000002,0.003723702924020222
142.78,0.003764460808683109
142.8,0.0037769662602412783
142.82000000000002,0.0037647680198583007
142.84,0.003731117876124268
142.86,0.0036789879051840582
142.88000000000002,0.0036110872317509446
142.9,0.0035298782816758755
142.92000000000002,0.00343759250132176
142.94000000000003,0.003336245523366723
142.96,0.0032276517628188127
142.98000000000002,0.0031134384309583507
143.00000000000003,0.0029950589586248155
143.02,0.002873805823727774
143.04000000000002,0.002750822781083206
143.06,0.002627116495655754
143.08,0.002503567583024622
143.1,0.002380941063388229
143.12,0.002259896237683639
143.14000000000001,0.002140995996426275
143.16,0.00202471557367955
143.18,0.001911450760149968
143.20000000000002,0.001801525590779001
143.22,0.0016951995233777007
143.24,0.001592674125832849
143.26000000000002,0.0014940992902146915
143.28,0.0013995789927465526
143.3,0.0013091766190663954
143.32000000000002,0.0012229198745308365
143.34,0.0011408052994944327
143.36,0.0010628024095519978
143.38000000000002,0.0009888574806704744
143.4,0.0009188969989704204
143.42000000000002,0.0008528307946557489
143.44000000000003,0.0007905548792445237
143.46,0.000731954004833408
143.48000000000002,0.0006769039636430758
143.50000000000003,0.0006252736455508827
143.52,0.0005769268707291365
143.54000000000002,0.0005317240138803158
143.56,0.0004895234359024928
143.58,0.00045018273813629306
143.6,0.0004135598536452566
143.62,0.0003795139892711486
143.64000000000001,0.00034790643148967194
143.66,0.0003186012283757755
143.68,0.00029146575927554904
143.70000000000002,0.0002663712030778793
143.72,0.00024319291528728318
143.74,0.00022181072342265722
143.76000000000002,0.00020210914960798584
143.78,0.00018397756858270494
143.8,0.0001673103087432412
143.82000000000002,0.00015200670323495822
143.84,0.0001379710975466092
143.86,0.0001251128195182591
143.88000000000002,0.00011334611715925002
143.9,0.00010259006918555048
143.92000000000002,0.00009276847272582347
143.94000000000003,0.00008380971221278912
143.96,0.00007564661307071659
143.98000000000002,0.00006821628343066839
144.00000000000003,0.00006145994675194839
144.02,0.00005532276790039482
144.04000000000002,0.000049753674930868975
144.06,0.00004470517854169068
144.08,0.000040133190911928075
144.1,0.00003599684539729133
144.12,0.00003225831834596081
144.14000000000001,0.000028882654100833134
144.16,0.000025837594078388815
144.18,0.000023093410655514033
144.20000000000002,0.000020622746453092205
144.22,0.000018400459477938566
144.24,0.0000164034744716009
144.26000000000002,0.000014610640714676329
144.28,0.000013002596447594866
144.3,0.000011561639992307168
144.32000000000002,0.000010271607593071088
144.34,9.117757937668702e-6
144.36,8.086663272042302e-6
144.38000000000002,7.166106980723095e-6
144.4,6.344987471782764e-6
144.42000000000002,5.613228177644898e-6
144.44000000000003,4.961693461293099e-6
144.46,4.382110200585388e-6
144.48000000000002,3.866994810947486e-6
144.50000000000003,3.4095854581446867e-6
144.52,3.003779207633245e-6
144.54000000000002,2.6440738547129824e-6
144.56,2.3255141799371597e-6
144.58,2.043642376610559e-6
144.6,1.7944524013787598e-6
144.62,1.5743480045835553e-6
144.64000000000001,1.3801042039503435e-6
144.66,1.2088319730452928e-6
144.68,1.0579459245713398e-6
144.70000000000002,9.251347777737452e-7
144.72,8.083344088297054e-7
144.74,7.057032929541834e-7
144.76000000000002,6.156001569402099e-7
144.78,5.365636708574633e-7
144.8,4.6729401756428854e-7
144.82000000000002,4.0663618846866607e-7
144.84,3.535648635384541e-7
144.86,3.0717074285711895e-7
144.88000000000002,2.6664820600683505e-7
144.9,2.3128418420361722e-7
144.92000000000002,2.0044813838416914e-7
144.94000000000003,1.7358304433474806e-7
144.96,1.5019729344769088e-7
144.98000000000002,1.2985742478555034e-7
145.00000000000003,1.121816108255807e-7
145.02,9.683382555169843e-8
145.04000000000002,8.35186294631796e-8
145.06,7.19765115885535e-8
145.08,6.19797337406877e-8
145.1,5.3328627037700647e-8
145.12,4.5848295158740525e-8
145.14000000000001,3.938568291880494e-8
145.16,3.380697254887539e-8
145.18,2.8995273572862782e-8
145.20000000000002,2.484857539785358e-8
145.22,2.1277934695419707e-8
145.24,1.8205872365587907e-8
145.26000000000002,1.5564957357538715e-8
145.28,1.3296556887821297e-8
145.3,1.1349734662886498e-8
145.32000000000002,9.68028059261444e-9
145.34,8.249857189137307e-9
145.36,7.025249393841871e-9
145.38000000000002,5.977705977553715e-9
145.4,5.082361926407459e-9
145.42000000000002,4.317732369933598e-9
145.44000000000003,3.665269638919026e-9
145.46,3.1089759684019208e-9
145.48000000000002,2.6350651948448845e-9
145.50000000000003,2.23166754457069e-9
145.52,1.8885722807883636e-9
145.54000000000002,1.597003576230016e-9
145.56,1.3494255142534723e-9
145.58,1.139372599392235e-9
145.6,9.613025843904343e-10
145.62,8.104687999220629e-10
145.64000000000001,6.828095101740916e-10
145.66,5.748521165835397e-10
145.68,4.836302971714579e-10
145.70000000000002,4.066124036724692e-10
145.72,3.416396462415659e-10
145.74,2.868727788469516e-10
145.76000000000002,2.4074616016565665e-10
145.78,2.0192820726348463e-10
145.8,1.692873847006219e-10
145.82000000000002,1.4186298188162153e-10
145.84,1.1884002818751499e-10
145.86,9.952778023230481e-11
145.88000000000002,8.334128985751558e-11
145.9,6.978562644981461e-11
145.92000000000002,5.844238393697387e-11
145.94000000000003,4.895815236550274e-11
145.96,4.1034677158943296e-11
145.98000000000002,3.442046677098949e-11
146.00000000000003,2.8903642166748813e-11
146.02,2.4305849994250687e-11
146.04000000000002,2.047708598194001e-11
146.06,1.7291296488969115e-11
146.08,1.4642644660082373e-11
146.1,1.2442343662295063e-11
146.12,1.0615973328809838e-11
146.14000000000001,9.101208489515059e-12
146.16,7.84589757515504e-12
146.18,6.8064389610290306e-12
146.20000000000002,5.9464101559009175e-12
146.22,5.235411508636774e-12
146.24,4.64809174369433e-12
146.26000000000002,4.163327473130235e-12
146.28,3.763532977041514e-12
146.3,3.434080091723325e-12
146.32000000000002,3.162811078149158e-12
146.34,2.939629934484757e-12
146.36,2.756159827432329e-12
146.38000000000002,2.605456202082358e-12
146.4,2.4817667351185906e-12
146.42000000000002,2.380330661799463e-12
146.44000000000003,2.297211167718297e-12
146.46,2.2291555217068716e-12
146.48000000000002,2.1734784620053667e-12
146.50000000000003,2.127965055983102e-12
146.52,2.0907898531415202e-12
146.54000000000002,2.0604496580481834e-12
146.56,2.0357076780972e-12
146.58,2.0155471624195092e-12
146.6,1.9991329530004077e-12
146.62,1.9857796257434082e-12
146.64000000000001,1.974925115213556e-12
146.66,1.9661088983724407e-12
146.68,1.9589539651155973e-12
146.70000000000002,1.9531519313739625e-12
146.72,1.9484507577918878e-12
146.74,1.9446446268067223e-12
146.76000000000002,1.941565606092134e-12
146.78,1.939076789126553e-12
146.8,1.9370666560849082e-12
146.82000000000002,1.9354444419941702e-12
146.84,1.9341363355478578e-12
146.86,1.9330823623267237e-12
146.88000000000002,1.9322338314199e-12
146.9,1.931551245421503e-12
146.92000000000002,1.9310025911964517e-12
146.94000000000003,1.9305619432571517e-12
146.96,1.9302083235650274e-12
146.98000000000002,1.929924771482546e-12
147.00000000000003,1.9296975857992827e-12
147.02,1.9295157075296753e-12
147.04000000000002,1.9293702177724682e-12
147.06,1.9292539295342535e-12
147.08,1.9291610562201648e-12
147.1,1.9290869426236e-12
147.12,1.9290278468202037e-12
147.14000000000001,1.9289807634858605e-12
147.16,1.9289432808943666e-12
147.18,1.928913465274179e-12
147.20000000000002,1.928889767370301e-12
147.22,1.928870947012442e-12
147.24,1.9288560122717665e-12
147.26000000000002,1.928844170426884e-12
147.28,1.928834788480866e-12
147.3,1.9288273613961477e-12
147.32000000000002,1.92882148656055e-12
147.34,1.9288168432796794e-12
147.36,1.928813176320347e-12
147.38000000000002,1.9288102827160675e-12
147.4,1.9288080011970566e-12
147.42000000000002,1.928806203729922e-12
147.44000000000003,1.928804788751752e-12
147.46,1.9288036757638635e-12
147.48000000000002,1.9288028010156667e-12
147.50000000000003,1.9288021140617663e-12
147.52,1.9288015750179695e-12
147.54000000000002,1.9288011523761832e-12
147.56,1.9288008212658495e-12
147.58,1.9288005620718407e-12
147.6,1.9288003593366673e-12
147.62,1.928800200889249e-12
147.64000000000001,1.928800077154082e-12
147.66,1.928799980603911e-12
147.68,1.9287999053264676e-12
147.70000000000002,1.928799846681792e-12
147.72,1.92879980103143e-12
147.74,1.9287997655246104e-12
147.76000000000002,1.9287997379295582e-12
147.78,1.9287997165005256e-12
147.8,1.9287996998730692e-12
147.82000000000002,1.9287996869816436e-12
147.84,1.928799676994806e-12
147.86,1.928799669264318e-12
147.88000000000002,1.928799663285192e-12
147.9,1.928799658664358e-12
147.92000000000002,1.928799655096111e-12
147.94000000000003,1.9287996523428883e-12
147.96,1.9287996502202326e-12
147.98000000000002,1.928799648585037e-12
148.00000000000003,1.9287996473263675e-12
148.02,1.9287996463583004e-12
148.04000000000002,1.9287996456143375e-12
148.06,1.9287996450430578e-12
148.08,1.928799644604731e-12
148.1,1.9287996442686847e-12
148.12,1.928799644011259e-12
148.14000000000001,1.928799643814218e-12
148.16,1.928799643663518e-12
148.18,1.9287996435483525e-12
148.20000000000002,1.9287996434604133e-12
148.22,1.9287996433933176e-12
148.24,1.928799643342166e-12
148.26000000000002,1.9287996433032013e-12
148.28,1.9287996432735436e-12
148.3,1.9287996432509876e-12
148.32000000000002,1.928799643233847e-12
148.34,1.928799643220832e-12
148.36,1.928799643210957e-12
148.38000000000002,1.9287996432034707e-12
148.4,1.9287996431978e-12
148.42000000000002,1.928799643193508e-12
148.44000000000003,1.928799643190262e-12
148.46,1.9287996431878092e-12
148.48000000000002,1.928799643185957e-12
148.50000000000003,1.9287996431845595e-12
148.52,1.928799643183506e-12
148.54000000000002,1.928799643182713e-12
148.56,1.9287996431821155e-12
148.58,1.9287996431816664e-12
148.6,1.9287996431813287e-12
148.62,1.9287996431810755e-12
148.64000000000001,1.9287996431808852e-12
148.66,1.9287996431807426e-12
148.68,1.928799643180636e-12
148.70000000000002,1.928799643180556e-12
148.72,1.9287996431804963e-12
148.74,1.9287996431804514e-12
148.76000000000002,1.928799643180418e-12
148.78,1.928799643180393e-12
148.8,1.9287996431803743e-12
148.82000000000002,1.9287996431803606e-12
148.84,1.9287996431803505e-12
148.86,1.9287996431803428e-12
148.88000000000002,1.928799643180337e-12
148.9,1.928799643180333e-12
148.92000000000002,1.92879964318033e-12
148.94000000000003,1.9287996431803274e-12
148.96,1.928799643180326e-12
148.98000000000002,1.9287996431803246e-12
149.00000000000003,1.928799643180324e-12
149.02,1.928799643180323e-12
149.04000000000002,1.9287996431803226e-12
149.06,1.928799643180322e-12
149.08,1.9287996431803218e-12
149.1,1.9287996431803214e-12
149.12,1.9287996431803214e-12
149.14000000000001,1.9287996431803214e-12
149.16,1.9287996431803214e-12
149.18,1.9287996431803214e-12
149.20000000000002,1.9287996431803214e-12
149.22,1.9287996431803214e-12
149.24,1.9287996431803214e-12
149.26000000000002,1.9287996431803214e-12
149.28,1.9287996431803214e-12
149.3,1.9287996431803214e-12
149.32000000000002,1.9287996431803214e-12
149.34,1.9287996431803214e-12
149.36,1.9287996431803214e-12
149.38000000000002,1.9287996431803214e-12
149.4,1.9287996431803214e-12
149.42000000000002,1.9287996431803214e-12
149.44000000000003,1.9287996431803214e-12
149.46,1.9287996431803214e-12
149.48000000000002,1.9287996431803214e-12
149.50000000000003,1.9287996431803214e-12
149.52,1.9287996431803214e-12
149.54000000000002,1.9287996431803214e-12
149.56,1.9287996431803214e-12
149.58,1.9287996431803214e-12
149.6,1.9287996431803214e-12
149.62,1.9287996431803214e-12
149.64000000000001,1.9287996431803214e-12
149.66,1.9287996431803214e-12
149.68,1.9287996431803214e-12
149.70000000000002,1.9287996431803214e-12
149.72,1.9287996431803214e-12
149.74,1.9287996431803214e-12
149.76000000000002,1.9287996431803214e-12
149.78,1.9287996431803214e-12
149.8,1.9287996431803214e-12
149.82000000000002,1.9287996431803214e-12
149.84,1.9287996431803214e-12
149.86,1.9287996431803214e-12
149.88000000000002,1.9287996431803214e-12
149.9,1.9287996431803214e-12
149.92000000000002,1.9287996431803214e-12
149.94000000000003,1.9287996431803214e-12
149.96,1.9287996431803214e-12
149.98000000000002,1.9287996431803214e-12
150.00000000000003,1.9287996431803214e-12
150.02,1.9287996431803214e-12
150.04000000000002,1.9287996431803214e-12
150.06,1.9287996431803214e-12
150.08,1.9287996431803214e-12
150.1,1.9287996431803214e-12
150.12,1.9287996431803214e-12
150.14000000000001,1.9287996431803214e-12
150.16,1.9287996431803214e-12
150.18,1.9287996431803214e-12
150.20000000000002,1.9287996431803214e-12
150.22,1.9287996431803214e-12
150.24,1.9287996431803214e-12
150.26000000000002,1.9287996431803214e-12
150.28,1.9287996431803214e-12
150.3,1.9287996431803214e-12
150.32000000000002,1.9287996431803214e-12
150.34,1.9287996431803214e-12
150.36,1.9287996431803214e-12
150.38000000000002,1.9287996431803214e-12
150.4,1.9287996431803214e-12
150.42000000000002,1.9287996431803214e-12
150.44000000000003,1.9287996431803214e-12
150.46,1.9287996431803214e-12
150.48000000000002,1.9287996431803214e-12
150.50000000000003,1.9287996431803214e-12
150.52,1.9287996431803214e-12
150.54000000000002,1.9287996431803214e-12
150.56,1.9287996431803214e-12
150.58,1.9287996431803214e-12
150.6,1.9287996431803214e-12
150.62,1.9287996431803214e-12
150.64000000000001,1.9287996431803214e-12
150.66,1.9287996431803214e-12
150.68,1.9287996431803214e-12
150.70000000000002,1.9287996431803214e-12
150.72,1.9287996431803214e-12
150.74,1.9287996431803214e-12
150.76000000000002,1.9287996431803214e-12
150.78,1.9287996431803214e-12
150.8,1.9287996431803214e-12
150.82000000000002,1.9287996431803214e-12
150.84,1.9287996431803214e-12
150.86,1.9287996431803214e-12
150.88000000000002,1.9287996431803214e-12
150.9,1.9287996431803214e-12
150.92000000000002,1.9287996431803214e-12
150.94000000000003,1.9287996431803214e-12
150.96,1.9287996431803214e-12
150.98000000000002,1.9287996431803214e-12
151.00000000000003,1.9287996431803214e-12
151.02,1.9287996431803214e-12
151.04000000000002,1.9287996431803214e-12
151.06,1.9287996431803214e-12
151.08,1.9287996431803214e-12
151.1,1.9287996431803214e-12
151.12,1.9287996431803214e-12
151.14000000000001,1.9287996431803214e-12
151.16,1.9287996431803214e-12
151.18,1.9287996431803214e-12
151.20000000000002,1.9287996431803214e-12
151.22,1.9287996431803214e-12
151.24,1.9287996431803214e-12
151.26000000000002,1.9287996431803214e-12
151.28,1.9287996431803214e-12
151.3,1.9287996431803214e-12
151.32000000000002,1.9287996431803214e-12
151.34,1.9287996431803214e-12
151.36,1.9287996431803214e-12
151.38000000000002,1.9287996431803214e-12
151.4,1.9287996431803214e-12
151.42000000000002,1.9287996431803214e-12
151.44000000000003,1.9287996431803214e-12
151.46,1.9287996431803214e-12
151.48000000000002,1.9287996431803214e-12
151.50000000000003,1.9287996431803214e-12
151.52,1.9287996431803214e-12
151.54000000000002,1.9287996431803214e-12
151.56,1.9287996431803214e-12
151.58,1.9287996431803214e-12
151.6,1.9287996431803214e-12
151.62,1.9287996431803214e-12
151.64000000000001,1.9287996431803214e-12
151.66,1.9287996431803214e-12
151.68,1.9287996431803214e-12
151.70000000000002,1.9287996431803214e-12
151.72,1.9287996431803214e-12
151.74,1.9287996431803214e-12
151.76000000000002,1.9287996431803214e-12
151.78,1.9287996431803214e-12
151.8,1.9287996431803214e-12
151.82000000000002,1.9287996431803214e-12
151.84,1.9287996431803214e-12
151.86,1.9287996431803214e-12
151.88000000000002,1.9287996431803214e-12
151.9,1.9287996431803214e-12
151.92000000000002,1.9287996431803214e-12
151.94000000000003,1.9287996431803214e-12
151.96,1.9287996431803214e-12
151.98000000000002,1.9287996431803214e-12
152.00000000000003,1.9287996431803214e-12
152.02,1.9287996431803214e-12
152.04000000000002,1.9287996431803214e-12
152.06,1.9287996431803214e-12
152.08,1.9287996431803214e-12
152.1,1.9287996431803214e-12
152.12,1.9287996431803214e-12
152.14000000000001,1.9287996431803214e-12
152.16,1.9287996431803214e-12
152.18,1.9287996431803214e-12
152.20000000000002,1.9287996431803214e-12
152.22,1.9287996431803214e-12
152.24,1.9287996431803214e-12
152.26000000000002,1.9287996431803214e-12
152.28,1.9287996431803214e-12
152.3,1.9287996431803214e-12
152.32000000000002,1.9287996431803214e-12
152.34,1.9287996431803214e-12
152.36,1.9287996431803214e-12
152.38000000000002,1.9287996431803214e-12
152.4,1.9287996431803214e-12
152.42000000000002,1.9287996431803214e-12
152.44000000000003,1.9287996431803214e-12
152.46,1.9287996431803214e-12
152.48000000000002,1.9287996431803214e-12
152.50000000000003,1.9287996431803214e-12
152.52,1.9287996431803214e-12
152.54000000000002,1.9287996431803214e-12
152.56,1.9287996431803214e-12
152.58,1.9287996431803214e-12
152.6,1.9287996431803214e-12
152.62,1.9287996431803214e-12
152.64000000000001,1.9287996431803214e-12
152.66,1.9287996431803214e-12
152.68,1.9287996431803214e-12
152.70000000000002,1.9287996431803214e-12
152.72,1.9287996431803214e-12
152.74,1.9287996431803214e-12
152.76000000000002,1.9287996431803214e-12
152.78,1.9287996431803214e-12
152.8,1.9287996431803214e-12
152.82000000000002,1.9287996431803214e-12
152.84,1.9287996431803214e-12
152.86,1.9287996431803214e-12
152.88000000000002,1.9287996431803214e-12
152.9,1.9287996431803214e-12
152.92000000000002,1.9287996431803214e-12
152.94000000000003,1.9287996431803214e-12
152.96,1.9287996431803214e-12
152.98000000000002,1.9287996431803214e-12
153.00000000000003,1.9287996431803214e-12
153.02,1.9287996431803214e-12
153.04000000000002,1.9287996431803214e-12
153.06,1.9287996431803214e-12
153.08,1.9287996431803214e-12
153.1,1.9287996431803214e-12
153.12,1.9287996431803214e-12
153.14000000000001,1.9287996431803214e-12
153.16,1.9287996431803214e-12
153.18,1.9287996431803214e-12
153.20000000000002,1.9287996431803214e-12
153.22,1.9287996431803214e-12
153.24,1.9287996431803214e-12
153.26000000000002,1.9287996431803214e-12
153.28,1.9287996431803214e-12
153.3,1.9287996431803214e-12
153.32000000000002,1.9287996431803214e-12
153.34,1.9287996431803214e-12
153.36,1.9287996431803214e-12
153.38000000000002,1.9287996431803214e-12
153.4,1.9287996431803214e-12
153.42000000000002,1.9287996431803214e-12
153.44000000000003,1.9287996431803214e-12
153.46,1.9287996431803214e-12
153.48000000000002,1.9287996431803214e-12
153.50000000000003,1.9287996431803214e-12
153.52,1.9287996431803214e-12
153.54000000000002,1.9287996431803214e-12
153.56,1.9287996431803214e-12
153.58,1.9287996431803214e-12
153.6,1.9287996431803214e-12
153.62,1.9287996431803214e-12
153.64000000000001,1.9287996431803214e-12
153.66,1.9287996431803214e-12
153.68,1.9287996431803214e-12
153.70000000000002,1.9287996431803214e-12
153.72,1.9287996431803214e-12
153.74,1.9287996431803214e-12
153.76000000000002,1.9287996431803214e-12
153.78,1.9287996431803214e-12
153.8,1.9287996431803214e-12
153.82000000000002,1.9287996431803214e-12
153.84,1.9287996431803214e-12
153.86,1.9287996431803214e-12
153.88000000000002,1.9287996431803214e-12
153.9,1.9287996431803214e-12
153.92000000000002,1.9287996431803214e-12
153.94000000000003,1.9287996431803214e-12
153.96,1.9287996431803214e-12
153.98000000000002,1.9287996431803214e-12
154.00000000000003,1.9287996431803214e-12
154.02,1.9287996431803214e-12
154.04000000000002,1.9287996431803214e-12
154.06,1.9287996431803214e-12
154.08,1.9287996431803214e-12
154.1,1.9287996431803214e-12
154.12,1.9287996431803214e-12
154.14000000000001,1.9287996431803214e-12
154.16,1.9287996431803214e-12
154.18,1.9287996431803214e-12
154.20000000000002,1.9287996431803214e-12
154.22,1.9287996431803214e-12
154.24,1.9287996431803214e-12
154.26000000000002,1.9287996431803214e-12
154.28,1.9287996431803214e-12
154.3,1.9287996431803214e-12
154.32000000000002,1.9287996431803214e-12
154.34,1.9287996431803214e-12
154.36,1.9287996431803214e-12
154.38000000000002,1.9287996431803214e-12
154.4,1.9287996431803214e-12
154.42000000000002,1.9287996431803214e-12
154.44000000000003,1.9287996431803214e-12
154.46,1.9287996431803214e-12
154.48000000000002,1.9287996431803214e-12
154.50000000000003,1.9287996431803214e-12
154.52,1.9287996431803214e-12
154.54000000000002,1.9287996431803214e-12
154.56,1.9287996431803214e-12
154.58,1.9287996431803214e-12
154.6,1.9287996431803214e-12
154.62,1.9287996431803214e-12
154.64000000000001,1.9287996431803214e-12
154.66,1.9287996431803214e-12
154.68,1.9287996431803214e-12
154.70000000000002,1.9287996431803214e-12
154.72,1.9287996431803214e-12
154.74,1.9287996431803214e-12
154.76000000000002,1.9287996431803214e-12
154.78,1.9287996431803214e-12
154.8,1.9287996431803214e-12
154.82000000000002,1.9287996431803214e-12
154.84,1.9287996431803214e-12
154.86,1.9287996431803214e-12
154.88000000000002,1.9287996431803214e-12
154.9,1.9287996431803214e-12
154.92000000000002,1.9287996431803214e-12
154.94000000000003,1.9287996431803214e-12
154.96,1.9287996431803214e-12
154.98000000000002,1.9287996431803214e-12
155.00000000000003,1.9287996431803214e-12
155.02,1.9287996431803214e-12
155.04000000000002,1.9287996431803214e-12
155.06,1.9287996431803214e-12
155.08,1.9287996431803214e-12
155.1,1.9287996431803214e-12
155.12,1.9287996431803214e-12
155.14000000000001,1.9287996431803214e-12
155.16,1.9287996431803214e-12
155.18,1.9287996431803214e-12
155.20000000000002,1.9287996431803214e-12
155.22,1.9287996431803214e-12
155.24,1.9287996431803214e-12
155.26000000000002,1.9287996431803214e-12
155.28,1.9287996431803214e-12
155.3,1.9287996431803214e-12
155.32000000000002,1.9287996431803214e-12
155.34,1.9287996431803214e-12
155.36,1.9287996431803214e-12
155.38000000000002,1.9287996431803214e-12
155.4,1.9287996431803214e-12
155.42000000000002,1.9287996431803214e-12
155.44000000000003,1.9287996431803214e-12
155.46,1.9287996431803214e-12
155.48000000000002,1.9287996431803214e-12
155.50000000000003,1.9287996431803214e-12
155.52,1.9287996431803214e-12
155.54000000000002,1.9287996431803214e-12
155.56,1.9287996431803214e-12
155.58,1.9287996431803214e-12
155.6,1.9287996431803214e-12
155.62,1.9287996431803214e-12
155.64000000000001,1.9287996431803214e-12
155.66,1.9287996431803214e-12
155.68,1.9287996431803214e-12
155.70000000000002,1.9287996431803214e-12
155.72,1.9287996431803214e-12
155.74,1.9287996431803214e-12
155.76000000000002,1.9287996431803214e-12
155.78,1.9287996431803214e-12
155.8,1.9287996431803214e-12
155.82000000000002,1.9287996431803214e-12
155.84,1.9287996431803214e-12
155.86,1.9287996431803214e-12
155.88000000000002,1.9287996431803214e-12
155.9,1.9287996431803214e-12
155.92000000000002,1.9287996431803214e-12
155.94000000000003,1.9287996431803214e-12
155.96,1.9287996431803214e-12
155.98000000000002,1.9287996431803214e-12
156.00000000000003,1.9287996431803214e-12
156.02,1.9287996431803214e-12
156.04000000000002,1.9287996431803214e-12
156.06,1.9287996431803214e-12
156.08,1.9287996431803214e-12
156.1,1.9287996431803214e-12
156.12,1.9287996431803214e-12
156.14000000000001,1.9287996431803214e-12
156.16,1.9287996431803214e-12
156.18,1.9287996431803214e-12
156.20000000000002,1.9287996431803214e-12
156.22,1.9287996431803214e-12
156.24,1.9287996431803214e-12
156.26000000000002,1.9287996431803214e-12
156.28,1.9287996431803214e-12
156.3,1.9287996431803214e-12
156.32000000000002,1.9287996431803214e-12
156.34,1.9287996431803214e-12
156.36,1.9287996431803214e-12
156.38000000000002,1.9287996431803214e-12
156.4,1.9287996431803214e-12
156.42000000000002,1.9287996431803214e-12
156.44000000000003,1.9287996431803214e-12
156.46,1.9287996431803214e-12
156.48000000000002,1.9287996431803214e-12
156.50000000000003,1.9287996431803214e-12
156.52,1.9287996431803214e-12
156.54000000000002,1.9287996431803214e-12
156.56,1.9287996431803214e-12
156.58,1.9287996431803214e-12
156.6,1.9287996431803214e-12
156.62,1.9287996431803214e-12
156.64000000000001,1.9287996431803214e-12
156.66,1.9287996431803214e-12
156.68,1.9287996431803214e-12
156.70000000000002,1.9287996431803214e-12
156.72,1.9287996431803214e-12
156.74,1.9287996431803214e-12
156.76000000000002,1.9287996431803214e-12
156.78,1.9287996431803214e-12
156.8,1.9287996431803214e-12
156.82000000000002,1.9287996431803214e-12
156.84,1.9287996431803214e-12
156.86,1.9287996431803214e-12
156.88000000000002,1.9287996431803214e-12
156.9,1.9287996431803214e-12
156.92000000000002,1.9287996431803214e-12
156.94000000000003,1.9287996431803214e-12
156.96,1.9287996431803214e-12
156.98000000000002,1.9287996431803214e-12
157.00000000000003,1.9287996431803214e-12
157.02,1.9287996431803214e-12
157.04000000000002,1.9287996431803214e-12
157.06,1.9287996431803214e-12
157.08,1.9287996431803214e-12
157.1,1.9287996431803214e-12
157.12,1.9287996431803214e-12
157.14000000000001,1.9287996431803214e-12
157.16,1.9287996431803214e-12
157.18,1.9287996431803214e-12
157.20000000000002,1.9287996431803214e-12
157.22,1.9287996431803214e-12
157.24,1.9287996431803214e-12
157.26000000000002,1.9287996431803214e-12
157.28,1.9287996431803214e-12
157.3,1.9287996431803214e-12
157.32000000000002,1.9287996431803214e-12
157.34,1.9287996431803214e-12
157.36,1.9287996431803214e-12
157.38000000000002,1.9287996431803214e-12
157.4,1.9287996431803214e-12
157.42000000000002,1.9287996431803214e-12
157.44000000000003,1.9287996431803214e-12
157.46,1.9287996431803214e-12
157.48000000000002,1.9287996431803214e-12
157.50000000000003,1.9287996431803214e-12
157.52,1.9287996431803214e-12
157.54000000000002,1.9287996431803214e-12
157.56,1.9287996431803214e-12
157.58,1.9287996431803214e-12
157.6,1.9287996431803214e-12
157.62,1.9287996431803214e-12
157.64000000000001,1.9287996431803214e-12
157.66,1.9287996431803214e-12
157.68,1.9287996431803214e-12
157.70000000000002,1.9287996431803214e-12
157.72,1.9287996431803214e-12
157.74,1.9287996431803214e-12
157.76000000000002,1.9287996431803214e-12
157.78,1.9287996431803214e-12
157.8,1.9287996431803214e-12
157.82000000000002,1.9287996431803214e-12
157.84,1.9287996431803214e-12
157.86,1.9287996431803214e-12
157.88000000000002,1.9287996431803214e-12
157.9,1.9287996431803214e-12
157.92000000000002,1.9287996431803214e-12
157.94000000000003,1.9287996431803214e-12
157.96,1.9287996431803214e-12
157.98000000000002,1.9287996431803214e-12
158.00000000000003,1.9287996431803214e-12
158.02,1.9287996431803214e-12
158.04000000000002,1.9287996431803214e-12
158.06,1.9287996431803214e-12
158.08,1.9287996431803214e-12
158.1,1.9287996431803214e-12
158.12,1.9287996431803214e-12
158.14000000000001,1.9287996431803214e-12
158.16,1.9287996431803214e-12
158.18,1.9287996431803214e-12
158.20000000000002,1.9287996431803214e-12
158.22,1.9287996431803214e-12
158.24,1.9287996431803214e-12
158.26000000000002,1.9287996431803214e-12
158.28,1.9287996431803214e-12
158.3,1.9287996431803214e-12
158.32000000000002,1.9287996431803214e-12
158.34,1.9287996431803214e-12
158.36,1.9287996431803214e-12
158.38000000000002,1.9287996431803214e-12
158.4,1.9287996431803214e-12
158.42000000000002,1.9287996431803214e-12
158.44000000000003,1.9287996431803214e-12
158.46,1.9287996431803214e-12
158.48000000000002,1.9287996431803214e-12
158.50000000000003,1.9287996431803214e-12
158.52,1.9287996431803214e-12
158.54000000000002,1.9287996431803214e-12
158.56,1.9287996431803214e-12
158.58,1.9287996431803214e-12
158.6,1.9287996431803214e-12
158.62,1.9287996431803214e-12
158.64000000000001,1.9287996431803214e-12
158.66,1.9287996431803214e-12
158.68,1.9287996431803214e-12
158.70000000000002,1.9287996431803214e-12
158.72,1.9287996431803214e-12
158.74,1.9287996431803214e-12
158.76000000000002,1.9287996431803214e-12
158.78,1.9287996431803214e-12
158.8,1.9287996431803214e-12
158.82000000000002,1.9287996431803214e-12
158.84,1.9287996431803214e-12
158.86,1.9287996431803214e-12
158.88000000000002,1.9287996431803214e-12
158.9,1.9287996431803214e-12
158.92000000000002,1.9287996431803214e-12
158.94000000000003,1.9287996431803214e-12
158.96,1.9287996431803214e-12
158.98000000000002,1.9287996431803214e-12
159.00000000000003,1.9287996431803214e-12
159.02,1.9287996431803214e-12
159.04000000000002,1.9287996431803214e-12
159.06,1.9287996431803214e-12
159.08,1.9287996431803214e-12
159.1,1.9287996431803214e-12
159.12,1.9287996431803214e-12
159.14000000000001,1.9287996431803214e-12
159.16,1.9287996431803214e-12
159.18,1.9287996431803214e-12
159.20000000000002,1.9287996431803214e-12
159.22,1.9287996431803214e-12
159.24,1.9287996431803214e-12
159.26000000000002,1.9287996431803214e-12
159.28,1.9287996431803214e-12
159.3,1.9287996431803214e-12
159.32000000000002,1.9287996431803214e-12
159.34,1.9287996431803214e-12
159.36,1.9287996431803214e-12
159.38000000000002,1.9287996431803214e-12
159.4,1.9287996431803214e-12
159.42000000000002,1.9287996431803214e-12
159.44000000000003,1.9287996431803214e-12
159.46,1.9287996431803214e-12
159.48000000000002,1.9287996431803214e-12
159.50000000000003,1.9287996431803214e-12
159.52,1.9287996431803214e-12
159.54000000000002,1.9287996431803214e-12
159.56,1.9287996431803214e-12
159.58,1.9287996431803214e-12
159.6,1.9287996431803214e-12
159.62,1.9287996431803214e-12
159.64000000000001,1.9287996431803214e-12
159.66,1.9287996431803214e-12
159.68,1.9287996431803214e-12
159.70000000000002,1.9287996431803214e-12
159.72,1.9287996431803214e-12
159.74,1.9287996431803214e-12
159.76000000000002,1.9287996431803214e-12
159.78,1.9287996431803214e-12
159.8,1.9287996431803214e-12
159.82000000000002,1.9287996431803214e-12
159.84,1.9287996431803214e-12
159.86,1.9287996431803214e-12
159.88000000000002,1.9287996431803214e-12
159.9,1.9287996431803214e-12
159.92000000000002,1.9287996431803214e-12
159.94000000000003,1.9287996431803214e-12
159.96,1.9287996431803214e-12
159.98000000000002,1.9287996431803214e-12
160.00000000000003,1.9287996431803214e-12
