130,-0.33333333332966564
130.02,-0.33333333332954557
130.04000000000002,-0.33333333332942855
130.06,-0.33333333332931475
130.08,-0.3333333333292043
130.10000000000002,-0.33333333332909737
130.12,-0.3333333333289941
130.14000000000001,-0.3333333333288947
130.16,-0.3333333333287993
130.18,-0.33333333332870796
130.20000000000002,-0.333333333328621
130.22,-0.33333333332853843
130.24,-0.3333333333284605
130.26000000000002,-0.3333333333283874
130.28,-0.3333333333283192
130.3,-0.33333333332825615
130.32000000000002,-0.3333333333281984
130.34,-0.3333333333281462
130.36,-0.3333333333280996
130.38000000000002,-0.3333333333280589
130.4,-0.33333333332802434
130.42000000000002,-0.33333333332799603
130.44,-0.3333333333279742
130.46,-0.3333333333279591
130.48000000000002,-0.33333333332795095
130.5,-0.33333333332794995
130.52,-0.33333333332795634
130.54000000000002,-0.3333333333279704
130.56,-0.33333333332799225
130.58,-0.3333333333280222
130.60000000000002,-0.3333333333280604
130.62,-0.3333333333281072
130.64000000000001,-0.33333333332816273
130.66,-0.33333333332822723
130.68,-0.3333333333283009
130.70000000000002,-0.33333333332838394
130.72,-0.3333333333284766
130.74,-0.333333333328579
130.76000000000002,-0.33333333332869136
130.78,-0.3333333333288139
130.8,-0.33333333332894666
130.82000000000002,-0.3333333333290899
130.84,-0.33333333332924364
130.86,-0.3333333333294081
130.88000000000002,-0.3333333333295834
130.9,-0.3333333333297696
130.92000000000002,-0.33333333332996684
130.94,-0.3333333333301751
130.96,-0.33333333333039455
130.98000000000002,-0.3333333333306252
131.,-0.3333333333308671
131.02,-0.33333333333112036
131.04000000000002,-0.33333333333138493
131.06,-0.3333333333316608
131.08,-0.3333333333319481
131.10000000000002,-0.3333333333322467
131.12,-0.33333333333255666
131.14000000000001,-0.33333333333287796
131.16,-0.3333333333332106
131.18,-0.3333333333335545
131.20000000000002,-0.33333333333390974
131.22,-0.33333333333427617
131.24,-0.3333333333346538
131.26000000000002,-0.3333333333350426
131.28,-0.33333333333544246
131.3,-0.33333333333585335
131.32000000000002,-0.33333333333627524
131.34,-0.333333333336708
131.36,-0.33333333333715154
131.38000000000002,-0.3333333333376058
131.4,-0.33333333333807064
131.42000000000002,-0.3333333333385459
131.44,-0.3333333333390316
131.46,-0.3333333333395274
131.48000000000002,-0.3333333333400333
131.5,-0.33333333334054904
131.52,-0.33333333334107446
131.54000000000002,-0.33333333334160936
131.56,-0.3333333333421535
131.58,-0.3333333333427066
131.60000000000002,-0.3333333333432684
131.62,-0.3333333333438387
131.64000000000001,-0.33333333334441706
131.66,-0.33333333334500326
131.68,-0.33333333334559684
131.70000000000002,-0.3333333333461975
131.72,-0.3333333333468048
131.74,-0.3333333333474184
131.76000000000002,-0.3333333333480377
131.78,-0.3333333333486624
131.8,-0.3333333333492919
131.82000000000002,-0.33333333334992565
131.84,-0.33333333335056325
131.86,-0.3333333333512041
131.88000000000002,-0.33333333335184756
131.9,-0.33333333335249316
131.92000000000002,-0.3333333333531402
131.94,-0.3333333333537881
131.96,-0.33333333335443627
131.98000000000002,-0.33333333335508397
132.,-0.33333333335573057
132.02,-0.3333333333563754
132.04000000000002,-0.33333333335701776
132.06,-0.33333333335765697
132.08,-0.3333333333582923
132.10000000000002,-0.333333333358923
132.12,-0.3333333333595484
132.14000000000001,-0.3333333333601677
132.16,-0.33333333336078014
132.18,-0.333333333361385
132.20000000000002,-0.33333333336198145
132.22,-0.33333333336256876
132.24,-0.3333333333631461
132.26000000000002,-0.3333333333637126
132.28,-0.33333333336426757
132.3,-0.3333333333648101
132.32000000000002,-0.3333333333653393
132.34,-0.33333333336585447
132.36,-0.3333333333663546
132.38000000000002,-0.3333333333668389
132.4,-0.3333333333673064
132.42000000000002,-0.3333333333677563
132.44,-0.33333333336818755
132.46,-0.3333333333685993
132.48000000000002,-0.3333333333689906
132.5,-0.33333333336936055
132.52,-0.33333333336970805
132.54000000000002,-0.33333333337003224
132.56,-0.33333333337033205
132.58,-0.33333333337060655
132.60000000000002,-0.3333333333708547
132.62,-0.33333333337107546
132.64000000000001,-0.33333333337126786
132.66,-0.33333333337143084
132.68,-0.3333333333715634
132.70000000000002,-0.3333333333716645
132.72,-0.3333333333717331
132.74,-0.3333333333717682
132.76000000000002,-0.33333333337176874
132.78,-0.3333333333717337
132.8,-0.3333333333716621
132.82000000000002,-0.33333333337155296
132.84,-0.33333333337140525
132.86,-0.333333333371218
132.88000000000002,-0.33333333337099025
132.9,-0.3333333333707211
132.92000000000002,-0.3333333333704095
132.94,-0.33333333337005466
132.96,-0.33333333336965565
132.98000000000002,-0.3333333333692116
133.,-0.33333333336872173
133.02,-0.33333333336818516
133.04000000000002,-0.3333333333676011
133.06,-0.3333333333669689
133.08,-0.33333333336628773
133.10000000000002,-0.3333333333655569
133.12,-0.3333333333647758
133.14000000000001,-0.33333333336394366
133.16,-0.33333333336306
133.18,-0.3333333333621242
133.20000000000002,-0.3333333333611357
133.22,-0.333333333360094
133.24,-0.3333333333589987
133.26000000000002,-0.3333333333578492
133.28,-0.3333333333566452
133.3,-0.33333333335538634
133.32000000000002,-0.3333333333540722
133.34,-0.3333333333527026
133.36,-0.33333333335127724
133.38000000000002,-0.3333333333497959
133.4,-0.33333333334825843
133.42000000000002,-0.3333333333466647
133.44,-0.33333333334501464
133.46,-0.33333333334330817
133.48000000000002,-0.33333333334154536
133.5,-0.33333333333972626
133.52,-0.33333333333785103
133.54000000000002,-0.33333333333591986
133.56,-0.3333333333339329
133.58,-0.3333333333318905
133.60000000000002,-0.33333333332979304
133.62,-0.3333333333276409
133.64000000000001,-0.33333333332543463
133.66,-0.3333333333231747
133.68,-0.33333333332086185
133.70000000000002,-0.3333333333184967
133.72,-0.33333333331608
133.74,-0.33333333331361265
133.76000000000002,-0.33333333331109555
133.78,-0.3333333333085297
133.8,-0.33333333330591625
133.82000000000002,-0.3333333333032563
133.84,-0.33333333330055115
133.86,-0.3333333332978021
133.88000000000002,-0.33333333329501064
133.9,-0.3333333332921782
133.92000000000002,-0.33333333328930637
133.94,-0.33333333328639686
133.96,-0.33333333328345144
133.98000000000002,-0.33333333328047193
134.,-0.33333333327746034
134.02,-0.3333333332744186
134.04000000000002,-0.3333333332713489
134.06,-0.3333333332682534
134.08,-0.33333333326513437
134.10000000000002,-0.3333333332619942
134.12,-0.33333333325883535
134.14000000000001,-0.33333333325566034
134.16,-0.3333333332524718
134.18,-0.33333333324927233
134.20000000000002,-0.33333333324606484
134.22,-0.33333333324285214
134.24,-0.33333333323963715
134.26000000000002,-0.33333333323642295
134.28,-0.3333333332332126
134.3,-0.33333333323000935
134.32000000000002,-0.33333333322681635
134.34,-0.333333333223637
134.36,-0.33333333322047476
134.38000000000002,-0.33333333321733305
134.4,-0.3333333332142155
134.42000000000002,-0.3333333332111257
134.44,-0.3333333332080674
134.46,-0.33333333320504444
134.48000000000002,-0.33333333320206066
134.5,-0.33333333319912
134.52,-0.3333333331962265
134.54000000000002,-0.3333333331933842
134.56,-0.3333333331905973
134.58,-0.33333333318787006
134.60000000000002,-0.3333333331852067
134.62,-0.3333333331826116
134.64000000000001,-0.33333333318008923
134.66,-0.333333333177644
134.68,-0.3333333331752806
134.70000000000002,-0.33333333317300345
134.72,-0.33333333317081726
134.74,-0.33333333316872676
134.76000000000002,-0.33333333316673663
134.78,-0.3333333331648517
134.8,-0.33333333316307673
134.82000000000002,-0.3333333331614166
134.84,-0.33333333315987623
134.86,-0.3333333331584605
134.88000000000002,-0.3333333331571743
134.9,-0.33333333315602254
134.92000000000002,-0.33333333315501024
134.94,-0.33333333315414226
134.96,-0.3333333331534236
134.98000000000002,-0.33333333315285923
135.,-0.333333333152454
135.02,-0.33333333315221286
135.04000000000002,-0.33333333315214064
135.06,-0.33333333315224223
135.08,-0.33333333315252245
135.10000000000002,-0.3333333331529861
135.12,-0.3333333331536378
135.14000000000001,-0.3333333331544823
135.16,-0.33333333315552427
135.18,-0.33333333315676816
135.20000000000002,-0.3333333331582185
135.22,-0.33333333315987973
135.24,-0.3333333331617561
135.26000000000002,-0.33333333316385194
135.28,-0.33333333316617136
135.3,-0.3333333331687184
135.32000000000002,-0.333333333171497
135.34,-0.33333333317451097
135.36,-0.3333333331777641
135.38000000000002,-0.3333333331812599
135.4,-0.3333333331850019
135.42000000000002,-0.33333333318899344
135.44,-0.33333333319323766
135.46,-0.33333333319773756
135.48000000000002,-0.3333333332024961
135.5,-0.33333333320751596
135.52,-0.3333333332127997
135.54000000000002,-0.3333333332183497
135.56,-0.3333333332241681
135.58,-0.33333333323025693
135.60000000000002,-0.333333333236618
135.62,-0.33333333324325287
135.64000000000001,-0.33333333325016296
135.66,-0.3333333332573494
135.68,-0.333333333264813
135.70000000000002,-0.3333333332725546
135.72,-0.3333333332805746
135.74,-0.33333333328887305
135.76000000000002,-0.33333333329744996
135.78,-0.333333333306305
135.8,-0.33333333331543746
135.82000000000002,-0.33333333332484644
135.84,-0.3333333333345307
135.86,-0.3333333333444887
135.88000000000002,-0.33333333335471865
135.9,-0.33333333336521836
135.92000000000002,-0.3333333333759853
135.94,-0.33333333338701676
135.96,-0.3333333333983095
135.98000000000002,-0.33333333340986004
136.,-0.33333333342166455
136.02,-0.3333333334337188
136.04000000000002,-0.3333333334460182
136.06,-0.3333333334585578
136.08,-0.33333333347133237
136.10000000000002,-0.33333333348433614
136.12,-0.333333333497563
136.14000000000001,-0.3333333335110066
136.16,-0.33333333352465994
136.18,-0.33333333353851585
136.20000000000002,-0.33333333355256667
136.22,-0.33333333356680434
136.24,-0.3333333335812204
136.26000000000002,-0.333333333595806
136.28,-0.3333333336105519
136.3,-0.3333333336254483
136.32000000000002,-0.3333333336404852
136.34,-0.333333333655652
136.36,-0.3333333336709378
136.38000000000002,-0.3333333336863313
136.4,-0.33333333370182067
136.42000000000002,-0.3333333337173937
136.44,-0.33333333373303786
136.46,-0.33333333374874
136.48000000000002,-0.33333333376448676
136.5,-0.33333333378026425
136.52,-0.3333333337960582
136.54000000000002,-0.3333333338118538
136.56,-0.333333333827636
136.58,-0.3333333338433893
136.60000000000002,-0.3333333338590977
136.62,-0.33333333387474484
136.64000000000001,-0.333333333890314
136.66,-0.33333333390578795
136.68,-0.3333333339211492
136.70000000000002,-0.3333333339363798
136.72,-0.3333333339514614
136.74,-0.3333333339663753
136.76000000000002,-0.3333333339811025
136.78,-0.3333333339956234
136.8,-0.3333333340099184
136.82000000000002,-0.3333333340239672
136.84,-0.3333333340377494
136.86,-0.33333333405124416
136.88000000000002,-0.33333333406443044
136.9,-0.33333333407728677
136.92000000000002,-0.33333333408979143
136.94,-0.33333333410192245
136.96,-0.33333333411365756
136.98000000000002,-0.3333333341249743
137.,-0.3333333341358499
137.02,-0.3333333341462615
137.04000000000002,-0.3333333341561859
137.06,-0.33333333416559974
137.08,-0.3333333341744796
137.10000000000002,-0.33333333418280175
137.12,-0.3333333341905425
137.14000000000001,-0.33333333419767797
137.16,-0.3333333342041842
137.18,-0.33333333421003714
137.20000000000002,-0.3333333342152127
137.22,-0.3333333342196869
137.24,-0.3333333342234356
137.26000000000002,-0.33333333422643463
137.28,-0.33333333422866007
137.3,-0.333333334230088
137.32000000000002,-0.3333333342306945
137.34,-0.3333333342304559
137.36,-0.3333333342293486
137.38000000000002,-0.3333333342273492
137.4,-0.33333333422443445
137.42000000000002,-0.3333333342205814
137.44,-0.3333333342157674
137.46,-0.33333333420996986
137.48000000000002,-0.3333333342031668
137.5,-0.33333333419533634
137.52,-0.3333333341864571
137.54000000000002,-0.3333333341765081
137.56,-0.3333333341654688
137.58,-0.333333334153319
137.60000000000002,-0.3333333341400392
137.62,-0.3333333341256102
137.64000000000001,-0.3333333341100136
137.66,-0.3333333340932314
137.68,-0.3333333340752464
137.70000000000002,-0.33333333405604193
137.72,-0.33333333403560206
137.74,-0.33333333401391163
137.76000000000002,-0.3333333339909562
137.78,-0.3333333339667222
137.8,-0.33333333394119685
137.82000000000002,-0.3333333339143683
137.84,-0.3333333338862256
137.86,-0.3333333338567587
137.88000000000002,-0.3333333338259586
137.9,-0.3333333337938173
137.92000000000002,-0.3333333337603279
137.94,-0.3333333337254847
137.96,-0.33333333368928286
137.98000000000002,-0.33333333365171897
138.,-0.3333333336127907
138.02,-0.3333333335724971
138.04000000000002,-0.33333333353083844
138.06,-0.33333333348781624
138.08,-0.33333333344343347
138.10000000000002,-0.3333333333976945
138.12,-0.3333333333506051
138.14000000000001,-0.3333333333021725
138.16,-0.3333333332524055
138.18,-0.3333333332013143
138.20000000000002,-0.33333333314891084
138.22,-0.3333333330952085
138.24,-0.3333333330402224
138.26000000000002,-0.3333333329839692
138.28,-0.33333333292646744
138.3,-0.3333333328677372
138.32000000000002,-0.3333333328078004
138.34,-0.33333333274668075
138.36,-0.3333333326844037
138.38000000000002,-0.3333333326209965
138.4,-0.3333333325564884
138.42000000000002,-0.3333333324909104
138.44,-0.3333333324242954
138.46,-0.33333333235667834
138.48000000000002,-0.3333333322880959
138.5,-0.33333333221858696
138.52,-0.3333333321481922
138.54000000000002,-0.33333333207695437
138.56,-0.33333333200491816
138.58,-0.3333333319321304
138.60000000000002,-0.3333333318586398
138.62,-0.33333333178449726
138.64000000000001,-0.33333333170975565
138.66,-0.33333333163447
138.68,-0.3333333315586972
138.70000000000002,-0.3333333314824965
138.72,-0.33333333140592897
138.74,-0.3333333313290579
138.76000000000002,-0.3333333312519486
138.78,-0.33333333117466846
138.8,-0.3333333310972869
138.82000000000002,-0.3333333310198755
138.84,-0.3333333309425077
138.86,-0.3333333308652592
138.88000000000002,-0.3333333307882075
138.9,-0.3333333307114322
138.92000000000002,-0.33333333063501486
138.94,-0.3333333305590391
138.96,-0.33333333048359026
138.98000000000002,-0.3333333304087558
139.,-0.33333333033462487
139.02,-0.33333333026128853
139.04000000000002,-0.33333333018883965
139.06,-0.3333333301173729
139.08,-0.33333333004698457
139.10000000000002,-0.3333333299777727
139.12,-0.333333329909837
139.14000000000001,-0.33333332984327857
139.16,-0.33333332977820024
139.18,-0.33333332971470625
139.20000000000002,-0.33333332965290213
139.22,-0.3333333295928949
139.24,-0.33333332953479283
139.26000000000002,-0.3333333294787053
139.28,-0.3333333294247429
139.3,-0.33333332937301735
139.32000000000002,-0.33333332932364124
139.34,-0.3333333292767281
139.36,-0.3333333292323923
139.38000000000002,-0.33333332919074893
139.4,-0.3333333291519137
139.42000000000002,-0.33333332911600294
139.44,-0.33333332908313335
139.46,-0.333333329053422
139.48000000000002,-0.33333332902698626
139.5,-0.3333333290039436
139.52,-0.33333332898441154
139.54000000000002,-0.33333332896850754
139.56,-0.3333333289563489
139.58,-0.3333333289480525
139.60000000000002,-0.3333333289437349
139.62,-0.33333332894351214
139.64000000000001,-0.33333332894749945
139.66,-0.33333332895581136
139.68,-0.33333332896856144
139.70000000000002,-0.33333332898586215
139.72,-0.3333333290078248
139.74,-0.33333332903455937
139.76000000000002,-0.33333332906617424
139.78,-0.3333333291027762
139.8,-0.3333333291444703
139.82000000000002,-0.33333332919135955
139.84,-0.333333329243545
139.86,-0.33333332930112525
139.88000000000002,-0.33333332936419674
139.9,-0.33333332943285315
139.92000000000002,-0.3333333295071855
139.94,-0.33333332958728196
139.96,-0.33333332967322754
139.98000000000002,-0.3333333297651041
140.,-0.33333332986299
140.02,-0.3333333299669602
140.04000000000002,-0.33333333007708565
140.06,-0.33333333019343364
140.08,-0.33333333031606727
140.10000000000002,-0.3333333304450453
140.12,-0.33333333058042214
140.14000000000001,-0.3333333307222475
140.16,-0.3333333308705664
140.18,-0.3333333310254186
140.20000000000002,-0.3333333311868391
140.22,-0.33333333135485727
140.24,-0.33333333152949707
140.26000000000002,-0.3333333317107767
140.28,-0.33333333189870856
140.3,-0.33333333209329896
140.32000000000002,-0.333333332294548
140.34,-0.33333333250244934
140.36,-0.33333333271699017
140.38000000000002,-0.3333333329381508
140.4,-0.33333333316590474
140.42000000000002,-0.3333333334002183
140.44,-0.3333333336410507
140.46,-0.3333333338883536
140.48000000000002,-0.3333333341420712
140.5,-0.3333333344021399
140.52,-0.33333333466848825
140.54000000000002,-0.3333333349410367
140.56,-0.33333333521969755
140.58,-0.3333333355043749
140.60000000000002,-0.33333333579496416
140.62,-0.33333333609135224
140.64000000000001,-0.33333333639341733
140.66,-0.3333333367010287
140.68,-0.3333333370140467
140.70000000000002,-0.33333333733232245
140.72,-0.33333333765569795
140.74,-0.33333333798400583
140.76000000000002,-0.3333333383170693
140.78,-0.33333333865470205
140.8,-0.33333333899670814
140.82000000000002,-0.33333333934288195
140.84,-0.3333333396930081
140.86,-0.3333333400468613
140.88000000000002,-0.3333333404042065
140.9,-0.3333333407647985
140.92000000000002,-0.33333334112838225
140.94,-0.3333333414946927
140.96,-0.3333333418634546
140.98000000000002,-0.3333333422343827
141.,-0.3333333426071818
141.02,-0.3333333429815463
141.04000000000002,-0.33333334335716086
141.06,-0.3333333437336999
141.08,-0.3333333441108279
141.10000000000002,-0.33333334448819923
141.12,-0.3333333448654585
141.14000000000001,-0.3333333452422404
141.16,-0.3333333456181698
141.18,-0.33333334599286185
141.20000000000002,-0.33333334636592216
141.22,-0.3333333467369468
141.24,-0.33333334710552254
141.26000000000002,-0.33333334747122684
141.28,-0.3333333478336281
141.3,-0.33333334819228577
141.32000000000002,-0.3333333485467506
141.34,-0.33333334889656474
141.36,-0.33333334924126196
141.38000000000002,-0.3333333495803679
141.4,-0.3333333499134003
141.42000000000002,-0.3333333502398692
141.44,-0.3333333505592772
141.46,-0.33333335087111976
141.48000000000002,-0.33333335117488544
141.5,-0.3333333514700563
141.52,-0.3333333517561081
141.54000000000002,-0.3333333520325107
141.56,-0.3333333522987283
141.58,-0.3333333525542199
141.60000000000002,-0.3333333527984398
141.62,-0.33333335303083755
141.64000000000001,-0.3333333532508589
141.66,-0.3333333534579458
141.68,-0.33333335365153705
141.70000000000002,-0.3333333538310687
141.72,-0.3333333539959745
141.74,-0.3333333541456864
141.76000000000002,-0.3333333542796349
141.78,-0.3333333543972498
141.8,-0.33333335449796064
141.82000000000002,-0.3333333545811971
141.84,-0.3333333546463898
141.86,-0.3333333546929706
141.88000000000002,-0.3333333547203734
141.9,-0.3333333547280346
141.92000000000002,-0.3333333547153938
141.94,-0.3333333546818945
141.96,-0.33333335462698443
141.98000000000002,-0.33333335455011653
142.,-0.3333333544507495
142.02,-0.3333333543283485
142.04000000000002,-0.3333333541823857
142.06,-0.33333335401234127
142.08,-0.33333335381770385
142.10000000000002,-0.3333333535979714
142.12,-0.3333333533526519
142.14000000000001,-0.33333335308126416
142.16,-0.3333333527833385
142.18,-0.33333335245841755
142.20000000000002,-0.33333335210605713
142.22,-0.33333335172582695
142.24,-0.33333335131731134
142.26000000000002,-0.3333333508801103
142.28,-0.33333335041384005
142.3,-0.333333349918134
142.32000000000002,-0.33333334939264364
142.34,-0.3333333488370392
142.36,-0.33333334825101063
142.38000000000002,-0.3333333476342684
142.4,-0.33333334698654443
142.42000000000002,-0.33333334630759276
142.44,-0.33333334559719063
142.46,-0.33333334485513916
142.48000000000002,-0.3333333440812643
142.5,-0.33333334327541775
142.52,-0.3333333424374777
142.54000000000002,-0.3333333415673497
142.56,-0.3333333406649675
142.58,-0.33333333973029416
142.60000000000002,-0.3333333387633225
142.62,-0.3333333377640762
142.64000000000001,-0.33333333673261056
142.66,-0.33333333566901335
142.68,-0.33333333457340564
142.70000000000002,-0.33333333344594257
142.72,-0.3333333322868143
142.74,-0.33333333109624647
142.76000000000002,-0.33333332987450137
142.78,-0.3333333286218785
142.8,-0.3333333273387153
142.82000000000002,-0.333333326025388
142.84,-0.3333333246823123
142.86,-0.333333323309944
142.88000000000002,-0.33333332190877973
142.9,-0.33333332047935776
142.92000000000002,-0.33333331902225843
142.94,-0.3333333175381048
142.96,-0.3333333160275634
142.98000000000002,-0.3333333144913446
143.,-0.3333333129302034
143.02,-0.33333331134493965
143.04000000000002,-0.3333333097363988
143.06,-0.3333333081054722
143.08,-0.3333333064530976
143.10000000000002,-0.33333330478025963
143.12,-0.33333330308799
143.14000000000001,-0.3333333013773678
143.16,-0.3333332996495199
143.18,-0.33333329790562133
143.20000000000002,-0.3333332961468952
143.22,-0.3333332943746131
143.24,-0.33333329259009514
143.26000000000002,-0.33333329079470997
143.28,-0.33333328898987497
143.3,-0.3333332871770562
143.32000000000002,-0.3333332853577682
143.34,-0.33333328353357417
143.36,-0.3333332817060856
143.38000000000002,-0.3333332798769622
143.4,-0.3333332780479115
143.42000000000002,-0.33333327622068876
143.44,-0.3333332743970964
143.46,-0.3333332725789838
143.48000000000002,-0.33333327076824665
143.5,-0.33333326896682647
143.52,-0.3333332671767101
143.54000000000002,-0.33333326539992897
143.56,-0.3333332636385585
143.58,-0.3333332618947171
143.60000000000002,-0.3333332601705658
143.62,-0.3333332584683068
143.64000000000001,-0.3333332567901829
143.66,-0.3333332551384762
143.68,-0.33333325351550747
143.70000000000002,-0.33333325192363433
143.72,-0.33333325036525063
143.74,-0.33333324884278476
143.76000000000002,-0.33333324735869857
143.78,-0.3333332459154857
143.8,-0.3333332445156702
143.82000000000002,-0.33333324316180496
143.84,-0.33333324185647006
143.86,-0.333333240602271
143.88000000000002,-0.3333332394018369
143.9,-0.3333332382578188
143.92000000000002,-0.3333332371728875
143.94,-0.33333323614973165
143.96,-0.3333332351910558
143.98000000000002,-0.33333323429957795
144.,-0.3333332334780277
144.02,-0.3333332327291435
144.04000000000002,-0.3333332320556707
144.06,-0.3333332314603589
144.08,-0.33333323094595946
144.10000000000002,-0.3333332305152228
144.12,-0.3333332301708959
144.14000000000001,-0.33333322991571956
144.16,-0.3333332297524255
144.18,-0.3333332296837335
144.20000000000002,-0.3333332297123486
144.22,-0.3333332298409578
144.24,-0.33333323007222737
144.26000000000002,-0.33333323040879936
144.28,-0.3333332308532886
144.3,-0.33333323140827936
144.32000000000002,-0.333333232076322
144.34,-0.3333332328599296
144.36,-0.3333332337615746
144.38000000000002,-0.33333323478368515
144.4,-0.33333323592864156
144.42000000000002,-0.33333323719877284
144.44,-0.3333332385963529
144.46,-0.3333332401235968
144.48000000000002,-0.33333324178265705
144.5,-0.3333332435756199
144.52,-0.3333332455045013
144.54000000000002,-0.3333332475712431
144.56,-0.3333332497777093
144.58,-0.33333325212568166
144.60000000000002,-0.33333325461685614
144.62,-0.3333332572528387
144.64000000000001,-0.3333332600351412
144.66,-0.3333332629651774
144.68,-0.33333326604425895
144.70000000000002,-0.3333332692735911
144.72,-0.3333332726542687
144.74,-0.3333332761872722
144.76000000000002,-0.33333327987346323
144.78,-0.33333328371358073
144.8,-0.33333328770823667
144.82000000000002,-0.333333291857912
144.84,-0.33333329616295254
144.86,-0.3333333006235649
144.88000000000002,-0.33333330523981236
144.9,-0.3333333100116108
144.92000000000002,-0.33333331493872487
144.94,-0.3333333200207637
144.96,-0.3333333252571772
144.98000000000002,-0.333333330647252
145.,-0.3333333361901078
145.02,-0.33333334188469327
145.04000000000002,-0.3333333477297825
145.06,-0.3333333537239714
145.08,-0.3333333598656738
145.10000000000002,-0.3333333661531182
145.12,-0.3333333725843441
145.14000000000001,-0.33333337915719874
145.16,-0.3333333858693338
145.18,-0.33333339271820217
145.20000000000002,-0.3333333997010549
145.22,-0.3333334068149383
145.24,-0.33333341405669076
145.26000000000002,-0.3333334214229405
145.28,-0.3333334289101025
145.3,-0.3333334365143763
145.32000000000002,-0.33333344423174355
145.34,-0.3333334520579657
145.36,-0.33333345998858216
145.38000000000002,-0.3333334680189082
145.4,-0.33333347614403336
145.42000000000002,-0.3333334843588198
145.44,-0.33333349265790096
145.46,-0.3333335010356802
145.48000000000002,-0.33333350948633006
145.5,-0.33333351800379113
145.52,-0.33333352658177157
145.54000000000002,-0.3333335352137467
145.56,-0.33333354389295866
145.58,-0.33333355261241654
145.60000000000002,-0.3333335613648965
145.62,-0.3333335701429423
145.64000000000001,-0.333333578938866
145.66,-0.3333335877447488
145.68,-0.3333335965524423
145.70000000000002,-0.33333360535356993
145.72,-0.3333336141395285
145.74,-0.3333336229014904
145.76000000000002,-0.3333336316304056
145.78,-0.3333336403170043
145.8,-0.3333336489517996
145.82000000000002,-0.3333336575250907
145.84,-0.333333666026966
145.86,-0.3333336744473071
145.88000000000002,-0.3333336827757924
145.9,-0.33333369100190163
145.92000000000002,-0.3333336991149202
145.94,-0.3333337071039443
145.96,-0.3333337149578858
145.98000000000002,-0.333333722665478
146.,-0.33333373021528145
146.02,-0.33333373759568996
146.04000000000002,-0.3333337447949372
146.06,-0.3333337518011036
146.08,-0.3333337586021233
146.10000000000002,-0.33333376518579183
146.12,-0.33333377153977395
146.14000000000001,-0.33333377765161176
146.16,-0.3333337835087333
146.18,-0.33333378909846123
146.20000000000002,-0.33333379440802247
146.22,-0.3333337994245574
146.24,-0.33333380413512986
146.26000000000002,-0.3333338085267376
146.28,-0.33333381258632266
146.3,-0.33333381630078246
146.32000000000002,-0.33333381965698106
146.34,-0.3333338226417609
146.36,-0.3333338252419549
146.38000000000002,-0.3333338274443983
146.4,-0.33333382923594207
146.42000000000002,-0.33333383060346533
146.44000000000003,-0.3333338315338891
146.46,-0.33333383201418976
146.48000000000002,-0.3333338320314131
146.5,-0.3333338315726887
146.52,-0.33333383062524463
146.54000000000002,-0.3333338291764223
146.56,-0.33333382721369176
146.58,-0.33333382472466727
146.60000000000002,-0.3333338216971232
146.62,-0.3333338181190102
146.64000000000001,-0.3333338139784714
146.66,-0.3333338092638594
146.68,-0.3333338039637531
146.70000000000002,-0.3333337980669749
146.72,-0.33333379156260806
146.74,-0.33333378444001466
146.76000000000002,-0.33333377668885317
146.78,-0.3333337682990968
146.8,-0.33333375926105163
146.82000000000002,-0.3333337495653754
146.84,-0.33333373920309606
146.86,-0.33333372816563034
146.88000000000002,-0.3333337164448031
146.9,-0.3333337040328664
146.92000000000002,-0.3333336909225186
146.94000000000003,-0.33333367710692385
146.96,-0.33333366257973146
146.98000000000002,-0.3333336473350954
147.,-0.333333631367694
147.02,-0.33333361467274936
147.04000000000002,-0.3333335972460471
147.06,-0.33333357908395606
147.08,-0.3333335601834478
147.10000000000002,-0.33333354054211617
147.12,-0.333333520158197
147.14000000000001,-0.3333334990305874
147.16,-0.3333334771588652
147.18,-0.3333334545433081
147.20000000000002,-0.33333343118491293
147.22,-0.3333334070854144
147.24,-0.33333338224730413
147.26000000000002,-0.3333333566738489
147.28,-0.3333333303691091
147.3,-0.33333330333795697
147.32000000000002,-0.3333332755860941
147.34,-0.3333332471200691
147.36,-0.3333332179472948
147.38000000000002,-0.3333331880760649
147.4,-0.3333331575155704
147.42000000000002,-0.333333126275916
147.44000000000003,-0.3333330943681351
147.46,-0.3333330618042053
147.48000000000002,-0.3333330285970631
147.5,-0.3333329947606178
147.52,-0.33333296030976517
147.54000000000002,-0.33333292526040065
147.56,-0.3333328896294314
147.58,-0.3333328534347886
147.60000000000002,-0.333332816695438
147.62,-0.33333277943139095
147.64000000000001,-0.3333327416637137
147.66,-0.3333327034145367
147.68,-0.33333266470706263
147.70000000000002,-0.333332625565574
147.72,-0.33333258601543975
147.74,-0.3333325460831207
147.76000000000002,-0.3333325057961748
147.78,-0.3333324651832609
147.8,-0.3333324242741416
147.82000000000002,-0.33333238309968566
147.84,-0.3333323416918686
147.86,-0.3333323000837729
147.88000000000002,-0.33333225830958696
147.9,-0.33333221640460275
147.92000000000002,-0.3333321744052128
147.94000000000003,-0.3333321323489055
147.96,-0.3333320902742597
147.98000000000002,-0.3333320482209378
148.,-0.3333320062296778
148.02,-0.33333196434228396
148.04000000000002,-0.33333192260161637
148.06,-0.33333188105157896
148.08,-0.3333318397371064
148.10000000000002,-0.33333179870414953
148.12,-0.33333175799965953
148.14000000000001,-0.33333171767157055
148.16,-0.33333167776878103
148.18,-0.33333163834113355
148.20000000000002,-0.33333159943939317
148.22,-0.33333156111522433
148.24,-0.33333152342116634
148.26000000000002,-0.3333314864106072
148.28,-0.333331450137756
148.3,-0.3333314146576136
148.32000000000002,-0.3333313800259421
148.34,-0.3333313462992322
148.36,-0.33333131353466966
148.38000000000002,-0.33333128179009947
148.4,-0.3333312511239888
148.42000000000002,-0.3333312215953884
148.44000000000003,-0.33333119326389204
148.46,-0.33333116618959446
148.48000000000002,-0.3333311404330479
148.5,-0.33333111605521676
148.52,-0.33333109311743053
148.54000000000002,-0.3333310716813354
148.56,-0.333331051808844
148.58,-0.3333310335620833
148.60000000000002,-0.3333310170033416
148.62,-0.33333100219501294
148.64000000000001,-0.3333309891995407
148.66,-0.33333097807935896
148.68,-0.33333096889683284
148.70000000000002,-0.3333309617141968
148.72,-0.3333309565934916
148.74,-0.33333095359649956
148.76000000000002,-0.33333095278467856
148.78,-0.3333309542190941
148.8,-0.33333095796035034
148.82000000000002,-0.33333096406851936
148.84,-0.33333097260306904
148.86,-0.3333309836227896
148.88000000000002,-0.3333309971857188
148.9,-0.33333101334906556
148.92000000000002,-0.33333103216913273
148.94000000000003,-0.33333105370123806
148.96,-0.33333107799963435
148.98000000000002,-0.3333311051174282
149.,-0.33333113510649764
149.02,-0.333331168017409
149.04000000000002,-0.333331203899332
149.06,-0.33333124279995485
149.08,-0.3333312847653974
149.10000000000002,-0.33333132984012426
149.12,-0.3333313780668565
149.14000000000001,-0.333331429486483
149.16,-0.33333148413797087
149.18,-0.3333315420582754
149.20000000000002,-0.33333160328224937
149.22,-0.33333166784255175
149.24,-0.3333317357695563
149.26000000000002,-0.3333318070912597
149.28,-0.33333188183318924
149.3,-0.33333196001831067
149.32000000000002,-0.3333320416669357
149.34,-0.33333212679662966
149.36,-0.33333221542211916
149.38000000000002,-0.33333230755519994
149.4,-0.33333240320464497
149.42000000000002,-0.333332502376113
149.44000000000003,-0.33333260507205764
149.46,-0.33333271129163666
149.48000000000002,-0.3333328210306224
149.5,-0.33333293428131255
149.52,-0.33333305103244226
149.54000000000002,-0.33333317126909673
149.56,-0.33333329497262526
149.58,-0.33333342212055644
149.60000000000002,-0.33333355268651454
149.62,-0.3333336866401374
149.64000000000001,-0.333333823946996
149.66,-0.3333339645685156
149.68,-0.3333341084618986
149.70000000000002,-0.3333342555800494
149.72,-0.3333344058715016
149.74,-0.33333455928034667
149.76000000000002,-0.3333347157461657
149.78,-0.33333487520396304
149.8,-0.3333350375841029
149.82000000000002,-0.33333520281224804
149.84,-0.3333353708093022
149.86,-0.3333355414913546
149.88000000000002,-0.3333357147696279
149.9,-0.3333358905504297
149.92000000000002,-0.3333360687351068
149.94000000000003,-0.3333362492200032
149.96,-0.3333364318964221
149.98000000000002,-0.33333661665059106
150.,-0.3333368033636315
150.02,-0.3333369919115319
150.04000000000002,-0.3333371821651257
150.06,-0.33333737399007296
150.08,-0.33333756724684677
150.10000000000002,-0.33333776179072405
150.12,-0.3333379574717814
150.14000000000001,-0.3333381541348955
150.16,-0.3333383516197485
150.18,-0.3333385497608388
150.20000000000002,-0.33333874838749683
150.22,-0.3333389473239061
150.24,-0.33333914638913026
150.26000000000002,-0.33333934539714505
150.28,-0.33333954415687683
150.3,-0.33333974247224624
150.32000000000002,-0.3333399401422182
150.34,-0.3333401369608581
150.36,-0.3333403327173941
150.38000000000002,-0.3333405271962855
150.4,-0.3333407201772981
150.42000000000002,-0.33334091143558564
150.44000000000003,-0.3333411007417781
150.46,-0.33334128786207656
150.48000000000002,-0.3333414725583552
150.5,-0.33334165458827
150.52,-0.3333418337053742
150.54000000000002,-0.33334200965924166
150.56,-0.3333421821955964
150.58,-0.33334235105645016
150.60000000000002,-0.33334251598024667
150.62,-0.33334267670201384
150.64000000000001,-0.3333428329535228
150.66,-0.333342984463455
150.68,-0.33334313095757634
150.70000000000002,-0.33334327215891907
150.72,-0.3333434077879713
150.74,-0.33334353756287405
150.76000000000002,-0.33334366119962605
150.78,-0.33334377841229595
150.8,-0.3333438889132424
150.82000000000002,-0.3333439924133417
150.84,-0.33334408862222326
150.86,-0.3333441772485122
150.88000000000002,-0.33334425800008
150.9,-0.33334433058430285
150.92000000000002,-0.333344394708327
150.94000000000003,-0.3333444500793418
150.96,-0.3333444964048606
150.98000000000002,-0.3333445333930081
151.,-0.33334456075281604
151.02,-0.3333445781945252
151.04000000000002,-0.333344585429895
151.06,-0.33334458217251994
151.08,-0.33334456813815305
151.10000000000002,-0.3333445430450359
151.12,-0.3333445066142355
151.14000000000001,-0.33334445856998735
151.16,-0.3333443986400454
151.18,-0.3333443265560376
151.20000000000002,-0.3333442420538277
151.22,-0.33334414487388303
151.24,-0.3333440347616478
151.26000000000002,-0.33334391146792175
151.28,-0.3333437747492441
151.3,-0.3333436243682825
151.32000000000002,-0.3333434600942269
151.34,-0.3333432817031874
151.36,-0.3333430889785971
151.38000000000002,-0.33334288171161847
151.4,-0.33334265970155336
151.42000000000002,-0.3333424227562568
151.44000000000003,-0.33334217069255356
151.46,-0.33334190333665775
151.48000000000002,-0.3333416205245947
151.5,-0.3333413221026252
151.52,-0.33334100792767124
151.54000000000002,-0.3333406778677435
151.56,-0.3333403318023697
151.58,-0.3333399696230237
151.60000000000002,-0.3333395912335548
151.62,-0.333339196550617
151.64000000000001,-0.3333387855040979
151.66,-0.3333383580375463
151.68,-0.33333791410859864
151.70000000000002,-0.3333374536894036
151.72,-0.33333697676704427
151.74,-0.3333364833439578
151.76000000000002,-0.3333359734383517
151.78,-0.33333544708461615
151.8,-0.3333349043337327
151.82000000000002,-0.3333343452536776
151.84,-0.3333337699298205
151.86,-0.33333317846531685
151.88000000000002,-0.3333325709814944
151.9,-0.3333319476182326
151.92000000000002,-0.3333313085343349
151.94000000000003,-0.33333065390789296
151.96,-0.33332998393664226
151.98000000000002,-0.33332929883830875
152.,-0.333328598850946
152.02,-0.33332788423326176
152.04000000000002,-0.3333271552649341
152.06,-0.3333264122469158
152.08,-0.3333256555017268
152.10000000000002,-0.33332488537373434
152.12,-0.3333241022294192
152.14000000000001,-0.3333233064576289
152.16,-0.33332249846981565
152.18,-0.3333216787002597
152.20000000000002,-0.33332084760627684
152.22,-0.3333200056684095
152.24,-0.3333191533906011
152.26000000000002,-0.3333182913003523
152.28,-0.3333174199488596
152.3,-0.33331653991113486
152.32000000000002,-0.33331565178610517
152.34,-0.3333147561966928
152.36,-0.3333138537898746
152.38000000000002,-0.33331294523671945
152.4,-0.33331203123240444
152.42000000000002,-0.33331111249620815
152.44000000000003,-0.33331018977148075
152.46,-0.33330926382559023
152.48000000000002,-0.3333083354498445
152.5,-0.3333074054593885
152.52,-0.3333064746930753
152.54000000000002,-0.33330554401331197
152.56,-0.3333046143058779
152.58,-0.3333036864797163
152.60000000000002,-0.3333027614666982
152.62,-0.3333018402213574
152.64000000000001,-0.33330092372059755
152.66,-0.33330001296336925
152.68,-0.3332991089703175
152.70000000000002,-0.3332982127833991
152.72,-0.33329732546546925
152.74,-0.3332964480998368
152.76000000000002,-0.333295581789788
152.78,-0.3332947276580789
152.8,-0.33329388684639405
152.82000000000002,-0.333293060514774
152.84,-0.3332922498410085
152.86,-0.3332914560199975
152.88000000000002,-0.3332906802630771
152.9,-0.33328992379731304
152.92000000000002,-0.3332891878647588
152.94000000000003,-0.33328847372168025
152.96,-0.3332877826377449
152.98000000000002,-0.33328711589517707
153.,-0.3332864747878779
153.02,-0.3332858606205103
153.04000000000002,-0.33328527470754915
153.06,-0.333284718372296
153.08,-0.3332841929458591
153.10000000000002,-0.333283699766098
153.12,-0.33328324017653344
153.14000000000001,-0.33328281552522193
153.16,-0.3332824271635961
153.18,-0.3332820764452698
153.20000000000002,-0.33328176472480947
153.22,-0.33328149335647056
153.24,-0.3332812636929007
153.26000000000002,-0.333281077083809
153.28,-0.33328093487460236
153.3,-0.33328083840498857
153.32000000000002,-0.33328078900754754
153.34,-0.33328078800627037
153.36,-0.33328083671506725
153.38000000000002,-0.3332809364362445
153.4,-0.3332810884589516
153.42000000000002,-0.3332812940575986
153.44000000000003,-0.33328155449024505
153.46,-0.33328187099696066
153.48000000000002,-0.33328224479815916
153.5,-0.33328267709290543
153.52,-0.3332831690571976
153.54000000000002,-0.3332837218422247
153.56,-0.3332843365726003
153.58,-0.33328501434457475
153.60000000000002,-0.33328575622422524
153.62,-0.3332865632456263
153.64000000000001,-0.333287436409001
153.66,-0.33328837667885497
153.68,-0.3332893849820935
153.70000000000002,-0.333290462206124
153.72,-0.33329160919694495
153.74,-0.3332928267572223
153.76000000000002,-0.33329411564435574
153.78,-0.3332954765685354
153.8,-0.33329691019079183
153.82000000000002,-0.3332984171210392
153.84,-0.33329999791611536
153.86,-0.3333016530778191
153.88000000000002,-0.33330338305094703
153.9,-0.3333051882213317
153.92000000000002,-0.3333070689138833
153.94000000000003,-0.33330902539063617
153.96,-0.3333110578488031
153.98000000000002,-0.3333131664188383
154.,-0.3333153511625122
154.02,-0.3333176120709997
154.04000000000002,-0.33331994906298407
154.06,-0.33332236198277887
154.08,-0.33332485059847006
154.10000000000002,-0.3333274146000808
154.12,-0.33333005359776113
154.14000000000001,-0.33333276712000476
154.16,-0.33333555461189596
154.18,-0.3333384154333885
154.20000000000002,-0.3333413488576193
154.22,-0.3333443540692595
154.24,-0.33334743016290536
154.26000000000002,-0.33335057614151153
154.28,-0.3333537909148697
154.3,-0.33335707329813474
154.32000000000002,-0.33336042201040145
154.34,-0.33336383567333455
154.36,-0.33336731280985465
154.38000000000002,-0.3333708518428827
154.4,-0.333374451094146
154.42000000000002,-0.33337810878304874
154.44000000000003,-0.33338182302560926
154.46,-0.3333855918334672
154.48000000000002,-0.33338941311296366
154.5,-0.33339328466429663
154.52,-0.3333972041807549
154.54000000000002,-0.3334011692480333
154.56,-0.3334051773436316
154.58,-0.3334092258363409
154.60000000000002,-0.3334133119858191
154.62,-0.33341743294225934
154.64000000000001,-0.33342158574615366
154.66,-0.33342576732815454
154.68,-0.33342997450903755
154.70000000000002,-0.33343420399976753
154.72,-0.33343845240167114
154.74,-0.33344271620671834
154.76000000000002,-0.33344699179791565
154.78,-0.3334512754498136
154.8,-0.33345556332913123
154.82000000000002,-0.3334598514954996
154.84,-0.33346413590232776
154.86,-0.3334684123977927
154.88000000000002,-0.33347267672595604
154.9,-0.33347692452801
154.92000000000002,-0.3334811513436544
154.94000000000003,-0.33348535261260764
154.96,-0.3334895236762528
154.98000000000002,-0.33349365977942186
155.,-0.3334977560723197
155.02,-0.3335018076125893
155.04000000000002,-0.333505809367521
155.06,-0.3335097562164064
155.08,-0.33351364295303937
155.10000000000002,-0.3335174642883654
155.12,-0.3335212148532807
155.14000000000001,-0.33352488920158246
155.16,-0.33352848181307165
155.18,-0.333531987096809
155.20000000000002,-0.3335353993945258
155.22,-0.3335387129841899
155.24,-0.33354192208372785
155.26000000000002,-0.33354502085490373
155.28,-0.33354800340735546
155.3,-0.3335508638027885
155.32000000000002,-0.33355359605932716
155.34,-0.33355619415602444
155.36,-0.33355865203752877
155.38000000000002,-0.333560963618909
155.4,-0.3335631227906364
155.42000000000002,-0.3335651234237227
155.44000000000003,-0.3335669593750149
155.46,-0.33356862449264446
155.48000000000002,-0.3335701126216305
155.5,-0.3335714176096358
155.52,-0.3335725333128742
155.54000000000002,-0.33357345360216706
155.56,-0.33357417236914866
155.58,-0.3335746835326165
155.60000000000002,-0.33357498104502586
155.62,-0.33357505889912575
155.64000000000001,-0.33357491113473353
155.66,-0.33357453184564567
155.68,-0.33357391518668167
155.70000000000002,-0.33357305538085774
155.72,-0.3335719467266874
155.74,-0.3335705836056045
155.76000000000002,-0.33356896048950585
155.78,-0.33356707194840896
155.8,-0.3335649126582203
155.82000000000002,-0.3335624774086105
155.84,-0.3335597611109909
155.86,-0.3335567588065873
155.88000000000002,-0.33355346567460514
155.9,-0.3335498770404815
155.92000000000002,-0.33354598838421734
155.94000000000003,-0.3335417953487855
155.96,-0.3335372937486069
155.98000000000002,-0.33353247957809035
156.,-0.33352734902022785
156.02,-0.33352189845524
156.04000000000002,-0.33351612446926393
156.06,-0.3335100238630766
156.08,-0.33350359366084636
156.10000000000002,-0.333496831118905
156.12,-0.33348973373453245
156.14000000000001,-0.3334822992547464
156.16,-0.3334745256850877
156.18,-0.33346641129839455
156.20000000000002,-0.3334579546435552
156.22,-0.3334491545542313
156.24,-0.33344001015754243
156.26000000000002,-0.3334305208827026
156.28,-0.33342068646959905
156.3,-0.3334105069773038
156.32000000000002,-0.333399982792508
156.34,-0.33338911463786886
156.36,-0.3333779035802591
156.38000000000002,-0.3333663510389083
156.4,-0.33335445879342573
156.42000000000002,-0.3333422289916932
156.44000000000003,-0.33332966415761817
156.46,-0.3333167671987348
156.48000000000002,-0.3333035414136424
156.5,-0.33328999049926933
156.52,-0.3332761185579517
156.54000000000002,-0.33326193010431393
156.56,-0.3332474300719405
156.58,-0.33323262381982643
156.60000000000002,-0.3332175171385943
156.62,-0.3332021162564666
156.64000000000001,-0.3331864278449799
156.66,-0.3331704590244298
156.68,-0.3331542173690335
156.70000000000002,-0.333137710911798
156.72,-0.33312094814908144
156.74,-0.3331039380448349
156.76000000000002,-0.3330866900345125
156.78,-0.333069214028637
156.8,-0.33305152041600833
156.82000000000002,-0.33303362006654325
156.84,-0.3330155243337324
156.86,-0.33299724505670364
156.88000000000002,-0.33297879456187834
156.9,-0.3329601856642087
156.92000000000002,-0.33294143166798384
156.94000000000003,-0.33292254636719215
156.96,-0.33290354404542855
156.98000000000002,-0.3328844394753338
157.,-0.3328652479175549
157.02,-0.3328459851192142
157.04000000000002,-0.33282666731187627
157.06,-0.3328073112090008
157.08,-0.3327879340028707
157.10000000000002,-0.3327685533609843
157.12,-0.33274918742190096
157.14000000000001,-0.3327298547905296
157.16,-0.33271057453284997
157.18,-0.33269136617005723
157.20000000000002,-0.3326722496721189
157.22,-0.3326532454507364
157.24,-0.33263437435170107
157.26000000000002,-0.3326156576466366
157.28,-0.33259711702411915
157.3,-0.3325787745801677
157.32000000000002,-0.3325606528080965
157.34,-0.33254277458772313
157.36,-0.332525163173925
157.38000000000002,-0.3325078421845383
157.4,-0.3324908355875936
157.42000000000002,-0.33247416768788257
157.44000000000003,-0.3324578631128513
157.46,-0.3324419467978161
157.48000000000002,-0.3324264439704971
157.5,-0.3324113801348681
157.52,-0.3323967810543183
157.54000000000002,-0.33238267273412503
157.56,-0.3323690814032358
157.58,-0.3323560334953586
157.60000000000002,-0.33234355562936063
157.62,-0.33233167458897594
157.64000000000001,-0.33232041730182266
157.66,-0.3323098108177325
157.68,-0.33229988228639457
157.70000000000002,-0.332290658934317
157.72,-0.33228216804111005
157.74,-0.3322744369150963
157.76000000000002,-0.3322674928682525
157.78,-0.33226136319049054
157.8,-0.33225607512328337
157.82000000000002,-0.33225165583264527
157.84,-0.3322481323814742
157.86,-0.33224553170126636
157.88000000000002,-0.33224388056321325
157.9,-0.3322432055486928
157.92000000000002,-0.33224353301916676
157.94000000000003,-0.3322448890854972
157.96,-0.3322472995766966
157.98000000000002,-0.332250790008126
158.,-0.33225538554915773
158.02,-0.3322611109903186
158.04000000000002,-0.3322679907099319
158.06,-0.33227604864027716
158.08,-0.3322853082332863
158.10000000000002,-0.33229579242579765
158.12,-0.3323075236043889
158.14000000000001,-0.33232052356981195
158.16,-0.33233481350105215
158.18,-0.3323504139190379
158.20000000000002,-0.3323673446500245
158.22,-0.33238562478867967
158.24,-0.3324052726608977
158.26000000000002,-0.33242630578637056
158.28,-0.3324487408409455
158.3,-0.3324725936187992
158.32000000000002,-0.33249787899446004
158.34,-0.33252461088471
158.36,-0.33255280221040073
158.38000000000002,-0.332582464858216
158.4,-0.3326136096424176
158.42000000000002,-0.332646246266609
158.44000000000003,-0.3326803832855549
158.46,-0.3327160280670936
158.48000000000002,-0.3327531867541818
158.5,-0.3327918642271103
158.52,-0.33283206406593224
158.54000000000002,-0.3328737885131443
158.56,-0.3329170384366637
158.58,-0.33296181329314334
158.60000000000002,-0.3330081110916692
158.62,-0.3330559283578847
158.64000000000001,-0.33310526009858665
158.66,-0.3331560997668395
158.68,-0.33320843922765436
158.70000000000002,-0.3332622687242797
158.72,-0.3333175768451527
158.74,-0.33337435049155884
158.76000000000002,-0.33343257484605
158.78,-0.3334922333416698
158.8,-0.3335533076320371
158.82000000000002,-0.3336157775623388
158.84,-0.3336796211412818
158.86,-0.3337448145140575
158.88000000000002,-0.3338113319363694
158.9,-0.3338791457495769
158.92000000000002,-0.3339482263570078
158.94000000000003,-0.33401854220149235
158.96,-0.3340900597441714
158.98000000000002,-0.33416274344463304
159.,-0.33423655574242983
159.02,-0.3343114570400307
159.04000000000002,-0.3343874056872607
159.06,-0.33446435796728224
159.08,-0.33454226808417026
159.10000000000002,-0.3346210881521357
159.12,-0.33470076818644895
159.14000000000001,-0.3347812560961168
159.16,-0.33486249767836473
159.18,-0.3349444366149765
159.20000000000002,-0.33502701447054306
159.22,-0.335110170692671
159.24,-0.3351938426142018
159.26000000000002,-0.3352779654574911
159.28,-0.3353624723407975
159.3,-0.33544729428682935
159.32000000000002,-0.3355323602334964
159.34,-0.33561759704691446
159.36,-0.3357029295367069
159.38000000000002,-0.3357882804736496
159.4,-0.33587357060970197
159.42000000000002,-0.3359587187004662
159.44000000000003,-0.33604364153011707
159.46,-0.33612825393884177
159.48000000000002,-0.33621246885282774
159.5,-0.33629619731683663
159.52,-0.33637934852939955
159.54000000000002,-0.33646182988066736
159.56,-0.3365435469929492
159.58,-0.33662440376396874
159.60000000000002,-0.33670430241286825
159.62,-0.33678314352898625
159.64000000000001,-0.33686082612343454
159.66,-0.33693724768349714
159.68,-0.33701230422987216
159.70000000000002,-0.337085890376775
159.72,-0.33715789939491964
159.74,-0.3372282232773917
159.76000000000002,-0.33729675280842525
159.78,-0.3373633776350921
159.8,-0.337427986341911
159.82000000000002,-0.3374904665283797
159.84,-0.337550704889432
159.86,-0.33760858729881815
159.88000000000002,-0.337663998895404
159.9,-0.33771682417238214
159.92000000000002,-0.33776694706938465
159.94000000000003,-0.33781425106748436
159.96,-0.33785861928706823
159.98000000000002,-0.3378999345885637
160.,-0.33793807967599476
160.02,-0.3379729372033426
160.04000000000002,-0.33800438988368076
160.06,-0.3380323206010526
160.08,-0.33805661252505464
160.10000000000002,-0.3380771492280864
160.12,-0.33809381480522305
160.14000000000001,-0.3381064939966644
160.16,-0.3381150723127098
160.18,-0.338119436161204
160.20000000000002,-0.3381194729773971
160.22,-0.338115071356156
160.24,-0.3381061211864618
160.26000000000002,-0.33809251378812455
160.28,-0.33807414205064046
160.3,-0.3380509005741159
160.32000000000002,-0.3380226858121761
160.34,-0.3379893962167732
160.36,-0.3379509323848051
160.38000000000002,-0.3379071972064513
160.4,-0.33785809601512873
160.42000000000002,-0.3378035367389665
160.44000000000003,-0.33774343005369384
160.46,-0.33767768953683186
160.48000000000002,-0.3376062318230763
160.5,-0.3375289767607531
160.52,-0.3374458475692257
160.54000000000002,-0.33735677099712824
160.56,-0.3372616774812959
160.58,-0.3371605013062575
160.60000000000002,-0.33705318076415475
160.62,-0.33693965831494466
160.64000000000001,-0.33681988074674185
160.66,-0.3366937993361503
160.68,-0.3365613700084319
160.70000000000002,-0.3364225534973556
160.72,-0.33627731550456613
160.74,-0.3361256268583085
160.76000000000002,-0.3359674636713407
160.78,-0.3358028074978635
160.8,-0.33563164548929214
160.82000000000002,-0.335453970548693
160.84,-0.33526978148370334
160.86,-0.3350790831577492
160.88000000000002,-0.33488188663937535
160.9,-0.33467820934949516
160.92000000000002,-0.334468075206368
160.94000000000003,-0.33425151476810777
160.96,-0.3340285653725233
160.98000000000002,-0.33379927127408954
161.,-0.3335636837778459
161.02,-0.3333218613700149
161.04000000000002,-0.3330738698451339
161.06,-0.33281978242948856
161.08,-0.332559679900637
161.10000000000002,-0.33229365070281
161.12,-0.33202179105797236
161.14000000000001,-0.3317442050723291
161.16,-0.3314610048380575
161.18,-0.33117231053004764
161.20000000000002,-0.3308782504974305
161.22,-0.3305789613496741
161.24,-0.33027458803702653
161.26000000000002,-0.3299652839250852
161.28,-0.32965121086327115
161.3,-0.3293325392469879
161.32000000000002,-0.32900944807324395
161.34,-0.32868212498951993
161.36,-0.328350766335661
161.38000000000002,-0.3280155771785772
161.4,-0.327676771339535
161.42000000000002,-0.3273345714138253
161.44000000000003,-0.3269892087825958
161.46,-0.32664092361663505
161.48000000000002,-0.32628996487190215
161.5,-0.32593659027659433
161.52,-0.32558106630955047
161.54000000000002,-0.3252236681697908
161.56,-0.3248646797369961
161.58,-0.32450439352273464
161.60000000000002,-0.3241431106122476
161.62,-0.32378114059660984
161.64000000000001,-0.3234188014950857
161.66,-0.32305641966750553
161.68,-0.3226943297164945
161.70000000000002,-0.3223328743793885
161.72,-0.32197240440968083
161.74,-0.32161327844784676
161.76000000000002,-0.32125586288140145
161.78,-0.320900531694053
161.8,-0.3205476663038188
161.82000000000002,-0.3201976553899818
161.84,-0.31985089470877076
161.86,-0.3195077868976567
161.88000000000002,-0.31916874126816525
161.9,-0.31883417358711563
161.92000000000002,-0.31850450584620343
161.94000000000003,-0.3181801660198556
161.96,-0.3178615878112952
161.98000000000002,-0.31754921038676326
162.,-0.317243478097856
162.02,-0.31694484019194613
162.04000000000002,-0.3166537505106677
162.06,-0.31637066717645623
162.08,-0.3160960522671462
162.1,-0.3158303714786411
162.12,-0.3155740937756831
162.14000000000001,-0.31532769103076125
162.16,-0.3150916376512124
162.18,-0.3148664101945785
162.20000000000002,-0.3146524869723008
162.22,-0.3144503476418437
162.24,-0.3142604727873547
162.26000000000002,-0.3140833434889821
162.28,-0.31391944088098633
162.3,-0.3137692456987951
162.32000000000002,-0.31363323781516833
162.34,-0.3135118957656534
162.36,-0.3134056962635279
162.38000000000002,-0.3133151137044407
162.4,-0.3132406196609807
162.42000000000002,-0.3131826823674163
162.44000000000003,-0.31314176619486633
162.46,-0.3131183311171793
162.48000000000002,-0.31311283216781405
162.50000000000003,-0.31312571888803187
162.52,-0.3131574347667269
162.54000000000002,-0.3132084166722386
162.56,-0.3132790942765065
162.58,-0.31336988947194633
162.6,-0.3134812157814401
162.62,-0.31361347776185466
162.64000000000001,-0.3137670704015158
162.66,-0.31394237851208534
162.68,-0.31413977611530414
162.70000000000002,-0.31435962582508126
162.72,-0.31460227822542675
162.74,-0.3148680712447426
162.76000000000002,-0.31515732952700215
162.78,-0.3154703638003661
162.8,-0.31580747024379885
162.82000000000002,-0.31616892985226563
162.84,-0.3165550078011062
162.86,-0.3169659528101981
162.88000000000002,-0.3174019965085365
162.9,-0.31786335279987293
162.92000000000002,-0.3183502172300721
162.94000000000003,-0.31886276635685773
162.96,-0.31940115712263445
162.98000000000002,-0.31996552623108643
163.00000000000003,-0.3205559895282653
163.02,-0.3211726413888949
163.04000000000002,-0.32181555410863133
163.06,-0.32248477730302877
163.08,-0.323180337313974
163.1,-0.32390223662436146
163.12,-0.3246504532817928
163.14000000000001,-0.3254249403320929
163.16,-0.3262256252634436
163.18,-0.3270524094619458
163.20000000000002,-0.3279051676794251
163.22,-0.3287837475143067
163.24,-0.3296879689063876
163.26000000000002,-0.3306176236463415
163.28,-0.331572474900796
163.3,-0.3325522567538232
163.32000000000002,-0.3335566737656899
163.34,-0.3345854005497138
163.36,-0.3356380813680726
163.38000000000002,-0.3367143297474137
163.4,-0.33781372811511007
163.42000000000002,-0.33893582745700607
163.44000000000003,-0.34008014699749345
163.46,-0.341246173902754
163.48000000000002,-0.3424333630079993
163.50000000000003,-0.34364113656953155
163.52,-0.34486888404244304
163.54000000000002,-0.3461159618847617
163.56,-0.3473816933888411
163.58,-0.3486653685407828
163.6,-0.34996624390866504
163.62,-0.35128354256034183
163.64000000000001,-0.35261645401155817
163.66,-0.3539641342051144
163.68,-0.3553257055217951
163.70000000000002,-0.3567002568237593
163.72,-0.35808684353107056
163.74,-0.35948448773202546
163.76000000000002,-0.3608921783279153
163.78,-0.3623088712128368
163.8,-0.3637334894891401
163.82000000000002,-0.3651649237190804
163.84,-0.3666020322132111
163.86,-0.36804364135603057
163.88000000000002,-0.36948854596936614
163.9,-0.37093550971394823
163.92000000000002,-0.37238326552959927
163.94000000000003,-0.37383051611442797
163.96,-0.375275934443389
163.98000000000002,-0.3767181643265334
164.00000000000003,-0.3781558210072402
164.02,-0.3795874918006866
164.04000000000002,-0.38101173677277356
164.06,-0.38242708945969056
164.08,-0.3838320576282633
164.1,-0.3852251240771882
164.12,-0.38660474747922086
164.14000000000001,-0.3879693632643428
164.16,-0.3893173845438907
164.18,-0.3906472030755919
164.20000000000002,-0.3919571902694061
164.22,-0.39324569823403205
164.24,-0.3945110608638941
164.26000000000002,-0.39575159496638146
164.28,-0.3969656014290674
164.3,-0.39815136642659327
164.32000000000002,-0.3993071626668579
164.34,-0.4004312506761076
164.36,-0.40152188012247864
164.38000000000002,-0.40257729117749996
164.4,-0.4035957159150181
164.42000000000002,-0.40457537974696306
164.44000000000003,-0.40551450289533053
164.46,-0.4064113018997102
164.48000000000002,-0.40726399115964773
164.50000000000003,-0.40807078451108453
164.52,-0.4088298968360764
164.54000000000002,-0.4095395457049501
164.56,-0.4101979530500151
164.58,-0.41080334686990655
164.6,-0.41135396296359517
164.62,-0.4118480466930601
164.64000000000001,-0.4122838547735813
164.66,-0.4126596570905708
164.68,-0.41297373854182284
164.70000000000002,-0.4132244009040303
164.72,-0.41340996472237423
164.74,-0.41352877122196385
164.76000000000002,-0.41357918423986745
164.78,-0.4135595921764442
164.8,-0.4134684099646546
164.82000000000002,-0.4133040810559978
164.84,-0.4130650794216949
164.86,-0.41274991156770874
164.88000000000002,-0.41235711856216567
164.9,-0.4118852780737178
164.92000000000002,-0.41133300641935955
164.94000000000003,-0.4106989606201923
164.96,-0.40998184046360414
164.98000000000002,-0.409180390570315
165.00000000000003,-0.40829340246471635
165.02,-0.40731971664691474
165.04000000000002,-0.4062582246648733
165.06,-0.4051078711850275
165.08,-0.40386765605973535
165.1,-0.4025366363899102
165.12,-0.4011139285811674
165.14000000000001,-0.39959871039180644
165.16,-0.39799022297093595
165.18,-0.3962877728850383
165.20000000000002,-0.39449073413126157
165.22,-0.3925985501357134
165.24,-0.39061073573502403
165.26000000000002,-0.3885268791394373
165.28,-0.38634664387567597
165.3,-0.3840697707078227
165.32000000000002,-0.3816960795344482
165.34,-0.3792254712602081
165.36,-0.3766579296401237
165.38000000000002,-0.3739935230947512
165.4,-0.37123240649443595
165.42000000000002,-0.3683748229108366
165.44000000000003,-0.36542110533389766
165.46,-0.3623716783524339
165.48000000000002,-0.35922705979648095
165.50000000000003,-0.3559878623395545
165.52,-0.352654795058945
165.54000000000002,-0.34922866495216176
165.56,-0.34571037840762614
165.58,-0.3421009426276924
165.6,-0.3384014670020624
165.62,-0.33461316442963557
165.64000000000001,-0.3307373525868183
165.66,-0.326775455140292
165.68,-0.3227290029022155
165.70000000000002,-0.318599634925813
165.72,-0.31438909953926886
165.74,-0.31009925531582266
165.76000000000002,-0.30573207197792773
165.78,-0.30128963123330155
165.8,-0.2967741275406634
165.82000000000002,-0.29218786880291947
165.84,-0.28753327698551523
165.86,-0.2828128886576379
165.88000000000002,-0.2780293554539107
165.9,-0.2731854444541778
165.92000000000002,-0.2682840384789348
165.94000000000003,-0.263328136297918
165.96,-0.25832085274931676
165.98000000000002,-0.2532654187670284
166.00000000000003,-0.24816518131332968
166.02,-0.24302360321428867
166.04000000000002,-0.23784426289519592
166.06,-0.2326308540132461
166.08,-0.22738718498465332
166.1,-0.22211717840333936
166.12,-0.21682487034828707
166.14000000000001,-0.2115144095766094
166.16,-0.20619005659934178
166.18,-0.2008561826369262
166.20000000000002,-0.19551726845131964
166.22,-0.19017790305162383
166.24,-0.18484278227010487
166.26000000000002,-0.17951670720544405
166.28,-0.1742045825300396
166.3,-0.16891141465816292
166.32000000000002,-0.16364230977176092
166.34,-0.15840247170069155
166.36,-0.1531971996541812
166.38000000000002,-0.14803188580030072
166.4,-0.14291201269027437
166.42000000000002,-0.13784315052446014
166.44000000000003,-0.1328309542568735
166.46,-0.12788116053517082
166.48000000000002,-0.12299958447306177
166.50000000000003,-0.11819211625218307
166.52,-0.11346471755054335
166.54000000000002,-0.10882341779473488
166.56,-0.1042743102332067
166.58,-0.09982354782800947
166.6,-0.09547733896254419
166.62,-0.09124194296299165
166.64000000000001,-0.08712366543124982
166.66,-0.08312885338738014
166.68,-0.07926389021974692
166.70000000000002,-0.07553519044123382
166.72,-0.07194919425014273
166.74,-0.06851236189461173
166.76000000000002,-0.06523116783963909
166.78,-0.06211209473607248
166.8,-0.05916162719120586
166.82000000000002,-0.05638624534092915
166.84,-0.05379241822370157
166.86,-0.05138659695695645
166.88000000000002,-0.04917520771690155
166.9,-0.047164644523059664
166.92000000000002,-0.04536126182928497
166.94000000000003,-0.0437713669234009
166.96,-0.042401212138040226
166.98000000000002,-0.04125698687571177
167.00000000000003,-0.04034480945158112
167.02,-0.039670718757939816
167.04000000000002,-0.039240665754831844
167.06,-0.03906050479181838
167.08,-0.03913598476639964
167.1,-0.0394727401251467
167.12,-0.04007628171416656
167.14000000000001,-0.040951987486085646
167.16,-0.04210509307133231
167.18,-0.04354068222209142
167.20000000000002,-0.04526367713791061
167.22,-0.04727882868256401
167.24,-0.049590706502402056
167.26000000000002,-0.05220368905704992
167.28,-0.05512195357396723
167.3,-0.05834946593902535
167.32000000000002,-0.061889970535908584
167.34,-0.06574698004780992
167.36,-0.06992376523554361
167.38000000000002,-0.07442334470685272
167.4,-0.07924847469235408
167.42000000000002,-0.08440163884421159
167.44000000000003,-0.08988503807427546
167.46,-0.09570058044907671
167.48000000000002,-0.10184987115969613
167.50000000000003,-0.10833420258515034
167.52,-0.11515454446856105
167.54000000000002,-0.1223115342259692
167.56,-0.12980546740823934
167.58,-0.13763628833708083
167.6,-0.14580358093674764
167.62,-0.15430655978352367
167.64000000000001,-0.16314406139559232
167.66,-0.1723145357863829
167.68,-0.18181603830493337
167.70000000000002,-0.19164622178723034
167.72,-0.2018023290428881
167.74,-0.21228118570187945
167.76000000000002,-0.22307919344634972
167.78,-0.23419232365283568
167.8,-0.2456161114704443
167.82000000000002,-0.2573456503607398
167.84,-0.2693755871252448
167.86,-0.28170011744655343
167.88000000000002,-0.2943129819691011
167.9,-0.30720746294563295
167.92000000000002,-0.32037638147534336
167.94000000000003,-0.33381209535953055
167.96,-0.3475064976004262
167.98000000000002,-0.3614510155686012
168.00000000000003,-0.3756366108640193
168.02,-0.39005377989542106
168.04000000000002,-0.4046925552022435
168.06,-0.41954250754272715
168.08,-0.43459274877124066
168.1,-0.44983193552712736
168.12,-0.46524827375658606
168.14000000000001,-0.4808295240881999
168.16,-0.4965630080817514
168.18,-0.5124356153688803
168.20000000000002,-0.5284338117029661
168.22,-0.5445436479343496
168.24,-0.5607507699256247
168.26000000000002,-0.5770404294202596
168.28,-0.5933974958762216
168.3,-0.6098064692745871
168.32000000000002,-0.6262514939113236
168.34,-0.6427163731785216
168.36,-0.6591845853393401
168.38000000000002,-0.675639300298802
168.4,-0.6920633973703418
168.42000000000002,-0.7084394840356645
168.44000000000003,-0.7247499156930246
168.46,-0.7409768163864765
168.48000000000002,-0.7571021005059884
168.50000000000003,-0.7731074954455515
168.52,-0.7889745652035595
168.54000000000002,-0.8046847349067795
168.56,-0.820219316236204
168.58,-0.8355595337299431
168.6,-0.8506865519351273
168.62,-0.8655815033775185
168.64000000000001,-0.8802255173142031
168.66,-0.8945997492313567
168.68,-0.9086854110456475
168.70000000000002,-0.9224638019643921
168.72,-0.9359163399560926
168.74,-0.9490245937794978
168.76000000000002,-0.9617703155158536
168.78,-0.9741354735455269
168.8,-0.986102285906757
168.82000000000002,-0.997653253970902
168.84,-1.0087711963652082
168.86,-1.0194392830708865
168.88000000000002,-1.0296410696211322
168.9,-1.039360531320669
168.92000000000002,-1.0485820974055018
168.94000000000003,-1.0572906850588055
168.96,-1.065471733196281
168.98000000000002,-1.0731112359319135
169.00000000000003,-1.0801957756328875
169.02,-1.0867125554704364
169.04000000000002,-1.0926494313716935
169.06,-1.0979949432761746
169.08,-1.1027383455993383
169.1,-1.1068696368048332
169.12,-1.1103795879864833
169.14000000000001,-1.1132597703608875
169.16,-1.1155025815716433
169.18,-1.117101270706748
169.20000000000002,-1.118049961931645
169.22,-1.1183436766416803
169.24,-1.1179783540394628
169.26000000000002,-1.1169508700447663
169.28,-1.1152590544471603
169.3,-1.1129017062145634
169.32000000000002,-1.1098786068743587
169.34,-1.1061905318875596
169.36,-1.101839259940848
169.38000000000002,-1.0968275800860532
169.4,-1.0911592966618073
169.42000000000002,-1.084839231937727
169.44000000000003,-1.0778732264274915
169.46,-1.0702681368235907
169.48000000000002,-1.0620318315133257
169.50000000000003,-1.053173183642823
169.52,-1.043702061703317
169.54000000000002,-1.0336293176218039
169.56,-1.022966772346311
169.58,-1.011727198924397
169.6,-0.9999243030821654
169.62,-0.9875727013198781
169.64000000000001,-0.9746878965492857
169.66,-0.961286251306895
169.68,-0.9473849585866223
169.70000000000002,-0.9330020103445437
169.72,-0.9181561637377029
169.74,-0.9028669051681636
169.76000000000002,-0.8871544122126219
169.78,-0.8710395135268769
169.8,-0.854543646823268
169.82000000000002,-0.8376888150277654
169.84,-0.8204975407316815
169.86,-0.8029928190609421
169.88000000000002,-0.7851980690934482
169.9,-0.7671370839622141
169.92000000000002,-0.7488339797886782
169.94000000000003,-0.7303131435967699
169.96,-0.7115991803639509
169.98000000000002,-0.6927168593704978
170.00000000000003,-0.6736910600127178
170.02,-0.6545467172495381
170.04000000000002,-0.6353087668549808
170.06,-0.6160020906513813
170.08,-0.5966514618998034
170.1,-0.5772814910249493
170.12,-0.5579165718519148
170.14000000000001,-0.53858082853141
170.16,-0.519298063328532
170.18,-0.500091705447844
170.20000000000002,-0.48098476106438215
170.22,-0.46199976472628795
170.24,-0.4431587322900587
170.26000000000002,-0.4244831155439371
170.28,-0.4059937586687505
170.3,-0.3877108566785797
170.32000000000002,-0.36965391597601405
170.34,-0.3518417171484863
170.36,-0.33429228012329126
170.38000000000002,-0.31702283178943524
170.4,-0.30004977618448836
170.42000000000002,-0.28338866733415635
170.44000000000003,-0.2670541848214096
170.46,-0.2510601121507774
170.48000000000002,-0.23541931796186788
170.50000000000003,-0.22014374013438126
170.52,-0.2052443728149258
170.54000000000002,-0.19073125638385252
170.56,-0.17661347036818206
170.58,-0.16289912929458455
170.6,-0.1495953814643086
170.62,-0.13670841062006972
170.64000000000001,-0.12424344046319546
170.66,-0.1122047419679148
170.68,-0.10059564342857796
170.70000000000002,-0.08941854316488748
170.72,-0.07867492479997762
170.74,-0.06836537501641742
170.76000000000002,-0.058489603686007044
170.78,-0.04904646626064288
170.8,-0.04003398830355446
170.82000000000002,-0.031449392032927126
170.84,-0.023289124743361846
170.86,-0.015548888964784248
170.88000000000002,-0.008223674213346358
170.9,-0.00130779018459546
170.92000000000002,0.005205098764303594
170.94000000000003,0.011321937999180454
170.96,0.017050246018041747
170.98000000000002,0.022398077043614704
171.00000000000003,0.027373982958287184
171.02,0.031986974739917316
171.04000000000002,0.036246483555663706
171.06,0.04016232166890296
171.08,0.04374464331147113
171.1,0.04700390566996111
171.12,0.049950830130603516
171.14000000000001,0.05259636392245224
171.16,0.05495164229317246
171.18,0.05702795134577643
171.20000000000002,0.058836691658193746
171.22,0.06038934280064215
171.24,0.061697428858454056
171.26000000000002,0.06277248506034831
171.28,0.06362602560416455
171.3,0.0642695127638723
171.32000000000002,0.06471432735326653
171.34,0.06497174061321746
171.36,0.06505288758072364
171.38000000000002,0.06496874198936359
171.4,0.06473009274210148
171.42000000000002,0.06434752198883933
171.44000000000003,0.06383138483265886
171.46,0.06319179068040495
171.48000000000002,0.06243858624518296
171.50000000000003,0.06158134020050621
171.52,0.06062932947827357
171.54000000000002,0.0595915271955245
171.56,0.05847659218803321
171.58,0.05729286012229226
171.6,0.056048336151333034
171.62,0.054750689074143204
171.64000000000001,0.053407246953201155
171.66,0.05202499413985618
171.68,0.05061056965296086
171.70000000000002,0.04917026685231027
171.72,0.04771003434506556
171.74,0.046235478060440045
171.76000000000002,0.044751864425498694
171.78,0.04326412457296159
171.8,0.041776859510401124
171.82000000000002,0.04029434617916825
171.84,0.03882054433076222
171.86,0.03735910414815464
171.88000000000002,0.03591337453977352
171.9,0.034486412034427365
171.92000000000002,0.03308099020638021
171.94000000000003,0.03169960956105382
171.96,0.030344507813408812
171.98000000000002,0.02901767049291637
172.00000000000003,0.027720841811151028
172.02,0.02645553573038767
172.04000000000002,0.025223047174143705
172.06,0.02402446332334505
172.08,0.02286067494468714
172.1,0.02173238770077951
172.12,0.0206401333947849
172.14000000000001,0.019584281105460066
172.16,0.018565048171757956
172.18,0.01758251098943136
172.20000000000002,0.01663661558536728
172.22,0.015727187938659296
172.24,0.014853944020669566
172.26000000000002,0.01401649952952713
172.28,0.013214379297638619
172.3,0.01244702635383362
172.32000000000002,0.011713810624717935
172.34,0.011014037262652314
172.36,0.010346954590498642
172.38000000000002,0.00971176165587255
172.4,0.00910761539010407
172.42000000000002,0.008533637369427248
172.44000000000003,0.007988920178092596
172.46,0.007472533375119779
172.48000000000002,0.0069835290682773495
172.50000000000003,0.006520947100592344
172.52,0.006083819856255548
172.54000000000002,0.005671176694197253
172.56,0.005282048018866999
172.58,0.004915468998862731
172.6,0.004570482945020826
172.62,0.00424614436040725
172.64000000000001,0.003941521675342496
172.66,0.0036556996811585884
172.68,0.0033877816768283844
172.70000000000002,0.0031368913429338494
172.72,0.002902174357658069
172.74,0.0026827997696011875
172.76000000000002,0.0024779611422416307
172.78,0.0022868774847984723
172.8,0.00210879398410487
172.82000000000002,0.0019429825518844505
172.84,0.0017887422015398701
172.86,0.001645399268221641
172.88000000000002,0.0015123074855535488
172.9,0.0013888479319554864
172.92000000000002,0.001274428859030972
172.94000000000003,0.0011684854139819715
172.96,0.0010704792674839307
172.98000000000002,0.000979898157904068
173.00000000000003,0.0008962553621818414
173.02,0.0008190891031170768
173.04000000000002,0.0007479619022325216
173.06,0.0006824598867982261
173.08,0.0006221920590291106
173.1,0.0005667895348970896
173.12,0.0005159047594393202
173.14000000000001,0.00046921070489625146
173.16,0.00042640005748048815
173.18,0.0003871843980614326
173.20000000000002,0.0003512933815533778
173.22,0.0003184739193176863
173.24,0.0002884893684338113
173.26000000000002,0.0002611187312603476
173.28,0.00023615586829674667
173.3,0.00021340872696900084
173.32000000000002,0.0001926985885989224
173.34,0.0001738593354766673
173.36,0.00015673673963956716
173.38000000000002,0.0001411877746669974
173.4,0.00012707995153050006
173.42000000000002,0.00011429067929001328
173.44000000000003,0.00010270665120029344
173.46,0.00009222325658571073
173.48000000000002,0.0000827440186556344
173.50000000000003,0.00007418005826580609
173.52,0.00006644958348250869
173.54000000000002,0.00005947740467493356
173.56,0.00005319447474601241
173.58,0.00004753745401212499
173.6,0.00004244829915642775
173.62,0.000037873875608202
173.64000000000001,0.00003376559264048011
173.66,0.000030079060429417683
173.68,0.000026773768280410627
173.70000000000002,0.000023812783196941103
173.72,0.000021162467947693512
173.74,0.000018792217774737305
173.76000000000002,0.000016674214879747493
173.78,0.000014783199825562617
173.8,0.0000130962589961198
173.82000000000002,0.00001159262726829805
173.84,0.000010253505063810143
173.86,9.061888967403254e-6
173.88000000000002,8.00241511872649e-6
173.9,7.0612146087949556e-6
173.92000000000002,6.225780137551454e-6
173.94000000000003,5.484843216186519e-6
173.96,4.828261226242755e-6
173.98000000000002,4.246913676746932e-6
174.00000000000003,3.732607030381172e-6
174.02,3.2779874997473807e-6
174.04000000000002,2.876461244847721e-6
174.06,2.5221214327903467e-6
174.08,2.209681650249109e-6
174.1,1.934415188193273e-6
174.12,1.6920997467322888e-6
174.14000000000001,1.4789671354699638e-6
174.16,1.291657571446832e-6
174.18,1.1271782024895316e-6
174.20000000000002,9.828655085274084e-7
174.22,8.563512571369098e-7
174.24,7.455317122030359e-7
174.26000000000002,6.485398161288988e-7
174.28,5.637200864728247e-7
174.3,4.896059872489726e-7
174.32000000000002,4.2489955340396787e-7
174.34,3.68453064196011e-7
174.36,3.192525773767341e-7
174.38000000000002,2.7640315123855434e-7
174.4,2.3911559577330476e-7
174.42000000000002,2.0669460742601526e-7
174.44000000000003,1.7852815425884615e-7
174.46,1.540779898035444e-7
174.48000000000002,1.3287118451644393e-7
174.50000000000003,1.1449257359944568e-7
174.52,9.857802905495334e-8
174.54000000000002,8.480847224343191e-8
174.56,7.290455095016045e-8
174.58,6.262191208298907e-8
174.6,5.374700765440832e-8
174.62,4.6093377687381284e-8
174.64000000000001,3.949835916158041e-8
174.66,3.382017512053195e-8
174.68,2.8935362624329374e-8
174.70000000000002,2.473650238942949e-8
174.72,2.1130216737259106e-8
174.74,1.803540590592986e-8
174.76000000000002,1.5381695891774654e-8
174.78,1.3108073805494174e-8
174.8,1.1161689275628033e-8
174.82000000000002,9.496802732558025e-9
174.84,8.07386348047673e-9
174.86,6.858702332399053e-9
174.88000000000002,5.821825262690824e-9
174.9,4.9377960397022925e-9
174.92000000000002,4.184697153597654e-9
174.94000000000003,3.543659565855389e-9
174.96,2.9984528905033687e-9
174.98000000000002,2.5351285851826583e-9
175.00000000000003,2.141709593843504e-9
175.02,1.807920652542332e-9
175.04000000000002,1.5249541548119353e-9
175.06,1.2852670819855253e-9
175.08,1.0824050444611362e-9
175.1,9.108499592706808e-10
175.12,7.658883138986654e-10
175.14000000000001,6.434973418870145e-10
175.16,5.40246767629171e-10
175.18,4.5321407063958894e-10
175.20000000000002,3.799114777634134e-10
175.22,3.1822311911328017e-10
175.24,2.6635098344154143e-10
175.26000000000002,2.2276848427906884e-10
175.28,1.8618060227343432e-10
175.3,1.5548970422305536e-10
175.32000000000002,1.2976625754901542e-10
175.34,1.0822376235100593e-10
175.36,9.01973135195266e-11
175.38000000000002,7.512528419030923e-11
175.4,6.253369052017068e-11
175.42000000000002,5.2022857569778866e-11
175.44000000000003,4.325605809119567e-11
175.46,3.594984120302901e-11
175.48000000000002,2.986580714715088e-11
175.50000000000003,2.4803618311476717e-11
175.52,2.0595066136699254e-11
175.54000000000002,1.7099038984789698e-11
175.56,1.4197258046580998e-11
175.58,1.1790667355011998e-11
175.6,9.796380344159606e-12
175.62,8.14509949758081e-12
175.64000000000001,6.7789377646570335e-12
175.66,5.649580854435003e-12
175.68,4.716738472887458e-12
175.70000000000002,3.94684025203127e-12
175.72,3.311938702324748e-12
175.74,2.78878715476503e-12
175.76000000000002,2.3580654776983388e-12
175.78,2.0037304696064672e-12
175.8,1.7124713418197478e-12
175.82000000000002,1.4732536996897759e-12
175.84,1.2769379810636976e-12
175.86,1.1159604806488018e-12
175.88000000000002,9.840669329732756e-13
175.9,8.760901924304304e-13
175.92000000000002,7.877648770142924e-13
175.94000000000003,7.155729677636786e-13
175.96,6.566153086186652e-13
175.98000000000002,6.085047570631044e-13
176.00000000000003,5.692774165924832e-13
176.02,5.373189565339293e-13
176.04000000000002,5.113035091381738e-13
176.06,4.901430418894784e-13
176.08,4.729454463408427e-13
176.1,4.589798734426942e-13
176.12,4.476480877714995e-13
176.14000000000001,4.38460816482415e-13
176.16,4.3101823932202944e-13
176.18,4.2499390882712515e-13
176.20000000000002,4.2012150929459667e-13
176.22,4.1618396295151613e-13
176.24,4.130044751230249e-13
176.26000000000002,4.104391797408227e-13
176.28,4.08371104492834e-13
176.3,4.0670522316936283e-13
176.32000000000002,4.0536440289870337e-13
176.34,4.0428608731921494e-13
176.36,4.0341958442530103e-13
176.38000000000002,4.0272385079136373e-13
176.4,4.021656829083641e-13
176.42000000000002,4.017182421216854e-13
176.44000000000003,4.01359852688334e-13
176.46,4.010730232371739e-13
176.48000000000002,4.008436508027437e-13
176.50000000000003,4.0066037393222554e-13
176.52,4.0051404740370886e-13
176.54000000000002,4.003973160645515e-13
176.56,4.0030426938640255e-13
176.58,4.0023016169199115e-13
176.6,4.001711857655973e-13
176.62,4.0012428981990726e-13
176.64000000000001,4.0008702964422394e-13
176.66,4.0005744927516724e-13
176.68,4.00033984770881e-13
176.70000000000002,4.000153866827747e-13
176.72,4.0000065764570793e-13
176.74,3.9998900218184813e-13
176.76000000000002,3.999797863628374e-13
176.78,3.9997250542211675e-13
176.8,3.9996675777294735e-13
176.82000000000002,3.9996222418316815e-13
176.84,3.999586510975959e-13
176.86,3.999558372935084e-13
176.88000000000002,3.9995362321227135e-13
176.9,3.999518824377656e-13
176.92000000000002,3.999505148954655e-13
176.94000000000003,3.999494414294045e-13
176.96,3.999485994815774e-13
176.98000000000002,3.999479396526235e-13
177.00000000000003,3.9994742296638207e-13
177.02,3.999470186961363e-13
177.04000000000002,3.9994670263869024e-13
177.06,3.9994645574519163e-13
177.08,3.999462630358915e-13
177.1,3.9994611274069517e-13
177.12,3.9994599561910924e-13
177.14000000000001,3.99945904422599e-13
177.16,3.999458334698969e-13
177.18,3.9994577831182015e-13
177.20000000000002,3.999457354669571e-13
177.22,3.9994570221341715e-13
177.24,3.9994567642489217e-13
177.26000000000002,3.99945656441711e-13
177.28,3.9994564096950405e-13
177.3,3.9994562899963397e-13
177.32000000000002,3.999456197467707e-13
177.34,3.9994561259995786e-13
177.36,3.9994560708428835e-13
177.38000000000002,3.999456028309137e-13
177.4,3.999455995535953e-13
177.42000000000002,3.9994559703038637e-13
177.44000000000003,3.9994559508933325e-13
177.46,3.9994559359732495e-13
177.48000000000002,3.9994559245140394e-13
177.50000000000003,3.999455915720013e-13
177.52,3.999455908976743e-13
177.54000000000002,3.9994559038101656e-13
177.56,3.9994558998548145e-13
177.58,3.999455896829178e-13
177.6,3.9994558945165895e-13
177.62,3.9994558927504317e-13
177.64000000000001,3.9994558914026786e-13
177.66,3.9994558903750384e-13
177.68,3.9994558895921113e-13
177.70000000000002,3.999455888996104e-13
177.72,3.9994558885427566e-13
177.74,3.9994558881982e-13
177.76000000000002,3.999455887936538e-13
177.78,3.999455887737988e-13
177.8,3.999455887587449e-13
177.82000000000002,3.9994558874734036e-13
177.84,3.9994558873870747e-13
177.86,3.999455887321779e-13
177.88000000000002,3.999455887272432e-13
177.9,3.999455887235168e-13
177.92000000000002,3.9994558872070513e-13
177.94000000000003,3.9994558871858533e-13
177.96,3.999455887169884e-13
177.98000000000002,3.999455887157864e-13
178.00000000000003,3.999455887148824e-13
178.02,3.9994558871420305e-13
178.04000000000002,3.9994558871369293e-13
178.06,3.999455887133102e-13
178.08,3.9994558871302326e-13
178.1,3.9994558871280834e-13
178.12,3.999455887126475e-13
178.14000000000001,3.999455887125272e-13
178.16,3.9994558871243726e-13
178.18,3.999455887123701e-13
178.20000000000002,3.9994558871232003e-13
178.22,3.9994558871228267e-13
178.24,3.9994558871225485e-13
178.26000000000002,3.9994558871223415e-13
178.28,3.9994558871221875e-13
178.3,3.999455887122073e-13
178.32000000000002,3.999455887121988e-13
178.34,3.999455887121925e-13
178.36,3.9994558871218785e-13
178.38000000000002,3.9994558871218437e-13
178.4,3.999455887121818e-13
178.42000000000002,3.9994558871217993e-13
178.44000000000003,3.999455887121785e-13
178.46,3.999455887121775e-13
178.48000000000002,3.9994558871217675e-13
178.50000000000003,3.999455887121762e-13
178.52,3.999455887121758e-13
178.54000000000002,3.999455887121755e-13
178.56,3.999455887121753e-13
178.58,3.9994558871217513e-13
178.6,3.9994558871217503e-13
178.62,3.9994558871217493e-13
178.64000000000001,3.999455887121749e-13
178.66,3.9994558871217483e-13
178.68,3.999455887121748e-13
178.70000000000002,3.9994558871217473e-13
178.72,3.9994558871217473e-13
178.74,3.9994558871217473e-13
178.76000000000002,3.9994558871217473e-13
178.78,3.9994558871217473e-13
178.8,3.9994558871217473e-13
178.82000000000002,3.9994558871217473e-13
178.84,3.9994558871217473e-13
178.86,3.9994558871217473e-13
178.88000000000002,3.9994558871217473e-13
178.9,3.9994558871217473e-13
178.92000000000002,3.9994558871217473e-13
178.94000000000003,3.9994558871217473e-13
178.96,3.9994558871217473e-13
178.98000000000002,3.9994558871217473e-13
179.00000000000003,3.9994558871217473e-13
179.02,3.9994558871217473e-13
179.04000000000002,3.9994558871217473e-13
179.06,3.9994558871217473e-13
179.08,3.9994558871217473e-13
179.1,3.9994558871217473e-13
179.12,3.9994558871217473e-13
179.14000000000001,3.9994558871217473e-13
179.16,3.9994558871217473e-13
179.18,3.9994558871217473e-13
179.20000000000002,3.9994558871217473e-13
179.22,3.9994558871217473e-13
179.24,3.9994558871217473e-13
179.26000000000002,3.9994558871217473e-13
179.28,3.9994558871217473e-13
179.3,3.9994558871217473e-13
179.32000000000002,3.9994558871217473e-13
179.34,3.9994558871217473e-13
179.36,3.9994558871217473e-13
179.38000000000002,3.9994558871217473e-13
179.4,3.9994558871217473e-13
179.42000000000002,3.9994558871217473e-13
179.44000000000003,3.9994558871217473e-13
179.46,3.9994558871217473e-13
179.48000000000002,3.9994558871217473e-13
179.50000000000003,3.9994558871217473e-13
179.52,3.9994558871217473e-13
179.54000000000002,3.9994558871217473e-13
179.56,3.9994558871217473e-13
179.58,3.9994558871217473e-13
179.6,3.9994558871217473e-13
179.62,3.9994558871217473e-13
179.64000000000001,3.9994558871217473e-13
179.66,3.9994558871217473e-13
179.68,3.9994558871217473e-13
179.70000000000002,3.9994558871217473e-13
179.72,3.9994558871217473e-13
179.74,3.9994558871217473e-13
179.76000000000002,3.9994558871217473e-13
179.78,3.9994558871217473e-13
179.8,3.9994558871217473e-13
179.82000000000002,3.9994558871217473e-13
179.84,3.9994558871217473e-13
179.86,3.9994558871217473e-13
179.88000000000002,3.9994558871217473e-13
179.9,3.9994558871217473e-13
179.92000000000002,3.9994558871217473e-13
179.94000000000003,3.9994558871217473e-13
179.96,3.9994558871217473e-13
179.98000000000002,3.9994558871217473e-13
180.00000000000003,3.9994558871217473e-13
