110,-0.3971013253629022
110.02,-0.3971022541495639
110.03999999999999,-0.3971032367814389
110.06,-0.3971042771530029
110.08,-0.3971053790016251
110.1,-0.39710654587779814
110.11999999999999,-0.397107781116738
110.14,-0.3971090878115744
110.16,-0.3971104687883288
110.17999999999999,-0.39711192658287914
110.2,-0.39711346342008214
110.22,-0.3971150811952091
110.24,-0.3971167814578483
110.25999999999999,-0.3971185653983726
110.28,-0.39712043383709483
110.3,-0.3971223872161834
110.32,-0.39712442559439076
110.33999999999999,-0.39712654864464064
110.36,-0.3971287556544857
110.38,-0.39713104552942563
110.39999999999999,-0.39713341679906133
110.42,-0.3971358676260284
110.44,-0.3971383958176421
110.46,-0.3971409988401545
110.47999999999999,-0.39714367383552057
110.5,-0.39714641764052694
110.52,-0.3971492268081361
110.53999999999999,-0.3971520976308943
110.56,-0.39715502616618775
110.58,-0.3971580082631836
110.6,-0.39716103959122123
110.61999999999999,-0.397164115669442
110.64,-0.39716723189742553
110.66,-0.39717038358659595
110.67999999999999,-0.397173565992153
110.7,-0.39717677434527937
110.72,-0.39718000388537694
110.74,-0.39718324989208326
110.75999999999999,-0.3971865077168203
110.78,-0.39718977281363094
110.8,-0.39719304076906903
110.82,-0.3971963073309137
110.83999999999999,-0.39719956843548526
110.86,-0.39720282023335524
110.88,-0.3972060591132536
110.89999999999999,-0.39720928172399445
110.92,-0.39721248499424894
110.94,-0.39721566615002063
110.96,-0.39721882272968856
110.97999999999999,-0.39722195259650983
111.,-0.3972250539484826
111.02,-0.3972281253255055
111.03999999999999,-0.39723116561377897
111.06,-0.3972341740474159
111.08,-0.3972371502072603
111.1,-0.39724009401692506
111.11999999999999,-0.39724300573608395
111.14,-0.39724588595107413
111.16,-0.39724873556289014
111.17999999999999,-0.397251555772664
111.2,-0.3972543480647488
111.22,-0.3972571141875434
111.24,-0.3972598561322101
111.25999999999999,-0.3972625761094537
111.28,-0.3972652765245455
111.3,-0.39726795995079317
111.32,-0.39727062910166266
111.33999999999999,-0.39727328680176927
111.36,-0.39727593595697047
111.38,-0.3972785795237934
111.39999999999999,-0.397281220478437
111.42,-0.3972838617855864
111.44,-0.3972865063672917
111.46,-0.39728915707214796
111.47999999999999,-0.39729181664501695
111.5,-0.3972944876975273
111.52,-0.3972971726795865
111.53999999999999,-0.3972998738521196
111.56,-0.39730259326124806
111.58,-0.39730533271411367
111.6,-0.39730809375652926
111.61999999999999,-0.39731087765262835
111.64,-0.39731368536667716
111.66,-0.3973165175471856
111.67999999999999,-0.39731937451343724
111.7,-0.39732225624454326
111.72,-0.3973251623711115
111.74,-0.39732809216957926
111.75999999999999,-0.3973310445592645
111.78,-0.39733401810215346
111.8,-0.3973370110054283
111.82,-0.39734002112670475
111.83999999999999,-0.3973430459819481
111.86,-0.39734608275600086
111.88,-0.3973491283156441
111.89999999999999,-0.3973521792250778
111.92,-0.3973552317637212
111.94,-0.3973582819461682
111.96,-0.39736132554416964
111.97999999999999,-0.39736435811045606
112.,-0.39736737500421854
112.02,-0.3973703714180555
112.03999999999999,-0.39737334240617617
112.06,-0.39737628291363913
112.08,-0.39737918780640924
112.1,-0.3973820519019969
112.11999999999999,-0.39738487000043976
112.14,-0.39738763691540324
112.16,-0.3973903475051486
112.17999999999999,-0.39739299670313966
112.2,-0.3973955795480503
112.22,-0.3973980912129496
112.24,-0.39740052703344036
112.25999999999999,-0.3974028825345341
112.28,-0.3974051534560669
112.3,-0.3974073357764631
112.32,-0.39740942573466215
112.33999999999999,-0.3974114198500517
112.36,-0.3974133149402596
112.38,-0.39741510813666636
112.39999999999999,-0.39741679689753884
112.42,-0.3974183790186716
112.44,-0.3974198526414768
112.46,-0.397421216258464
112.47999999999999,-0.3974224687160718
112.5,-0.39742360921483727
112.52,-0.39742463730691346
112.53999999999999,-0.3974255528909618
112.56,-0.3974263562044681
112.58,-0.3974270478135431
112.6,-0.39742762860030423
112.61999999999999,-0.3974280997479381
112.64,-0.39742846272356963
112.66,-0.39742871925908263
112.67999999999999,-0.39742887133003846
112.7,-0.3974289211328725
112.72,-0.3974288710605512
112.74,-0.3974287236768828
112.75999999999999,-0.3974284816896879
112.78,-0.3974281479230517
112.8,-0.39742772528886516
112.82,-0.3974272167578996
112.83999999999999,-0.39742662533062945
112.86,-0.3974259540080444
112.88,-0.3974252057626786
112.89999999999999,-0.3974243835100845
112.92,-0.3974234900809864
112.94,-0.3974225281943168
112.96,-0.39742150043136765
112.97999999999999,-0.3974204092112431
113.,-0.39741925676782214
113.02,-0.39741804512839907
113.03999999999999,-0.3974167760941796
113.06,-0.39741545122278094
113.08,-0.3974140718128717
113.1,-0.39741263889107986
113.11999999999999,-0.3974111532012598
113.14,-0.39740961519621437
113.16,-0.39740802503192274
113.17999999999999,-0.39740638256433747
113.2,-0.397404687348754
113.22,-0.39740293864177534
113.24,-0.39740113540584426
113.25999999999999,-0.39739927631631594
113.28,-0.397397359771006
113.3,-0.39739538390214907
113.32,-0.3973933465906646
113.33999999999999,-0.397391245482626
113.36,-0.397389078007796
113.38,-0.3973868414000925
113.39999999999999,-0.3973845327198165
113.42,-0.39738214887747303
113.44,-0.39737968665900025
113.46,-0.3973771427522011
113.47999999999999,-0.3973745137741832
113.5,-0.39737179629958636
113.52,-0.3973689868893755
113.53999999999999,-0.39736608211998187
113.56,-0.39736307861255743
113.58,-0.3973599730621218
113.6,-0.3973567622663701
113.61999999999999,-0.39735344315392046
113.64,-0.3973500128117798
113.66,-0.3973464685118157
113.67999999999999,-0.3973428077360285
113.7,-0.3973390282004264
113.72,-0.39733512787731956
113.74,-0.3973311050158605
113.75999999999999,-0.3973269581606698
113.78,-0.39732268616840516
113.8,-0.39731828822214244
113.82,-0.3973137638434606
113.83999999999999,-0.39730911290213555
113.86,-0.397304335623365
113.88,-0.3972994325924762
113.89999999999999,-0.39729440475707056
113.92,-0.39728925342659466
113.94,-0.39728398026934064
113.96,-0.39727858730689597
113.97999999999999,-0.3972730769060879
114.,-0.39726745176848155
114.02,-0.39726171491751827
114.03999999999999,-0.39725586968338494
114.06,-0.3972499196857376
114.08,-0.3972438688144059
114.1,-0.3972377212082313
114.11999999999999,-0.3972314812321975
114.14,-0.3972251534530302
114.16,-0.39721874261345086
114.17999999999999,-0.3972122536052825
114.2,-0.39720569144161183
114.22,-0.3971990612282205
114.24,-0.39719236813450176
114.25999999999999,-0.39718561736408414
114.28,-0.39717881412538525
114.3,-0.3971719636023181
114.32,-0.3971650709253724
114.33999999999999,-0.3971581411432871
114.36,-0.3971511791955305
114.38,-0.39714418988579125
114.39999999999999,-0.39713717785668157
114.42,-0.39713014756584025
114.44,-0.3971231032636127
114.46,-0.3971160489724746
114.47999999999999,-0.3971089884683502
114.5,-0.3971019252639604
114.52,-0.3970948625943245
114.53999999999999,-0.3970878034045165
114.56,-0.397080750339764
114.58,-0.39707370573795725
114.6,-0.39706667162461845
114.61999999999999,-0.3970596497103606
114.64,-0.39705264139084834
114.66,-0.39704564774925166
114.67999999999999,-0.39703866956116574
114.7,-0.3970317073019505
114.72,-0.3970247611564252
114.74,-0.39701783103083554
114.75999999999999,-0.3970109165669924
114.78,-0.39700401715846656
114.8,-0.39699713196870695
114.82,-0.3969902599509356
114.83999999999999,-0.39698339986965936
114.86,-0.39697655032362666
114.88,-0.3969697097700461
114.89999999999999,-0.3969628765498751
114.92,-0.39695604891397873
114.94,-0.39694922504995256
114.96,-0.3969424031093994
114.97999999999999,-0.39693558123544553
115.,-0.39692875759028307
115.02,-0.3969219303825219
115.03999999999999,-0.39691509789414114
115.06,-0.3969082585068298
115.08,-0.396901410727514
115.1,-0.3968945532128739
115.11999999999999,-0.3968876847926628
115.14,-0.3968808044916495
115.16,-0.3968739115500174
115.17999999999999,-0.3968670054420656
115.2,-0.3968600858930707
115.22,-0.3968531528941838
115.24,-0.39684620671525167
115.25999999999999,-0.39683924791546804
115.28,-0.39683227735177873
115.3,-0.3968252961849807
115.32,-0.39681830588347494
115.33999999999999,-0.39681130822465027
115.36,-0.3968043052938946
115.38,-0.3967972994812479
115.39999999999999,-0.39679029347573114
115.42,-0.39678329025740117
115.44,-0.3967762930872023
115.46,-0.3967693054946995
115.47999999999999,-0.3967623312637966
115.5,-0.3967553744165579
115.52,-0.39674843919526587
115.53999999999999,-0.39674153004286195
115.56,-0.3967346515819292
115.58,-0.3967278085923872
115.6,-0.3967210059880792
115.61999999999999,-0.39671424879244005
115.64,-0.39670754211344056
115.66,-0.3967008911180087
115.67999999999999,-0.3966943010061324
115.7,-0.396687776984851
115.72,-0.3966813242423428
115.74,-0.39667494792231456
115.75999999999999,-0.39666865309889765
115.78,-0.3966624447522498
115.8,-0.3966563277450566
115.82,-0.39665030680011887
115.83999999999999,-0.3966443864792046
115.86,-0.39663857116333207
115.88,-0.3966328650346418
115.89999999999999,-0.3966272720599998
115.92,-0.3966217959764634
115.94,-0.39661644027872417
115.96,-0.3966112082086282
115.97999999999999,-0.3966061027468572
116.,-0.39660112660683655
116.02,-0.39659628223091986
116.03999999999999,-0.39659157178888077
116.06,-0.3965869971787254
116.08,-0.3965825600298202
116.1,-0.3965782617083119
116.11999999999999,-0.39657410332479937
116.14,-0.3965700857441974
116.16,-0.396566209597718
116.17999999999999,-0.396562475296876
116.2,-0.39655888304941134
116.22,-0.39655543287700523
116.24,-0.39655212463465284
116.25999999999999,-0.396548958031543
116.28,-0.3965459326532833
116.3,-0.39654304798529827
116.32,-0.3965403034372196
116.33999999999999,-0.3965376983680794
116.36,-0.39653523211211167
116.38,-0.3965329040049608
116.39999999999999,-0.39653071341009505
116.42,-0.39652865974521967
116.44,-0.396526742508484
116.46,-0.3965249613042801
116.47999999999999,-0.39652331586843115
116.5,-0.3965218060925747
116.52,-0.3965204320475503
116.53999999999999,-0.396519194005609
116.56,-0.39651809246127173
116.58,-0.39651712815067297
116.6,-0.3965163020692376
116.61999999999999,-0.39651561548755215
116.64,-0.3965150699653047
116.66,-0.3965146673631823
116.67999999999999,-0.39651440985263015
116.7,-0.39651429992339327
116.72,-0.3965143403887779
116.74,-0.3965145343885863
116.75999999999999,-0.39651488538969737
116.78,-0.396515397184282
116.8,-0.39651607388566074
116.82,-0.3965169199218271
116.83999999999999,-0.3965179400266802
116.86,-0.3965191392290247
116.88,-0.3965205228394129
116.89999999999999,-0.3965220964349219
116.92,-0.39652386584197097
116.94,-0.39652583711730044
116.96,-0.39652801652724623
116.97999999999999,-0.39653041052545607
117.,-0.3965330257292051
117.02,-0.3965358688944782
117.03999999999999,-0.39653894688999486
117.06,-0.3965422666703592
117.08,-0.396545835248525
117.1,-0.3965496596677675
117.11999999999999,-0.3965537469733589
117.14,-0.3965581041841436
117.16,-0.3965627382642113
117.17999999999999,-0.39656765609486155
117.2,-0.39657286444705264
117.22,-0.39657836995452106
117.24,-0.3965841790877527
117.25999999999999,-0.3965902981289787
117.28,-0.39659673314836086
117.3,-0.39660348998151923
117.32,-0.396610574208547
117.33999999999999,-0.39661799113464097
117.36,-0.39662574577246584
117.38,-0.3966338428263551
117.39999999999999,-0.39664228667843593
117.42,-0.39665108137675054
117.44,-0.3966602306254305
117.46,-0.3966697377769626
117.47999999999999,-0.3966796058265702
117.5,-0.3966898374087145
117.52,-0.3967004347957065
117.53999999999999,-0.3967113998983998
117.56,-0.39672273426892163
117.58,-0.3967344391053803
117.6,-0.3967465152584741
117.61999999999999,-0.39675896323990983
117.64,-0.39677178323252665
117.66,-0.3967849751020057
117.67999999999999,-0.39679853841003576
117.7,-0.39681247242879203
117.72,-0.39682677615657647
117.74,-0.396841448334458
117.75999999999999,-0.39685648746374425
117.78,-0.39687189182410965
117.8,-0.3968876594922004
117.82,-0.39690378836053275
117.83999999999999,-0.3969202761565
117.86,-0.39693712046130186
117.88,-0.39695431872861237
117.89999999999999,-0.39697186830280407
117.92,-0.39698976643655
117.94,-0.39700801030763117
117.96,-0.3970265970347833
117.97999999999999,-0.39704552369242463
118.,-0.3970647873241162
118.02,-0.3970843849546166
118.03999999999999,-0.39710431360040416
118.06,-0.39712457027855247
118.08,-0.3971451520138591
118.1,-0.3971660558441405
118.11999999999999,-0.39718727882362237
118.14,-0.3972088180243692
118.16,-0.3972306705357135
118.17999999999999,-0.3972528334616609
118.2,-0.39727530391626487
118.22,-0.3972980790169795
118.24,-0.3973211558760179
118.25999999999999,-0.3973445315897575
118.28,-0.3973682032262519
118.3,-0.39739216781092207
118.32,-0.397416422310518
118.33999999999999,-0.39744096361545217
118.36,-0.3974657885206238
118.38,-0.39749089370486274
118.39999999999999,-0.3975162757091346
118.42,-0.3975419309136599
118.44,-0.397567855514108
118.46,-0.39759404549703664
118.48,-0.39762049661475296
118.5,-0.39764720435977946
118.52,-0.39767416393911065
118.53999999999999,-0.39770137024845054
118.56,-0.3977288178466217
118.58,-0.39775650093033615
118.6,-0.39778441330951847
118.61999999999999,-0.3978125483833659
118.64,-0.3978408991173289
118.66,-0.3978694580211876
118.67999999999999,-0.3978982171283934
118.7,-0.39792716797683664
118.72,-0.39795630159119194
118.74,-0.3979856084669816
118.75999999999999,-0.3980150785564862
118.78,-0.3980447012566189
118.8,-0.3980744653988661
118.82,-0.3981043592413833
118.83999999999999,-0.3981343704633198
118.86,-0.39816448616143024
118.88,-0.3981946928490168
118.89999999999999,-0.39822497645722665
118.92,-0.3982553223387161
118.94,-0.39828571527367523
118.96,-0.39831613947819067
118.98,-0.39834657861490774
119.,-0.3983770158059389
119.02,-0.3984074336479493
119.03999999999999,-0.39843781422933516
119.06,-0.39846813914939866
119.08,-0.3984983895394074
119.1,-0.39852854608541677
119.11999999999999,-0.39855858905272
119.14,-0.39858849831178295
119.16,-0.3986182533655087
119.17999999999999,-0.3986478333776726
119.2,-0.39867721720235866
119.22,-0.39870638341422504
119.24,-0.398735310339422
119.25999999999999,-0.39876397608698244
119.28,-0.398792358580505
119.3,-0.39882043558994923
119.32,-0.398848184763365
119.33999999999999,-0.39887558365837955
119.36,-0.3989026097732724
119.38,-0.39892924057747164
119.39999999999999,-0.3989554535413139
119.42,-0.39898122616491744
119.44,-0.3990065360060272
119.46,-0.39903136070670175
119.48,-0.39905567801872227
119.5,-0.3990794658276165
119.52,-0.3991027021752042
119.53999999999999,-0.39912536528058273
119.56,-0.3991474335594874
119.58,-0.39916888564197456
119.6,-0.39918970038839124
119.61999999999999,-0.39920985690361016
119.64,-0.39922933454952425
119.66,-0.3992481129558101
119.67999999999999,-0.39926617202898523
119.7,-0.39928349195979873
119.72,-0.3993000532290097
119.74,-0.3993158366116212
119.75999999999999,-0.39933082317965213
119.78,-0.3993449943035412
119.8,-0.39935833165228896
119.82,-0.3993708171924558
119.83999999999999,-0.39938243318614347
119.86,-0.3993931621880955
119.88,-0.3994029870420622
119.89999999999999,-0.39941189087657925
119.92,-0.39941985710031774
119.94,-0.3994268693971643
119.96,-0.39943291172119544
119.98,-0.39943796829170913
120.,-0.3994420235884793
120.02,-0.39944506234739474
120.03999999999999,-0.3994470695566434
120.06,-0.39944803045359817
120.08,-0.3994479305225546
120.1,-0.39944675549346514
120.11999999999999,-0.3994444913418057
120.14,-0.39944112428970263
120.16,-0.39943664080843716
120.17999999999999,-0.39943102762243327
120.2,-0.3994242717148241
120.22,-0.3994163603346777
120.24,-0.3994072810059508
120.25999999999999,-0.399397021538224
120.28,-0.399385570039258
120.3,-0.3993729149293951
120.32,-0.3993590449578143
120.33999999999999,-0.3993439492206344
120.36,-0.39932761718084137
120.38,-0.3993100386900043
120.39999999999999,-0.399291204011725
120.42,-0.3992711038467547
120.44,-0.39924972935969444
120.46,-0.39922707220718334
120.48,-0.39920312456746404
120.5,-0.39917787917120323
120.52,-0.3991513293334326
120.53999999999999,-0.399123468986465
120.56,-0.39909429271363045
120.58,-0.39906379578366824
120.6,-0.3990319741856033
120.61999999999999,-0.3989988246639289
120.64,-0.398964344753912
120.66,-0.3989285328168355
120.67999999999999,-0.3988913880749854
120.7,-0.3988529106461946
120.72,-0.3988131015777506
120.74,-0.3987719628794789
120.75999999999999,-0.3987294975558157
120.78,-0.3986857096366869
120.8,-0.3986406042070175
120.82,-0.398594187434701
120.83999999999999,-0.39854646659686577
120.86,-0.3984974501042867
120.88,-0.3984471475237971
120.89999999999999,-0.39839556959857003
120.92,-0.3983427282661478
120.94,-0.39828863667411324
120.96,-0.3982333091933073
120.98,-0.39817676142851416
121.,-0.39811901022654755
121.02,-0.3980600736816884
121.03999999999999,-0.3979999711384379
121.06,-0.3979387231915667
121.08,-0.3978763516834553
121.1,-0.39781287969873697
121.11999999999999,-0.3977483315562689
121.14,-0.39768273279847294
121.16,-0.3976161101781014
121.17999999999999,-0.39754849164249706
121.2,-0.39747990631543084
121.22,-0.39741038447661203
121.24,-0.397339957538979
121.25999999999999,-0.39726865802388817
121.28,-0.39719651953433
121.3,-0.3971235767263092
121.32,-0.39704986527853386
121.33999999999999,-0.3969754218605658
121.36,-0.39690028409958916
121.38,-0.3968244905459591
121.39999999999999,-0.39674808063769457
121.42,-0.39667109466408207
121.44,-0.3965935737285565
121.46,-0.39651555971102587
121.48,-0.3964370952298021
121.5,-0.3963582236033003
121.52,-0.3962789888116608
121.53999999999999,-0.3961994354584444
121.56,-0.3961196087325451
121.58,-0.39603955437045446
121.6,-0.3959593186190051
121.61999999999999,-0.3958789481987095
121.64,-0.3957984902678011
121.66,-0.39571799238707156
121.67999999999999,-0.39563750248558793
121.7,-0.39555706882735986
121.72,-0.3954767399790142
121.74,-0.3953965647785213
121.75999999999999,-0.3953165923050033
121.78,-0.39523687184964224
121.8,-0.39515745288769033
121.82,-0.39507838505157333
121.83999999999999,-0.39499971810506274
121.86,-0.39492150191848113
121.88,-0.3948437864448913
121.89999999999999,-0.39476662169720844
121.92,-0.39469005772616306
121.94,-0.3946141445990319
121.96,-0.3945389323790436
121.98,-0.3944644711053581
122.,-0.39439081077350924
122.02,-0.39431800131619454
122.03999999999999,-0.3942460925842894
122.06,-0.39417513432795803
122.08,-0.39410517617773105
122.1,-0.39403626762541555
122.11999999999999,-0.393968458004704
122.14,-0.39390179647134704
122.16,-0.3938363319827578
122.17999999999999,-0.3937721132769166
122.2,-0.39370918885044986
122.22,-0.39364760693576145
122.24,-0.3935874154771003
122.25999999999999,-0.3935286621054566
122.28,-0.3934713941121858
122.3,-0.39341565842126963
122.32,-0.3933615015601335
122.33999999999999,-0.3933089696289503
122.36,-0.3932581082683726
122.38,-0.3932089626256477
122.39999999999999,-0.39316157731908274
122.42,-0.39311599640084127
122.44,-0.39307226331806555
122.46,-0.3930304208723336
122.48,-0.39299051117747447
122.5,-0.3929525756157792
122.52,-0.392916654792659
122.53999999999999,-0.3928827884898178
122.56,-0.39285101561701724
122.58,-0.39282137416253
122.6,-0.39279390114238577
122.61999999999999,-0.3927686325485303
122.64,-0.39274560329602765
122.66,-0.3927248471694478
122.67999999999999,-0.3927063967685915
122.7,-0.392690283453714
122.72,-0.3926765372904171
122.74,-0.39266518699438685
122.75999999999999,-0.3926562598761593
122.78,-0.3926497817861037
122.8,-0.39264577705981407
122.82,-0.3926442684641043
122.83999999999999,-0.39264527714380265
122.86,-0.3926488225695425
122.88,-0.3926549224867429
122.89999999999999,-0.3926635928659739
122.92,-0.39267484785489404
122.94,-0.3926886997319454
122.96,-0.3927051588619852
122.98,-0.39272423365402453
123.,-0.39274593052123913
123.02,-0.3927702538434059
123.03999999999999,-0.3927972059319101
123.06,-0.392826786997457
123.08,-0.39285899512061023
123.1,-0.3928938262252668
123.11999999999999,-0.3929312740551657
123.14,-0.3929713301535137
123.16,-0.3930139838457983
123.17999999999999,-0.3930592222258435
123.2,-0.3931070301451503
123.22,-0.3931573902055481
123.24,-0.3932102827551701
123.25999999999999,-0.393265685887752
123.28,-0.3933235754452364
123.3,-0.39338392502365493
123.32,-0.39344670598224535
123.33999999999999,-0.3935118874557467
123.36,-0.3935794363698061
123.38,-0.3936493174594163
123.39999999999999,-0.39372149329029515
123.42,-0.39379592428310517
123.44,-0.39387256874040466
123.46,-0.3939513828762125
123.48,-0.39403232084806183
123.5,-0.3941153347914115
123.52,-0.39420037485627935
123.53999999999999,-0.39428738924595785
123.56,-0.3943763242576683
123.58,-0.39446712432501
123.6,-0.39455973206205913
123.61999999999999,-0.3946540883089718
123.64,-0.39475013217895
123.66,-0.3948478011064286
123.67999999999999,-0.39494703089634764
123.7,-0.39504775577437823
123.72,-0.395149908437975
123.74,-0.3952534201081363
123.75999999999999,-0.3953582205817598
123.78,-0.3954642382844884
123.8,-0.39557140032395205
123.82,-0.3956796325433188
123.83999999999999,-0.39578885957507887
123.86,-0.39589900489499585
123.88,-0.39600999087616956
123.89999999999999,-0.39612173884316587
123.92,-0.3962341691261798
123.94,-0.39634720111520916
123.96,-0.3964607533142269
123.98,-0.39657474339535087
124.,-0.39668908825302024
124.02,-0.3968037040581984
124.03999999999999,-0.3969185063126309
124.06,-0.3970334099031968
124.08,-0.39714832915640025
124.1,-0.39726317789305704
124.11999999999999,-0.3973778694832372
124.14,-0.3974923169015325
124.16,-0.3976064327827212
124.17999999999999,-0.39772012947790863
124.2,-0.397833319111225
124.22,-0.3979459136371631
124.24,-0.3980578248986429
124.25999999999999,-0.3981689646858872
124.28,-0.3982792447961944
124.3,-0.3983885770946915
124.32,-0.39849687357614705
124.33999999999999,-0.3986040464279226
124.36,-0.39871000809413265
124.38,-0.39881467134108056
124.39999999999999,-0.3989179493240293
124.42,-0.3990197556553586
124.44,-0.3991200044741519
124.46,-0.3992186105172473
124.48,-0.3993154891917754
124.5,-0.39941055664919867
124.52,-0.3995037298608528
124.53999999999999,-0.3995949266949817
124.56,-0.39968406599524314
124.58,-0.3997710676606517
124.6,-0.3998558527269113
124.61999999999999,-0.3999383434490784
124.64,-0.4000184633854824
124.66,-0.40009613748281914
124.67999999999999,-0.4001712921623186
124.7,-0.4002438554068775
124.72,-0.4003137568490339
124.74,-0.40038092785965096
124.75999999999999,-0.40044530163716435
124.78,-0.40050681329723886
124.8,-0.4005653999626688
124.82,-0.40062100085334873
124.83999999999999,-0.40067355737613203
124.86,-0.40072301321438875
124.88,-0.40076931441706615
124.89999999999999,-0.4008124094870515
124.92,-0.4008522494686316
124.94,-0.4008887880338402
124.96,-0.4009219815674823
124.98,-0.400951789250624
125.,-0.40097817314233464
125.02,-0.40100109825947133
125.03999999999999,-0.40102053265429677
125.06,-0.40103644748972433
125.08,-0.4010488171119899
125.1,-0.4010576191205542
125.11999999999999,-0.4010628344350462
125.14,-0.40106444735906516
125.16,-0.40106244564066756
125.17999999999999,-0.40105682052937325
125.2,-0.40104756682953613
125.22,-0.4010346829499336
125.24,-0.4010181709494417
125.25999999999999,-0.40099803657867317
125.28,-0.4009742893174685
125.3,-0.400946942408142
125.32,-0.40091601288439815
125.33999999999999,-0.4008815215958458
125.36,-0.4008434932280514
125.38,-0.4008019563180855
125.39999999999999,-0.4007569432655288
125.42,-0.4007084903389184
125.44,-0.4006566376776264
125.46,-0.4006014292891752
125.48,-0.40054291304200723
125.5,-0.4004811406537358
125.52,-0.40041616767491695
125.53999999999999,-0.40034805346839103
125.56,-0.40027686118425326
125.58,-0.4002026577305201
125.6,-0.40012551373956806
125.61999999999999,-0.4000455035304271
125.64,-0.3999627050670191
125.66,-0.39987719991243503
125.67999999999999,-0.39978907317935214
125.7,-0.3996984134766932
125.72,-0.3996053128526352
125.74,-0.3995098667340748
125.75999999999999,-0.3994121738626615
125.78,-0.39931233622750595
125.8,-0.39921045899467467
125.82,-0.3991066504335768
125.83999999999999,-0.39900102184034963
125.86,-0.39889368745834447
125.88,-0.39878476439581173
125.89999999999999,-0.3986743725408802
125.92,-0.3985626344739195
125.94,-0.39844967537737136
125.96,-0.39833562294312735
125.98,-0.39822060727752656
126.,-0.3981047608040396
126.02,-0.3979882181636991
126.03999999999999,-0.39787111611333004
126.05999999999999,-0.3977535934216268
126.08,-0.3976357907631179
126.1,-0.39751785061005135
126.11999999999999,-0.39739991712222955
126.14,-0.39728213603481516
126.16,-0.39716465454412453
126.17999999999999,-0.39704762119142023
126.2,-0.3969311857447093
126.22,-0.3968154990785505
126.24,-0.39670071305186994
126.26,-0.3965869803837821
126.28,-0.39647445452741126
126.3,-0.39636328954170724
126.32,-0.396253639961249
126.33999999999999,-0.39614566066403006
126.36,-0.3960395067372213
126.38,-0.39593533334090897
126.39999999999999,-0.39583329556980795
126.42,-0.3957335483129558
126.44,-0.39563624611139675
126.46,-0.3955415430138705
126.48,-0.3954495924305287
126.5,-0.3953605469847065
126.52,-0.395274558362788
126.53999999999999,-0.39519177716220966
126.55999999999999,-0.3951123527376584
126.58,-0.39503643304552877
126.6,-0.3949641644867153
126.61999999999999,-0.394895691747826
126.64,-0.394831157640917
126.66,-0.39477070294185546
126.67999999999999,-0.3947144662274358
126.7,-0.39466258371138
126.72,-0.39461518907937065
126.74,-0.39457241332327325
126.76,-0.39453438457471923
126.78,-0.394501227938231
126.8,-0.39447306532408366
126.82,-0.3944500152811076
126.83999999999999,-0.3944321928296482
126.86,-0.3944197092949084
126.88,-0.39441267214091025
126.89999999999999,-0.3944111848053193
126.92,-0.39441534653538535
126.94,-0.39442525222525937
126.96,-0.39444099225495316
126.98,-0.3944626523312145
127.,-0.3944903133305943
127.02,-0.39452405114498573
127.03999999999999,-0.3945639365299193
127.05999999999999,-0.3946100349558969
127.08,-0.3946624064630508
127.1,-0.3947211055194097
127.11999999999999,-0.3947861808830553
127.14,-0.39485767546844697
127.16,-0.39493562621718975
127.17999999999999,-0.39502006397351447
127.2,-0.3951110133647331
127.22,-0.39520849268692454
127.24,-0.3953125137960985
127.26,-0.3954230820050743
127.28,-0.39554019598630247
127.3,-0.3956638476808453
127.32,-0.3957940222137206
127.33999999999999,-0.39593069781580054
127.36,-0.3960738457524433
127.38,-0.39622343025902307
127.39999999999999,-0.3963794084835077
127.42,-0.39654173043622015
127.44,-0.39671033894690316
127.46,-0.3968851696291935
127.48,-0.39706615085259434
127.5,-0.3972532037220201
127.52,-0.39744624206497303
127.53999999999999,-0.39764517242639386
127.55999999999999,-0.39784989407121524
127.58,-0.3980602989946311
127.6,-0.39827627194008025
127.61999999999999,-0.39849769042492955
127.64,-0.39872442477382664
127.66,-0.3989563381596813
127.67999999999999,-0.39919328665222015
127.7,-0.39943511927404934
127.72,-0.3996816780641478
127.74,-0.39993279814870364
127.76,-0.4001883078191983
127.78,-0.40044802861763173
127.8,-0.4007117754287779
127.82,-0.40097935657934936
127.83999999999999,-0.4012505739439475
127.86,-0.40152522305766714
127.88,-0.401803093235222
127.89999999999999,-0.4020839676964537
127.92,-0.40236762369808465
127.94,-0.40265383267157395
127.96,-0.40294236036693504
127.98,-0.4032329670023731
128.,-0.4035254074196022
128.02,-0.4038194312447026
128.04000000000002,-0.40411478305438137
128.06,-0.4044112025475026
128.08,-0.4047084247217556
128.10000000000002,-0.4050061800553332
128.12,-0.40530419469349743
128.14000000000001,-0.4056021906399125
128.16,-0.40589988595262994
128.18,-0.406196994944616
128.20000000000002,-0.4064932283887144
128.22,-0.4067882937269437
128.24,-0.40708189528403127
128.26000000000002,-0.40737373448509157
128.28,-0.4076635100773589
128.3,-0.40795091835588976
128.32000000000002,-0.4082356533931514
128.34,-0.4085174072724177
128.36,-0.40879587032489423
128.38000000000002,-0.4090707313704959
128.4,-0.40934167796220255
128.42000000000002,-0.4096083966339173
128.44000000000003,-0.4098705731517508
128.46,-0.41012789276865624
128.48000000000002,-0.41038004048233395
128.5,-0.41062670129632495
128.52,-0.4108675604842063
128.54000000000002,-0.4111023038567988
128.56,-0.41133061803229
128.58,-0.411552190709171
128.60000000000002,-0.41176671094187683
128.62,-0.41197386941901387
128.64000000000001,-0.4121733587440474
128.66,-0.4123648737183147
128.68,-0.4125481116262174
128.70000000000002,-0.41272277252243744
128.72,-0.4128885595210086
128.74,-0.41304517908606453
128.76000000000002,-0.4131923413240711
128.78,-0.4133297602773392
128.8,-0.4134571542185999
128.82000000000002,-0.41357424594641207
128.84,-0.4136807630811572
128.86,-0.4137764383613652
128.88000000000002,-0.4138610099400987
128.9,-0.41393422168111277
128.92000000000002,-0.4139958234544907
128.94000000000003,-0.4140455714314471
128.96,-0.4140832283779736
128.98000000000002,-0.4141085639469928
129.,-0.41412135496867286
129.02,-0.4141213857385455
129.04000000000002,-0.41410844830305854
129.06,-0.41408234274218597
129.08,-0.41404287744870816
129.10000000000002,-0.4139898694037691
129.12,-0.4139231444483086
129.14000000000001,-0.4138425375499633
129.16,-0.4137478930650247
129.18,-0.41363906499503866
129.20000000000002,-0.4135159172376297
129.22,-0.4133783238311303
129.24,-0.41322616919259714
129.26000000000002,-0.41305934834879604
129.28,-0.4128777671597412
129.3,-0.4126813425343769
129.32000000000002,-0.412470002637995
129.34,-0.41224368709098974
129.36,-0.41200234715855505
129.38000000000002,-0.4117459459309422
129.4,-0.41147445849390346
129.42000000000002,-0.411187872088958
129.44000000000003,-0.4108861862631309
129.46,-0.41056941300782585
129.48000000000002,-0.41023757688650975
129.5,-0.40989071515090036
129.52,-0.4095288778453647
129.54000000000002,-0.4091521278992535
129.56,-0.40876054120691374
129.58,-0.40835420669514033
129.60000000000002,-0.4079332263778457
129.62,-0.4074977153977476
129.64000000000001,-0.407047802054893
129.66,-0.4065836278218573
129.68,-0.4061053473454794
129.70000000000002,-0.40561312843501146
129.72,-0.4051071520365865
129.74,-0.4045876121939237
129.76000000000002,-0.40405471599521653
129.78,-0.4035086835061655
129.8,-0.40294974768914105
129.82000000000002,-0.4023781543084805
129.84,-0.40179416182194355
129.86,-0.4011980412583707
129.88000000000002,-0.4005900760816077
129.9,-0.3999705620407779
129.92000000000002,-0.399339807007003
129.94000000000003,-0.39869813079668925
129.96,-0.39804586498151456
129.98000000000002,-0.39738335268526664
130.,-0.3967109483676994
130.02,-0.3960290175955888
130.04000000000002,-0.39533793680118434
130.06,-0.3946380930282652
130.08,-0.393929883666023
130.10000000000002,-0.39321371617100637
130.12,-0.39249000777737214
130.14000000000001,-0.39175918519569985
130.16,-0.39102168430063633
130.18,-0.3902779498076459
130.20000000000002,-0.38952843493915124
130.22,-0.38877360108035736
130.24,-0.3880139174250598
130.26000000000002,-0.3872498606117444
130.28,-0.3864819143502929
130.3,-0.38571056903961576
130.32000000000002,-0.3849363213765376
130.34,-0.3841596739562684
130.36,-0.3833811348647971
130.38000000000002,-0.38260121726355034
130.4,-0.38182043896666346
130.42000000000002,-0.3810393220112154
130.44000000000003,-0.3802583922207847
130.46,-0.3794781787626874
130.48000000000002,-0.3786992136992622
130.5,-0.37792203153357423
130.52,-0.37714716874991183
130.54000000000002,-0.3763751633494565
130.56,-0.37560655438151114
130.58,-0.37484188147067704
130.60000000000002,-0.3740816843403746
130.62,-0.37332650233310977
130.64000000000001,-0.3725768739278929
130.66,-0.37183333625522375
130.68,-0.3710964246100619
130.70000000000002,-0.37036667196320994
130.72,-0.3696446084715415
130.74,-0.36893076098751654
130.76000000000002,-0.3682256525684301
130.78,-0.3675298019858519
130.8,-0.36684372323571957
130.82000000000002,-0.3661679250495576
130.84,-0.3655029104073016
130.86,-0.3648491760522166
130.88000000000002,-0.3642072120084054
130.9,-0.3635775011014118
130.92000000000002,-0.3629605184824328
130.94000000000003,-0.36235673115665995
130.96,-0.36176659751627976
130.98000000000002,-0.36119056687867107
131.,-0.3606290790303429
131.02,-0.36008256377716613
131.04000000000002,-0.3595514405014569
131.06,-0.3590361177264774
131.08,-0.3585369926889254
131.10000000000002,-0.3580544509199878
131.12,-0.35758886583553967
131.14000000000001,-0.35714059833607364
131.16,-0.35670999641694623
131.18,-0.35629739478953193
131.20000000000002,-0.35590311451387524
131.22,-0.35552746264343243
131.24,-0.35517073188249354
131.26000000000002,-0.3548332002568727
131.28,-0.35451513079845315
131.3,-0.3542167712441683
131.32000000000002,-0.3539383537499951
131.34,-0.3536800946205292
131.36,-0.3534421940547042
131.38000000000002,-0.35322483590820736
131.4,-0.3530281874731342
131.42000000000002,-0.3528523992754126
131.44000000000003,-0.35269760489051394
131.46,-0.35256392077795407
131.48000000000002,-0.35245144613507173
131.5,-0.35236026277055466
131.52,-0.352290434998165
131.54000000000002,-0.35224200955109664
131.56,-0.3522150155173755
131.58,-0.3522094642966918
131.60000000000002,-0.3522253495790306
131.62,-0.35226264734544105
131.64000000000001,-0.3523213158912605
131.66,-0.35240129587208174
131.68,-0.35250251037272495
131.70000000000002,-0.3526248649994455
131.72,-0.35276824799558093
131.74,-0.35293253038080863
131.76000000000002,-0.3531175661141543
131.78,-0.3533231922808597
131.8,-0.35354922930318505
131.82000000000002,-0.3537954811751874
131.84,-0.3540617357214827
131.86,-0.3543477648799654
131.88000000000002,-0.35465332500842195
131.9,-0.35497815721494225
131.92000000000002,-0.3553219877119945
131.94000000000003,-0.355684528193995
131.96,-0.3560654762381658
131.98000000000002,-0.3564645157284402
132.,-0.3568813173021346
132.02,-0.3573155388190743
132.04000000000002,-0.3577668258528186
132.06,-0.3582348122035991
132.08,-0.35871912043254445
132.10000000000002,-0.35921936241673136
132.12,-0.3597351399245641
132.14000000000001,-0.3602660452109491
132.16,-0.360811661631696
132.18,-0.3613715642765398
132.20000000000002,-0.36194532062014645
132.22,-0.362532491190425
132.24,-0.36313263025344056
132.26000000000002,-0.3637452865141829
132.28,-0.36437000383241647
132.3,-0.3650063219528012
132.32000000000002,-0.3656537772484429
132.34,-0.36631190347699844
132.36,-0.36698023254843054
132.38000000000002,-0.367658295303474
132.4,-0.3683456223018464
132.42000000000002,-0.3690417446192055
132.44000000000003,-0.36974619465182473
132.46,-0.37045850692793136
132.48000000000002,-0.3711782189246223
132.5,-0.37190487188924487
132.52,-0.37263801166410254
132.54000000000002,-0.37337718951332066
132.56,-0.3741219629506794
132.58,-0.37487189656719805
132.60000000000002,-0.37562656285722984
132.62,-0.37638554304180305
132.64000000000001,-0.37714842788792236
132.66,-0.3779148185225221
132.68,-0.3786843272397435
132.70000000000002,-0.379456578300187
132.72,-0.3802312087207743
132.74,-0.3810078690538359
132.76000000000002,-0.3817862241540235
132.78,-0.3825659539316347
132.8,-0.383346754090919
132.82000000000002,-0.3841283368519283
132.84,-0.3849104316544578
132.86,-0.38569278584262057
132.88000000000002,-0.38647516532858717
132.9,-0.3872573552340186
132.92000000000002,-0.3880391605077168
132.94000000000003,-0.3888204065180144
132.96,-0.3896009396184271
132.98000000000002,-0.39038062768509324
133.,-0.3911593606245311
133.02,-0.39193705085025043
133.04000000000002,-0.3927136337267648
133.06,-0.39348906797956346
133.08,-0.39426333606961517
133.10000000000002,-0.3950364445309952
133.12,-0.39580842427024504
133.14000000000001,-0.3965793308260989
133.16,-0.3973492445882355
133.18,-0.3981182709737441
133.20000000000002,-0.39888654056002415
133.22,-0.3996542091728744
133.24,-0.40042145792856443
133.26000000000002,-0.40118849322872413
133.28,-0.40195554670693107
133.3,-0.402722875125924
133.32000000000002,-0.40349076022442193
133.34,-0.404259508512584
133.36,-0.4050294510152027
133.38000000000002,-0.4058009429617849
133.4,-0.4065743634227415
133.42000000000002,-0.40735011489097206
133.44000000000003,-0.4081286228082058
133.46,-0.40891033503553265
133.48000000000002,-0.409695721267638
133.5,-0.41048527239033433
133.52,-0.4112794997810699
133.54000000000002,-0.4120789345521791
133.56,-0.4128841267367313
133.58,-0.41369564441692835
133.60000000000002,-0.4145140727950942
133.62,-0.4153400132074018
133.64000000000001,-0.4161740820805802
133.66,-0.4170169098319495
133.68,-0.4178691397132358
133.70000000000002,-0.41873142659872464
133.72,-0.4196044357184217
133.74,-0.42048884133699815
133.76000000000002,-0.42138532537941115
133.78,-0.4222945760042019
133.8,-0.42321728612558823
133.82000000000002,-0.4241541518855831
133.84,-0.42510587107748543
133.86,-0.42607314152220604
133.88000000000002,-0.42705665939900594
133.9,-0.428057117532341
133.92000000000002,-0.42907520363662166
133.94000000000003,-0.4301115985208111
133.96,-0.43116697425489925
133.98000000000002,-0.4322419923004028
134.,-0.4333373016071524
134.02,-0.43445353667874
134.04000000000002,-0.43559131560910413
134.06,-0.43675123809284144
134.08,-0.4379338834119329
134.10000000000002,-0.43913980840167716
134.12,-0.4403695453987213
134.14000000000001,-0.4416236001741751
134.16,-0.44290244985488814
134.18,-0.4442065408360579
134.20000000000002,-0.4455362866884234
134.22,-0.44689206606338017
134.24,-0.44827422059943095
134.26000000000002,-0.44968305283345983
134.28,-0.45111882412038756
134.3,-0.45258175256482985
134.32000000000002,-0.4540720109684405
134.34,-0.4555897247966773
134.36,-0.4571349701687774
134.38000000000002,-0.45870777187477424
134.4,-0.4603081014234271
134.42000000000002,-0.461935875124969
134.44000000000003,-0.46359095221260455
134.46,-0.4652731330067144
134.48000000000002,-0.46698215712573676
134.5,-0.4687177017477077
134.52,-0.4704793799264462
134.54000000000002,-0.4722667389663665
134.56,-0.4740792588598928
134.58,-0.4759163507914354
134.60000000000002,-0.47777735571186547
134.62,-0.479661542987399
134.64000000000001,-0.48156810912676284
134.66,-0.48349617659047667
134.68,-0.48544479268603413
134.70000000000002,-0.4874129285527126
134.72,-0.4893994782396786
134.74,-0.491403257880986
134.76000000000002,-0.4934230049709897
134.78,-0.49545737774361404
134.8,-0.49750495465882577
134.82000000000002,-0.49956423399956457
134.84,-0.5016336335822824
134.86,-0.5037114905841311
134.88000000000002,-0.5057960614897217
134.9,-0.507885522160256
134.92000000000002,-0.5099779680277001
134.94000000000003,-0.5120714144165333
134.96,-0.5141637969954608
134.98000000000002,-0.5162529723613336
135.,-0.5183367187573574
135.02,-0.5204127369275137
135.04000000000002,-0.5224786511089471
135.06,-0.5245320101638993
135.08,-0.5265702888525879
135.10000000000002,-0.5285908892482459
135.12,-0.5305911422953424
135.14000000000001,-0.532568309511813
135.16,-0.5345195848359225
135.18,-0.5364420966181778
135.20000000000002,-0.5383329097584966
135.22,-0.5401890279886229
135.24,-0.542007396299557
135.26000000000002,-0.5437849035135457
135.28,-0.5455183849999499
135.3,-0.5472046255340715
135.32000000000002,-0.548840362297792
135.34,-0.5504222880206322
135.36,-0.5519470542596027
135.38000000000002,-0.553411274815973
135.4,-0.5548115292868405
135.42000000000002,-0.5561443667491331
135.44000000000003,-0.557406309573432
135.46,-0.5585938573647505
135.48000000000002,-0.5597034910271563
135.5,-0.5607316769488717
135.52,-0.561674871304239
135.54000000000002,-0.5625295244686865
135.56,-0.563292085542584
135.58,-0.5639590069796251
135.60000000000002,-0.5645267493151351
135.62,-0.5649917859894538
135.64000000000001,-0.5653506082613042
135.66,-0.5655997302058237
135.68,-0.5657356937916946
135.70000000000002,-0.565755074031589
135.72,-0.5656544841999102
135.74,-0.565430581111599
135.76000000000002,-0.5650800704555575
135.78,-0.5645997121760317
135.8,-0.5639863258950957
135.82000000000002,-0.563236796369187
135.84,-0.562348078972449
135.86,-0.5613172051994632
135.88000000000002,-0.5601412881797818
135.9,-0.5588175281965072
135.92000000000002,-0.5573432182010131
135.94000000000003,-0.5557157493157625
135.96,-0.553932616317041
135.98000000000002,-0.5519914230893036
136.,-0.5498898880427261
136.02,-0.5476258494854485
136.04000000000002,-0.5451972709419147
136.06,-0.5426022464086384
136.08,-0.5398390055386589
136.10000000000002,-0.5369059187459122
136.12,-0.5338015022206974
136.14000000000001,-0.5305244228474052
136.16,-0.527073503015666
136.18,-0.5234477253160826
136.20000000000002,-0.519646237111739
136.22,-0.5156683549767088
136.24,-0.5115135689928462
136.26000000000002,-0.5071815468962069
136.28,-0.5026721380645335
136.3,-0.49798537733733694
136.32000000000002,-0.49312148866022615
136.34,-0.4880808885452657
136.36,-0.48286418933929187
136.38000000000002,-0.4774722022922832
136.4,-0.47190594041805833
136.42000000000002,-0.46616662113977314
136.44000000000003,-0.4602556687129033
136.46,-0.4541747164186227
136.48000000000002,-0.4479256085207353
136.5,-0.44151040197957964
136.52,-0.4349313679165956
136.54000000000002,-0.42819099282354
136.56,-0.42129197951063857
136.58,-0.4142372477882829
136.60000000000002,-0.4070299348772194
136.62,-0.3996733955425211
136.64000000000001,-0.3921712019469975
136.66,-0.3845271432200745
136.68,-0.37674522473856087
136.70000000000002,-0.3688296671161228
136.72,-0.36078490489869425
136.74,-0.3526155849634779
136.76000000000002,-0.3443265646196245
136.78,-0.3359229094091192
136.8,-0.3274098906068564
136.82000000000002,-0.3187929824193498
136.84,-0.3100778588819852
136.86,-0.3012703904552059
136.88000000000002,-0.2923766403204998
136.9,-0.2834028603775436
136.92000000000002,-0.2743554869443533
136.94000000000003,-0.2652411361627856
136.96,-0.2560665991122323
136.98000000000002,-0.24683883663485096
137.,-0.23756497387617895
137.02,-0.22825229454547594
137.04000000000002,-0.2189082349006456
137.06,-0.2095403774630838
137.08,-0.200156444468299
137.10000000000002,-0.190764291058644
137.12,-0.18137189822498637
137.14000000000001,-0.17198736550462876
137.16,-0.16261890344326682
137.18,-0.1532748258292414
137.20000000000002,-0.14396354170880238
137.22,-0.1346935471915526
137.24,-0.1254734170556811
137.26000000000002,-0.11631179616302245
137.28,-0.10721739069439716
137.3,-0.09819895921609002
137.32000000000002,-0.0892653035887109
137.34,-0.08042525973005711
137.36,-0.07168768824395218
137.38000000000002,-0.06306146492737391
137.4,-0.05455547116850831
137.42000000000002,-0.04617858424866621
137.44000000000003,-0.03793966756128045
137.46,-0.02984756076146588
137.48000000000002,-0.021911069859861916
137.5,-0.014138957274693439
137.52,-0.006539931856185057
137.54000000000002,0.0008773611023724353
137.56,0.008104349852453327
137.58,0.015132546162456097
137.60000000000002,0.021953555259528856
137.62,0.028559085726326084
137.64000000000001,0.0349409593379204
137.66,0.04109112082408273
137.68,0.047001647542148826
137.70000000000002,0.05266475904574013
137.72,0.0580728265346674
137.74,0.06321838217144761
137.76000000000002,0.0680941282499931
137.78,0.0726929462021806
137.8,0.07700790542819622
137.82000000000002,0.0810322719367682
137.84,0.08475951678163414
137.86,0.08818332428086513
137.88000000000002,0.09129760000597141
137.9,0.09409647852803477
137.92000000000002,0.09657433090847393
137.94000000000003,0.0987257719224365
137.96,0.10054566700321345
137.98000000000002,0.1020291388965168
138.,0.10317157401392829
138.02,0.10396862847530579
138.04000000000002,0.10441623383046413
138.06,0.10451060245097497
138.08,0.10424823258349607
138.10000000000002,0.10362591305663178
138.12,0.10264072763392512
138.14000000000001,0.10129005900621108
138.16,0.09957159241721555
138.18,0.09748331891693576
138.20000000000002,0.09502353823803572
138.22,0.09219086129117521
138.24,0.08898421227591069
138.26000000000002,0.08540283040453582
138.28,0.08144627123695751
138.3,0.07711440762545896
138.32000000000002,0.07240743026896108
138.34,0.06732584787714897
138.36,0.061870486945607525
138.38000000000002,0.05604249114388786
138.4,0.04984332031919391
138.42000000000002,0.04327474911916374
138.44000000000003,0.03633886523800026
138.46,0.029038067290971345
138.48000000000002,0.02137506232307687
138.5,0.013352862958447717
138.52,0.0049747841977860075
138.54000000000002,-0.0037555601280812086
138.56,-0.012834261239739537
138.58,-0.022257119616295493
138.60000000000002,-0.03201964951782164
138.62,-0.04211708381222387
138.64000000000001,-0.05254437909494268
138.66,-0.06329622108924343
138.68,-0.07436703031423575
138.70000000000002,-0.08575096800714571
138.72,-0.09744194228580043
138.74,-0.10943361453673006
138.76000000000002,-0.1217194060137729
138.78,-0.13429250463159165
138.8,-0.14714587193805193
138.82000000000002,-0.16027225024899727
138.84,-0.17366416992858452
138.86,-0.18731395679800109
138.88000000000002,-0.20121373965508801
138.9,-0.21535545788714705
138.92000000000002,-0.22973086915899887
138.94000000000003,-0.24433155715819846
138.96,-0.25914893937920974
138.98000000000002,-0.2741742749282782
139.,-0.2893986723307327
139.02,-0.30481309732250245
139.04000000000002,-0.32040838060773325
139.06,-0.3361752255645545
139.08,-0.35210421588127183
139.10000000000002,-0.36818582310554093
139.12,-0.3844104140894297
139.14000000000001,-0.4007682583136874
139.16,-0.4172495350750137
139.18,-0.43384434052067244
139.20000000000002,-0.45054269451540013
139.22,-0.46733454732625074
139.24,-0.4842097861117645
139.26000000000002,-0.5011582412026759
139.28,-0.5181696921622712
139.3,-0.5352338736154721
139.32000000000002,-0.5523404808367622
139.34,-0.5694791750881818
139.36,-0.5866395886997998
139.38000000000002,-0.603811329886322
139.4,-0.6209839872948155
139.42000000000002,-0.638147134279918
139.44000000000003,-0.6552903329043522
139.46,-0.6724031376640853
139.48000000000002,-0.6894750989390456
139.5,-0.7064957661719468
139.52,-0.7234546907794528
139.54000000000002,-0.7403414288016548
139.56,-0.7571455432976074
139.58,-0.7738566064964914
139.60000000000002,-0.7904642017158164
139.62,-0.8069579250599556
139.64000000000001,-0.8233273869141889
139.66,-0.8395622132513457
139.68,-0.8556520467700262
139.70000000000002,-0.8715865478852916
139.72,-0.8873553955945795
139.74,-0.9029482882434541
139.76000000000002,-0.9183549442176119
139.78,-0.9335651025893208
139.8,-0.9485685237481616
139.82000000000002,-0.9633549900475673
139.84,-0.9779143065001765
139.86,-0.9922363015564465
139.88000000000002,-1.0063108280022839
139.9,-1.0201277640126207
139.92000000000002,-1.0336770143989
139.94000000000003,-1.0469485120893098
139.96,-1.0599322198812933
139.98000000000002,-1.0726181325063735
140.,-1.0849962790476442
140.02,-1.0970567257503454
140.04000000000002,-1.1087895792658207
140.06,-1.1201849903687497
140.08,-1.1312331581869115
140.10000000000002,-1.1419243349818264
140.12,-1.152248831517433
140.14000000000001,-1.1621970230524807
140.16,-1.1717593559905566
140.18,-1.1809263552195854
140.20000000000002,-1.1896886321702782
140.22,-1.1980368936203072
140.24,-1.2059619512679993
140.26000000000002,-1.213454732096036
140.28,-1.220506289542028
140.3,-1.2271078154889263
140.32000000000002,-1.233250653084029
140.34,-1.2389263103908343
140.36,-1.2441264748732404
140.38000000000002,-1.248843028706566
140.4,-1.253068064904595
140.42000000000002,-1.2567939042463723
140.44000000000003,-1.260013112980792
140.46,-1.2627185212811678
140.48000000000002,-1.2649032424159612
140.5,-1.2665606925957549
140.52,-1.267684611450325
140.54000000000002,-1.2682690830834542
140.56,-1.268308557646847
140.58,-1.2677978733682875
140.60000000000002,-1.2667322789630326
140.62,-1.2651074563513638
140.64000000000001,-1.2629195435993423
140.66,-1.260165157994122
140.68,-1.2568414191597073
140.70000000000002,-1.2529459721139111
140.72,-1.248477010162423
140.74,-1.2434332975214732
140.76000000000002,-1.2378141915565708
140.78,-1.231619664521242
140.8,-1.2248503246766835
140.82000000000002,-1.2175074366707799
140.84,-1.209592941053053
140.86,-1.2011094728008782
140.88000000000002,-1.1920603787317363
140.9,-1.1824497336763777
140.92000000000002,-1.172282355288629
140.94000000000003,-1.1615638173691716
140.96,-1.150300461582962
140.98000000000002,-1.138499407453106
141.,-1.1261685605179277
141.02,-1.113316618542661
141.04000000000002,-1.099953075682727
141.06,-1.0860882245018075
141.08,-1.0717331557549987
141.10000000000002,-1.0568997558551214
141.12,-1.0416007019487907
141.14000000000001,-1.0258494545380614
141.16,-1.0096602475933583
141.18,-0.9930480761138718
141.20000000000002,-0.976028681102684
141.22,-0.958618531935442
141.24,-0.9408348061134417
141.26000000000002,-0.9226953664044073
141.28,-0.9042187353869895
141.3,-0.8854240674280162
141.32000000000002,-0.8663311181347059
141.34,-0.8469602113373238
141.36,-0.8273322036710572
141.38000000000002,-0.8074684468391146
141.4,-0.7873907476521186
141.42000000000002,-0.7671213259517028
141.44000000000003,-0.746682770538733
141.46,-0.7260979932386689
141.48000000000002,-0.7053901812481896
141.5,-0.6845827479182346
141.52,-0.6636992821389721
141.54000000000002,-0.6427634965018478
141.56,-0.6217991744226795
141.58,-0.6008301164177117
141.60000000000002,-0.5798800857315403
141.62,-0.5589727535218159
141.64000000000001,-0.5381316438105767
141.66,-0.5173800784159046
141.68,-0.4967411220803038
141.70000000000002,-0.4762375280137307
141.72,-0.45589168406955066
141.74,-0.435725559770824
141.76000000000002,-0.4157606544022403
141.78,-0.396017946379725
141.8,-0.3765178441052388
141.82000000000002,-0.3572801385086005
141.84,-0.3383239574713231
141.86,-0.31966772231948315
141.88000000000002,-0.3013291065635914
141.9,-0.2833249970533648
141.92000000000002,-0.26567145770425155
141.94000000000003,-0.24838369594061033
141.96,-0.23147603198767472
141.98000000000002,-0.21496187113090012
142.,-0.19885367904708753
142.02,-0.1831629602969168
142.04000000000002,-0.16790024005324194
142.06,-0.15307504912386297
142.08,-0.13869591231154385
142.1,-0.12477034013790599
142.12,-0.11130482394162396
142.14000000000001,-0.09830483434512931
142.16,-0.08577482306795829
142.18,-0.07371822804900299
142.20000000000002,-0.06213748182437033
142.22,-0.05103402309242698
142.24,-0.04040831138296622
142.26000000000002,-0.030259844733388767
142.28,-0.020587180261438166
142.3,-0.01138795751141296
142.32000000000002,-0.002658924438991194
142.34,0.0056040341110769835
142.36,0.013405865590104026
142.38000000000002,0.020752316758067164
142.4,0.027649898696204305
142.42000000000002,0.03410584999895711
142.44000000000003,0.0401280983303299
142.46,0.04572522053430834
142.48000000000002,0.05090640149244034
142.50000000000003,0.05568139192399583
142.52,0.06006046532528846
142.54000000000002,0.0640543742448079
142.56,0.06767430608977151
142.58,0.07093183865757843
142.6,0.07383889558251663
142.62,0.0764077018839142
142.64000000000001,0.07865073979685237
142.66,0.0805807050605639
142.68,0.08221046383283329
142.70000000000002,0.0835530103911327
142.72,0.08462142577293252
142.74,0.08542883749871151
142.76000000000002,0.08598838051171472
142.78,0.08631315945853782
142.8,0.08641621242425207
142.82000000000002,0.08631047622508609
142.84,0.08600875335072306
142.86,0.08552368063715035
142.88000000000002,0.08486769973977372
142.9,0.08405302946525361
142.92000000000002,0.08309164000932293
142.94000000000003,0.08199522913676159
142.96,0.08077520032879923
142.98000000000002,0.07944264291256668
143.00000000000003,0.07800831417687094
143.02,0.07648262346857918
143.04000000000002,0.07487561825432579
143.06,0.0731969721231402
143.08,0.07145597469697128
143.1,0.06966152340800306
143.12,0.0678221170941324
143.14000000000001,0.06594585135705025
143.16,0.06404041562104489
143.18,0.06211309182494917
143.20000000000002,0.06017075467459145
143.22,0.0582198733786858
143.24,0.05626651478731439
143.26000000000002,0.05431634784900643
143.28,0.05237464929989648
143.3,0.05044631049653724
143.32000000000002,0.04853584530263155
143.34,0.046647398939215184
143.36,0.04478475770764319
143.38000000000002,0.04295135949508105
143.4,0.04115030497305094
143.42000000000002,0.039384369400900406
143.44000000000003,0.037656014947813815
143.46,0.03596740344914344
143.48000000000002,0.034320409515359585
143.50000000000003,0.03271663391477274
143.52,0.031157417154330902
143.54000000000002,0.029643853186201934
143.56,0.02817680317147965
143.58,0.026756909236169375
143.6,0.025384608158572623
143.62,0.024060144931275167
143.64000000000001,0.022783586145106196
143.66,0.02155483314665477
143.68,0.02037363492516633
143.70000000000002,0.019239600688871185
143.72,0.018152212094992806
143.74,0.017110835101817563
143.76000000000002,0.016114731415258824
143.78,0.015163069506297177
143.8,0.014254935179502127
143.82000000000002,0.013389341676524948
143.84,0.012565239301983448
143.86,0.01178152456252105
143.88000000000002,0.011037048813006906
143.9,0.010330626406842547
143.92000000000002,0.009661042350144299
143.94000000000003,0.00902705946217651
143.96,0.008427425046816416
143.98000000000002,0.007860877082032694
144.00000000000003,0.007326149936358827
144.02,0.006821979623141491
144.04000000000002,0.006347108604943594
144.06,0.005900290161887464
144.08,0.005480292338942048
144.1,0.005085901488191493
144.12,0.0047159254229832085
144.14000000000001,0.004369196201544249
144.16,0.004044572558188507
144.18,0.003740942000619275
144.20000000000002,0.0034572225920733108
144.22,0.0031923644371636617
144.24,0.0029453508902672404
144.26000000000002,0.002715199505180822
144.28,0.002500962744545877
144.3,0.002301728467226951
144.32000000000002,0.0021166202114310108
144.34,0.001944797290886006
144.36,0.001785454720863903
144.38000000000002,0.0016378229902465659
144.4,0.0015011676952007586
144.42000000000002,0.0013747890493584522
144.44000000000003,0.0012580212846990703
144.46,0.001150231956608684
144.48000000000002,0.0010508211658534865
144.50000000000003,0.0009592207094581181
144.52,0.0008748931717294768
144.54000000000002,0.0007973309659182186
144.56,0.0007260553362685761
144.58,0.0006606153294768836
144.6,0.000600586743863336
144.62,0.0005455710638645542
144.64000000000001,0.0004951943867782799
144.66,0.00044910634803948455
144.68,0.00040697905068065305
144.70000000000002,0.0003685060040301319
144.72,0.0003334010761325499
144.74,0.0003013974638351223
144.76000000000002,0.00027224668397406415
144.78,0.0002457175886167699
144.8,0.00022159540686773844
144.82000000000002,0.00019968081532951225
144.84,0.00017978903892383204
144.86,0.00016174898342205876
144.88000000000002,0.00014540240070714513
144.9,0.00013060308749120907
144.92000000000002,0.0001172161179419575
144.94000000000003,0.00010511711042688036
144.96,0.00009419152836513159
144.98000000000002,0.00008433401498200116
145.00000000000003,0.00007544776158868542
145.02,0.00006744390885937946
145.04000000000002,0.00006024098044713794
145.06,0.00005376434816822107
145.08,0.0000479457278904436
145.1,0.00004272270518297397
145.12,0.00003803828972193403
145.14000000000001,0.00003384049739664152
145.16,0.0000300819590243153
145.18,0.000026719554555269123
145.20000000000002,0.00002371407163497827
145.22,0.000021029887382844395
145.24,0.000018634672248961567
145.26000000000002,0.000016499114818770125
145.28,0.000014596666450275116
145.3,0.000012903304648639984
145.32000000000002,0.000011397314107681598
145.34,0.000010059084376366567
145.36,8.870923140158636e-6
145.38000000000002,7.816884141397232e-6
145.4,6.8826087992421864e-6
145.42000000000002,6.055180627584152e-6
145.44000000000003,5.3229915882513054e-6
145.46,4.675619556435081e-6
145.48000000000002,4.103716115141988e-6
145.50000000000003,3.598903935344899e-6
145.52,3.153683038077592e-6
145.54000000000002,2.7613452737442277e-6
145.56,2.415896392200279e-6
145.58,2.1119851145293107e-6
145.6,1.8448386537401254e-6
145.62,1.6102041667318103e-6
145.64000000000001,1.4042956537178855e-6
145.66,1.2237458538004894e-6
145.68,1.0655627164838378e-6
145.70000000000002,9.270900585815709e-7
145.72,8.059720441859709e-7
145.74,7.001211521213796e-7
145.76000000000002,6.076893206077173e-7
145.78,5.270419827296102e-7
145.8,4.5673472876676724e-7
145.82000000000002,3.9549235252599884e-7
145.84,3.421900585637162e-7
145.86,2.95836625643136e-7
145.88000000000002,2.555593389814515e-7
145.9,2.2059051985981075e-7
145.92000000000002,1.9025549604558343e-7
145.94000000000003,1.6396187026708466e-7
145.96,1.4118995674083056e-7
145.98000000000002,1.2148426753557848e-7
146.00000000000003,1.0444594142129064e-7
146.02,8.972601784911364e-8
146.04000000000002,7.701946789356113e-8
146.06,6.605990241249488e-8
146.08,5.661488539456739e-8
146.1,4.8481787515842044e-8
146.12,4.1484121364292583e-8
146.14000000000001,3.546830565704824e-8
146.16,3.03008111133093e-8
146.18,2.5865645495891486e-8
146.20000000000002,2.206213973457601e-8
146.22,1.8803001030752474e-8
146.24,1.601260244894849e-8
146.26000000000002,1.362548175844084e-8
146.28,1.1585025226809629e-8
146.3,9.842314714568379e-9
146.32000000000002,8.355118801557342e-9
146.34,7.087010815411957e-9
146.36,6.006598552110829e-9
146.38000000000002,5.086852198727685e-9
146.4,4.304518507798758e-9
146.42000000000002,3.6396106483926175e-9
146.44000000000003,3.0749643868663224e-9
146.46,2.5958523448980044e-9
146.48000000000002,2.1896490569391845e-9
146.50000000000003,1.8455404158270382e-9
146.52,1.5542718649465875e-9
146.54000000000002,1.307930378040697e-9
146.56,1.0997558726236262e-9
146.58,9.239782381945512e-10
146.6,7.756766335135026e-10
146.62,6.506581248268351e-10
146.64000000000001,5.453531051699856e-10
146.66,4.567252591969581e-10
146.68,3.82194123291343e-10
146.70000000000002,3.195685414087793e-10
146.72,2.669895371313479e-10
146.74,2.2288131531011598e-10
146.76000000000002,1.8590927558852338e-10
146.78,1.5494406785066322e-10
146.8,1.2903084873128372e-10
146.82000000000002,1.073630109896181e-10
146.84,8.925975576830247e-11
146.86,7.414696328914542e-11
146.88000000000002,6.154089193713562e-11
146.9,5.103430033063893e-11
146.92000000000002,4.228464308648259e-11
146.94000000000003,3.500403963807469e-11
146.96,2.895075759955161e-11
146.98000000000002,2.392198862226788e-11
147.00000000000003,1.9747726194263227e-11
147.02,1.628558203156697e-11
147.04000000000002,1.3416401165943789e-11
147.06,1.104055604062468e-11
147.08,9.074817315380082e-12
147.1,7.449714031986493e-12
147.12,6.107308629776837e-12
147.14000000000001,4.999323315105758e-12
147.16,4.085563727751989e-12
147.18,3.3325939283279264e-12
147.20000000000002,2.712623641987524e-12
147.22,2.202574598396351e-12
147.24,1.7832978474744417e-12
147.26000000000002,1.4389182272224593e-12
147.28,1.156285819738154e-12
147.3,9.24517345593854e-13
147.32000000000002,7.346130937821546e-13
147.34,5.791372322200115e-13
147.36,4.5195125062912773e-13
147.38000000000002,3.4799190358313094e-13
147.4,2.6308638962565887e-13
147.42000000000002,1.937986594785222e-13
147.44000000000003,1.3730172404588467e-13
147.46,9.127165818260026e-14
147.48000000000002,5.379969210582822e-14
147.50000000000003,2.3319368585195777e-14
147.52,-1.4537625598856125e-15
147.54000000000002,-2.157202629556907e-14
147.56,-3.7896845743614666e-14
147.58,-5.113277990398989e-14
147.6,-6.18556034397331e-14
147.62,-7.05354509568716e-14
147.64000000000001,-7.755587646133273e-14
147.66,-8.322953511330256e-14
147.68,-8.781107451707077e-14
147.70000000000002,-9.150772277188527e-14
147.72,-9.448797715379924e-14
147.74,-9.688872789260198e-14
147.76000000000002,-9.882109377258647e-14
147.78,-1.0037519830474169e-13
147.8,-1.016240753812017e-13
147.82000000000002,-1.0262686027951862e-13
147.84,-1.0343139450215741e-13
147.86,-1.0407635026725555e-13
147.88000000000002,-1.045929617168168e-13
147.9,-1.0500643441514652e-13
147.92000000000002,-1.0533709192001488e-13
147.94000000000003,-1.0560130766013442e-13
147.96,-1.058122616604717e-13
147.98000000000002,-1.0598055450158799e-13
148.00000000000003,-1.0611470501445945e-13
148.02,-1.0622155337698932e-13
148.04000000000002,-1.0630658730924803e-13
148.06,-1.0637420580928287e-13
148.08,-1.0642793220419213e-13
148.1,-1.0647058610786863e-13
148.12,-1.0650442209127065e-13
148.14000000000001,-1.0653124141217515e-13
148.16,-1.0655248196046082e-13
148.18,-1.06569290603729e-13
148.20000000000002,-1.0658258132671516e-13
148.22,-1.0659308191375139e-13
148.24,-1.0660137139963091e-13
148.26000000000002,-1.0660791008853138e-13
148.28,-1.066130635950834e-13
148.3,-1.0661712208140004e-13
148.32000000000002,-1.066203156367839e-13
148.34,-1.0662282656298053e-13
148.36,-1.0662479917915091e-13
148.38000000000002,-1.0662634764058034e-13
148.4,-1.0662756216813716e-13
148.42000000000002,-1.0662851400725285e-13
148.44000000000003,-1.0662925937214456e-13
148.46,-1.0662984258023827e-13
148.48000000000002,-1.0663029854091837e-13
148.50000000000003,-1.0663065472991477e-13
148.52,-1.0663093275429149e-13
148.54000000000002,-1.0663114959186489e-13
148.56,-1.0663131857194116e-13
148.58,-1.0663145015069841e-13
148.6,-1.0663155252368851e-13
148.62,-1.0663163210926022e-13
148.64000000000001,-1.0663169392977977e-13
148.66,-1.0663174191199927e-13
148.68,-1.0663177912351854e-13
148.70000000000002,-1.0663180795877846e-13
148.72,-1.0663183028523251e-13
148.74,-1.0663184755812469e-13
148.76000000000002,-1.066318609105394e-13
148.78,-1.0663187122399055e-13
148.8,-1.0663187918370864e-13
148.82000000000002,-1.0663188532190587e-13
148.84,-1.0663189005160465e-13
148.86,-1.066318936930654e-13
148.88000000000002,-1.0663189649441495e-13
148.9,-1.0663189864773459e-13
148.92000000000002,-1.0663190030159651e-13
148.94000000000003,-1.0663190157082423e-13
148.96,-1.0663190254408545e-13
148.98000000000002,-1.0663190328979356e-13
149.00000000000003,-1.0663190386069076e-13
149.02,-1.0663190429740419e-13
149.04000000000002,-1.0663190463120303e-13
149.06,-1.0663190488613408e-13
149.08,-1.0663190508067467e-13
149.1,-1.0663190522901097e-13
149.12,-1.0663190534202549e-13
149.14000000000001,-1.0663190542805963e-13
149.16,-1.066319054935017e-13
149.18,-1.0663190554324023e-13
149.20000000000002,-1.0663190558101297e-13
149.22,-1.0663190560967545e-13
149.24,-1.0663190563140741e-13
149.26000000000002,-1.0663190564787136e-13
149.28,-1.0663190566033423e-13
149.3,-1.0663190566976078e-13
149.32000000000002,-1.0663190567688499e-13
149.34,-1.0663190568226484e-13
149.36,-1.0663190568632417e-13
149.38000000000002,-1.0663190568938464e-13
149.4,-1.0663190569169017e-13
149.42000000000002,-1.0663190569342559e-13
149.44000000000003,-1.0663190569473082e-13
149.46,-1.066319056957117e-13
149.48000000000002,-1.0663190569644826e-13
149.50000000000003,-1.0663190569700089e-13
149.52,-1.0663190569741519e-13
149.54000000000002,-1.0663190569772553e-13
149.56,-1.0663190569795783e-13
149.58,-1.0663190569813155e-13
149.6,-1.0663190569826138e-13
149.62,-1.0663190569835831e-13
149.64000000000001,-1.0663190569843064e-13
149.66,-1.0663190569848454e-13
149.68,-1.0663190569852471e-13
149.70000000000002,-1.066319056985546e-13
149.72,-1.0663190569857682e-13
149.74,-1.0663190569859334e-13
149.76000000000002,-1.0663190569860561e-13
149.78,-1.0663190569861471e-13
149.8,-1.0663190569862145e-13
149.82000000000002,-1.0663190569862645e-13
149.84,-1.0663190569863015e-13
149.86,-1.0663190569863289e-13
149.88000000000002,-1.0663190569863491e-13
149.9,-1.066319056986364e-13
149.92000000000002,-1.066319056986375e-13
149.94000000000003,-1.066319056986383e-13
149.96,-1.066319056986389e-13
149.98000000000002,-1.0663190569863934e-13
150.00000000000003,-1.0663190569863967e-13
150.02,-1.066319056986399e-13
150.04000000000002,-1.0663190569864008e-13
150.06,-1.0663190569864021e-13
150.08,-1.066319056986403e-13
150.1,-1.0663190569864036e-13
150.12,-1.0663190569864041e-13
150.14000000000001,-1.0663190569864045e-13
150.16,-1.0663190569864047e-13
150.18,-1.066319056986405e-13
150.20000000000002,-1.0663190569864051e-13
150.22,-1.0663190569864052e-13
150.24,-1.0663190569864054e-13
150.26000000000002,-1.0663190569864054e-13
150.28,-1.0663190569864054e-13
150.3,-1.0663190569864054e-13
150.32000000000002,-1.0663190569864054e-13
150.34,-1.0663190569864054e-13
150.36,-1.0663190569864054e-13
150.38000000000002,-1.0663190569864054e-13
150.4,-1.0663190569864054e-13
150.42000000000002,-1.0663190569864054e-13
150.44000000000003,-1.0663190569864054e-13
150.46,-1.0663190569864054e-13
150.48000000000002,-1.0663190569864054e-13
150.50000000000003,-1.0663190569864054e-13
150.52,-1.0663190569864054e-13
150.54000000000002,-1.0663190569864054e-13
150.56,-1.0663190569864054e-13
150.58,-1.0663190569864054e-13
150.6,-1.0663190569864054e-13
150.62,-1.0663190569864054e-13
150.64000000000001,-1.0663190569864054e-13
150.66,-1.0663190569864054e-13
150.68,-1.0663190569864054e-13
150.70000000000002,-1.0663190569864054e-13
150.72,-1.0663190569864054e-13
150.74,-1.0663190569864054e-13
150.76000000000002,-1.0663190569864054e-13
150.78,-1.0663190569864054e-13
150.8,-1.0663190569864054e-13
150.82000000000002,-1.0663190569864054e-13
150.84,-1.0663190569864054e-13
150.86,-1.0663190569864054e-13
150.88000000000002,-1.0663190569864054e-13
150.9,-1.0663190569864054e-13
150.92000000000002,-1.0663190569864054e-13
150.94000000000003,-1.0663190569864054e-13
150.96,-1.0663190569864054e-13
150.98000000000002,-1.0663190569864054e-13
151.00000000000003,-1.0663190569864054e-13
151.02,-1.0663190569864054e-13
151.04000000000002,-1.0663190569864054e-13
151.06,-1.0663190569864054e-13
151.08,-1.0663190569864054e-13
151.1,-1.0663190569864054e-13
151.12,-1.0663190569864054e-13
151.14000000000001,-1.0663190569864054e-13
151.16,-1.0663190569864054e-13
151.18,-1.0663190569864054e-13
151.20000000000002,-1.0663190569864054e-13
151.22,-1.0663190569864054e-13
151.24,-1.0663190569864054e-13
151.26000000000002,-1.0663190569864054e-13
151.28,-1.0663190569864054e-13
151.3,-1.0663190569864054e-13
151.32000000000002,-1.0663190569864054e-13
151.34,-1.0663190569864054e-13
151.36,-1.0663190569864054e-13
151.38000000000002,-1.0663190569864054e-13
151.4,-1.0663190569864054e-13
151.42000000000002,-1.0663190569864054e-13
151.44000000000003,-1.0663190569864054e-13
151.46,-1.0663190569864054e-13
151.48000000000002,-1.0663190569864054e-13
151.50000000000003,-1.0663190569864054e-13
151.52,-1.0663190569864054e-13
151.54000000000002,-1.0663190569864054e-13
151.56,-1.0663190569864054e-13
151.58,-1.0663190569864054e-13
151.6,-1.0663190569864054e-13
151.62,-1.0663190569864054e-13
151.64000000000001,-1.0663190569864054e-13
151.66,-1.0663190569864054e-13
151.68,-1.0663190569864054e-13
151.70000000000002,-1.0663190569864054e-13
151.72,-1.0663190569864054e-13
151.74,-1.0663190569864054e-13
151.76000000000002,-1.0663190569864054e-13
151.78,-1.0663190569864054e-13
151.8,-1.0663190569864054e-13
151.82000000000002,-1.0663190569864054e-13
151.84,-1.0663190569864054e-13
151.86,-1.0663190569864054e-13
151.88000000000002,-1.0663190569864054e-13
151.9,-1.0663190569864054e-13
151.92000000000002,-1.0663190569864054e-13
151.94000000000003,-1.0663190569864054e-13
151.96,-1.0663190569864054e-13
151.98000000000002,-1.0663190569864054e-13
152.00000000000003,-1.0663190569864054e-13
152.02,-1.0663190569864054e-13
152.04000000000002,-1.0663190569864054e-13
152.06,-1.0663190569864054e-13
152.08,-1.0663190569864054e-13
152.1,-1.0663190569864054e-13
152.12,-1.0663190569864054e-13
152.14000000000001,-1.0663190569864054e-13
152.16,-1.0663190569864054e-13
152.18,-1.0663190569864054e-13
152.20000000000002,-1.0663190569864054e-13
152.22,-1.0663190569864054e-13
152.24,-1.0663190569864054e-13
152.26000000000002,-1.0663190569864054e-13
152.28,-1.0663190569864054e-13
152.3,-1.0663190569864054e-13
152.32000000000002,-1.0663190569864054e-13
152.34,-1.0663190569864054e-13
152.36,-1.0663190569864054e-13
152.38000000000002,-1.0663190569864054e-13
152.4,-1.0663190569864054e-13
152.42000000000002,-1.0663190569864054e-13
152.44000000000003,-1.0663190569864054e-13
152.46,-1.0663190569864054e-13
152.48000000000002,-1.0663190569864054e-13
152.50000000000003,-1.0663190569864054e-13
152.52,-1.0663190569864054e-13
152.54000000000002,-1.0663190569864054e-13
152.56,-1.0663190569864054e-13
152.58,-1.0663190569864054e-13
152.6,-1.0663190569864054e-13
152.62,-1.0663190569864054e-13
152.64000000000001,-1.0663190569864054e-13
152.66,-1.0663190569864054e-13
152.68,-1.0663190569864054e-13
152.70000000000002,-1.0663190569864054e-13
152.72,-1.0663190569864054e-13
152.74,-1.0663190569864054e-13
152.76000000000002,-1.0663190569864054e-13
152.78,-1.0663190569864054e-13
152.8,-1.0663190569864054e-13
152.82000000000002,-1.0663190569864054e-13
152.84,-1.0663190569864054e-13
152.86,-1.0663190569864054e-13
152.88000000000002,-1.0663190569864054e-13
152.9,-1.0663190569864054e-13
152.92000000000002,-1.0663190569864054e-13
152.94000000000003,-1.0663190569864054e-13
152.96,-1.0663190569864054e-13
152.98000000000002,-1.0663190569864054e-13
153.00000000000003,-1.0663190569864054e-13
153.02,-1.0663190569864054e-13
153.04000000000002,-1.0663190569864054e-13
153.06,-1.0663190569864054e-13
153.08,-1.0663190569864054e-13
153.1,-1.0663190569864054e-13
153.12,-1.0663190569864054e-13
153.14000000000001,-1.0663190569864054e-13
153.16,-1.0663190569864054e-13
153.18,-1.0663190569864054e-13
153.20000000000002,-1.0663190569864054e-13
153.22,-1.0663190569864054e-13
153.24,-1.0663190569864054e-13
153.26000000000002,-1.0663190569864054e-13
153.28,-1.0663190569864054e-13
153.3,-1.0663190569864054e-13
153.32000000000002,-1.0663190569864054e-13
153.34,-1.0663190569864054e-13
153.36,-1.0663190569864054e-13
153.38000000000002,-1.0663190569864054e-13
153.4,-1.0663190569864054e-13
153.42000000000002,-1.0663190569864054e-13
153.44000000000003,-1.0663190569864054e-13
153.46,-1.0663190569864054e-13
153.48000000000002,-1.0663190569864054e-13
153.50000000000003,-1.0663190569864054e-13
153.52,-1.0663190569864054e-13
153.54000000000002,-1.0663190569864054e-13
153.56,-1.0663190569864054e-13
153.58,-1.0663190569864054e-13
153.6,-1.0663190569864054e-13
153.62,-1.0663190569864054e-13
153.64000000000001,-1.0663190569864054e-13
153.66,-1.0663190569864054e-13
153.68,-1.0663190569864054e-13
153.70000000000002,-1.0663190569864054e-13
153.72,-1.0663190569864054e-13
153.74,-1.0663190569864054e-13
153.76000000000002,-1.0663190569864054e-13
153.78,-1.0663190569864054e-13
153.8,-1.0663190569864054e-13
153.82000000000002,-1.0663190569864054e-13
153.84,-1.0663190569864054e-13
153.86,-1.0663190569864054e-13
153.88000000000002,-1.0663190569864054e-13
153.9,-1.0663190569864054e-13
153.92000000000002,-1.0663190569864054e-13
153.94000000000003,-1.0663190569864054e-13
153.96,-1.0663190569864054e-13
153.98000000000002,-1.0663190569864054e-13
154.00000000000003,-1.0663190569864054e-13
154.02,-1.0663190569864054e-13
154.04000000000002,-1.0663190569864054e-13
154.06,-1.0663190569864054e-13
154.08,-1.0663190569864054e-13
154.1,-1.0663190569864054e-13
154.12,-1.0663190569864054e-13
154.14000000000001,-1.0663190569864054e-13
154.16,-1.0663190569864054e-13
154.18,-1.0663190569864054e-13
154.20000000000002,-1.0663190569864054e-13
154.22,-1.0663190569864054e-13
154.24,-1.0663190569864054e-13
154.26000000000002,-1.0663190569864054e-13
154.28,-1.0663190569864054e-13
154.3,-1.0663190569864054e-13
154.32000000000002,-1.0663190569864054e-13
154.34,-1.0663190569864054e-13
154.36,-1.0663190569864054e-13
154.38000000000002,-1.0663190569864054e-13
154.4,-1.0663190569864054e-13
154.42000000000002,-1.0663190569864054e-13
154.44000000000003,-1.0663190569864054e-13
154.46,-1.0663190569864054e-13
154.48000000000002,-1.0663190569864054e-13
154.50000000000003,-1.0663190569864054e-13
154.52,-1.0663190569864054e-13
154.54000000000002,-1.0663190569864054e-13
154.56,-1.0663190569864054e-13
154.58,-1.0663190569864054e-13
154.6,-1.0663190569864054e-13
154.62,-1.0663190569864054e-13
154.64000000000001,-1.0663190569864054e-13
154.66,-1.0663190569864054e-13
154.68,-1.0663190569864054e-13
154.70000000000002,-1.0663190569864054e-13
154.72,-1.0663190569864054e-13
154.74,-1.0663190569864054e-13
154.76000000000002,-1.0663190569864054e-13
154.78,-1.0663190569864054e-13
154.8,-1.0663190569864054e-13
154.82000000000002,-1.0663190569864054e-13
154.84,-1.0663190569864054e-13
154.86,-1.0663190569864054e-13
154.88000000000002,-1.0663190569864054e-13
154.9,-1.0663190569864054e-13
154.92000000000002,-1.0663190569864054e-13
154.94000000000003,-1.0663190569864054e-13
154.96,-1.0663190569864054e-13
154.98000000000002,-1.0663190569864054e-13
155.00000000000003,-1.0663190569864054e-13
155.02,-1.0663190569864054e-13
155.04000000000002,-1.0663190569864054e-13
155.06,-1.0663190569864054e-13
155.08,-1.0663190569864054e-13
155.1,-1.0663190569864054e-13
155.12,-1.0663190569864054e-13
155.14000000000001,-1.0663190569864054e-13
155.16,-1.0663190569864054e-13
155.18,-1.0663190569864054e-13
155.20000000000002,-1.0663190569864054e-13
155.22,-1.0663190569864054e-13
155.24,-1.0663190569864054e-13
155.26000000000002,-1.0663190569864054e-13
155.28,-1.0663190569864054e-13
155.3,-1.0663190569864054e-13
155.32000000000002,-1.0663190569864054e-13
155.34,-1.0663190569864054e-13
155.36,-1.0663190569864054e-13
155.38000000000002,-1.0663190569864054e-13
155.4,-1.0663190569864054e-13
155.42000000000002,-1.0663190569864054e-13
155.44000000000003,-1.0663190569864054e-13
155.46,-1.0663190569864054e-13
155.48000000000002,-1.0663190569864054e-13
155.50000000000003,-1.0663190569864054e-13
155.52,-1.0663190569864054e-13
155.54000000000002,-1.0663190569864054e-13
155.56,-1.0663190569864054e-13
155.58,-1.0663190569864054e-13
155.6,-1.0663190569864054e-13
155.62,-1.0663190569864054e-13
155.64000000000001,-1.0663190569864054e-13
155.66,-1.0663190569864054e-13
155.68,-1.0663190569864054e-13
155.70000000000002,-1.0663190569864054e-13
155.72,-1.0663190569864054e-13
155.74,-1.0663190569864054e-13
155.76000000000002,-1.0663190569864054e-13
155.78,-1.0663190569864054e-13
155.8,-1.0663190569864054e-13
155.82000000000002,-1.0663190569864054e-13
155.84,-1.0663190569864054e-13
155.86,-1.0663190569864054e-13
155.88000000000002,-1.0663190569864054e-13
155.9,-1.0663190569864054e-13
155.92000000000002,-1.0663190569864054e-13
155.94000000000003,-1.0663190569864054e-13
155.96,-1.0663190569864054e-13
155.98000000000002,-1.0663190569864054e-13
156.00000000000003,-1.0663190569864054e-13
156.02,-1.0663190569864054e-13
156.04000000000002,-1.0663190569864054e-13
156.06,-1.0663190569864054e-13
156.08,-1.0663190569864054e-13
156.1,-1.0663190569864054e-13
156.12,-1.0663190569864054e-13
156.14000000000001,-1.0663190569864054e-13
156.16,-1.0663190569864054e-13
156.18,-1.0663190569864054e-13
156.20000000000002,-1.0663190569864054e-13
156.22,-1.0663190569864054e-13
156.24,-1.0663190569864054e-13
156.26000000000002,-1.0663190569864054e-13
156.28,-1.0663190569864054e-13
156.3,-1.0663190569864054e-13
156.32000000000002,-1.0663190569864054e-13
156.34,-1.0663190569864054e-13
156.36,-1.0663190569864054e-13
156.38000000000002,-1.0663190569864054e-13
156.4,-1.0663190569864054e-13
156.42000000000002,-1.0663190569864054e-13
156.44000000000003,-1.0663190569864054e-13
156.46,-1.0663190569864054e-13
156.48000000000002,-1.0663190569864054e-13
156.50000000000003,-1.0663190569864054e-13
156.52,-1.0663190569864054e-13
156.54000000000002,-1.0663190569864054e-13
156.56,-1.0663190569864054e-13
156.58,-1.0663190569864054e-13
156.6,-1.0663190569864054e-13
156.62,-1.0663190569864054e-13
156.64000000000001,-1.0663190569864054e-13
156.66,-1.0663190569864054e-13
156.68,-1.0663190569864054e-13
156.70000000000002,-1.0663190569864054e-13
156.72,-1.0663190569864054e-13
156.74,-1.0663190569864054e-13
156.76000000000002,-1.0663190569864054e-13
156.78,-1.0663190569864054e-13
156.8,-1.0663190569864054e-13
156.82000000000002,-1.0663190569864054e-13
156.84,-1.0663190569864054e-13
156.86,-1.0663190569864054e-13
156.88000000000002,-1.0663190569864054e-13
156.9,-1.0663190569864054e-13
156.92000000000002,-1.0663190569864054e-13
156.94000000000003,-1.0663190569864054e-13
156.96,-1.0663190569864054e-13
156.98000000000002,-1.0663190569864054e-13
157.00000000000003,-1.0663190569864054e-13
157.02,-1.0663190569864054e-13
157.04000000000002,-1.0663190569864054e-13
157.06,-1.0663190569864054e-13
157.08,-1.0663190569864054e-13
157.1,-1.0663190569864054e-13
157.12,-1.0663190569864054e-13
157.14000000000001,-1.0663190569864054e-13
157.16,-1.0663190569864054e-13
157.18,-1.0663190569864054e-13
157.20000000000002,-1.0663190569864054e-13
157.22,-1.0663190569864054e-13
157.24,-1.0663190569864054e-13
157.26000000000002,-1.0663190569864054e-13
157.28,-1.0663190569864054e-13
157.3,-1.0663190569864054e-13
157.32000000000002,-1.0663190569864054e-13
157.34,-1.0663190569864054e-13
157.36,-1.0663190569864054e-13
157.38000000000002,-1.0663190569864054e-13
157.4,-1.0663190569864054e-13
157.42000000000002,-1.0663190569864054e-13
157.44000000000003,-1.0663190569864054e-13
157.46,-1.0663190569864054e-13
157.48000000000002,-1.0663190569864054e-13
157.50000000000003,-1.0663190569864054e-13
157.52,-1.0663190569864054e-13
157.54000000000002,-1.0663190569864054e-13
157.56,-1.0663190569864054e-13
157.58,-1.0663190569864054e-13
157.6,-1.0663190569864054e-13
157.62,-1.0663190569864054e-13
157.64000000000001,-1.0663190569864054e-13
157.66,-1.0663190569864054e-13
157.68,-1.0663190569864054e-13
157.70000000000002,-1.0663190569864054e-13
157.72,-1.0663190569864054e-13
157.74,-1.0663190569864054e-13
157.76000000000002,-1.0663190569864054e-13
157.78,-1.0663190569864054e-13
157.8,-1.0663190569864054e-13
157.82000000000002,-1.0663190569864054e-13
157.84,-1.0663190569864054e-13
157.86,-1.0663190569864054e-13
157.88000000000002,-1.0663190569864054e-13
157.9,-1.0663190569864054e-13
157.92000000000002,-1.0663190569864054e-13
157.94000000000003,-1.0663190569864054e-13
157.96,-1.0663190569864054e-13
157.98000000000002,-1.0663190569864054e-13
158.00000000000003,-1.0663190569864054e-13
158.02,-1.0663190569864054e-13
158.04000000000002,-1.0663190569864054e-13
158.06,-1.0663190569864054e-13
158.08,-1.0663190569864054e-13
158.1,-1.0663190569864054e-13
158.12,-1.0663190569864054e-13
158.14000000000001,-1.0663190569864054e-13
158.16,-1.0663190569864054e-13
158.18,-1.0663190569864054e-13
158.20000000000002,-1.0663190569864054e-13
158.22,-1.0663190569864054e-13
158.24,-1.0663190569864054e-13
158.26000000000002,-1.0663190569864054e-13
158.28,-1.0663190569864054e-13
158.3,-1.0663190569864054e-13
158.32000000000002,-1.0663190569864054e-13
158.34,-1.0663190569864054e-13
158.36,-1.0663190569864054e-13
158.38000000000002,-1.0663190569864054e-13
158.4,-1.0663190569864054e-13
158.42000000000002,-1.0663190569864054e-13
158.44000000000003,-1.0663190569864054e-13
158.46,-1.0663190569864054e-13
158.48000000000002,-1.0663190569864054e-13
158.50000000000003,-1.0663190569864054e-13
158.52,-1.0663190569864054e-13
158.54000000000002,-1.0663190569864054e-13
158.56,-1.0663190569864054e-13
158.58,-1.0663190569864054e-13
158.6,-1.0663190569864054e-13
158.62,-1.0663190569864054e-13
158.64000000000001,-1.0663190569864054e-13
158.66,-1.0663190569864054e-13
158.68,-1.0663190569864054e-13
158.70000000000002,-1.0663190569864054e-13
158.72,-1.0663190569864054e-13
158.74,-1.0663190569864054e-13
158.76000000000002,-1.0663190569864054e-13
158.78,-1.0663190569864054e-13
158.8,-1.0663190569864054e-13
158.82000000000002,-1.0663190569864054e-13
158.84,-1.0663190569864054e-13
158.86,-1.0663190569864054e-13
158.88000000000002,-1.0663190569864054e-13
158.9,-1.0663190569864054e-13
158.92000000000002,-1.0663190569864054e-13
158.94000000000003,-1.0663190569864054e-13
158.96,-1.0663190569864054e-13
158.98000000000002,-1.0663190569864054e-13
159.00000000000003,-1.0663190569864054e-13
159.02,-1.0663190569864054e-13
159.04000000000002,-1.0663190569864054e-13
159.06,-1.0663190569864054e-13
159.08,-1.0663190569864054e-13
159.1,-1.0663190569864054e-13
159.12,-1.0663190569864054e-13
159.14000000000001,-1.0663190569864054e-13
159.16,-1.0663190569864054e-13
159.18,-1.0663190569864054e-13
159.20000000000002,-1.0663190569864054e-13
159.22,-1.0663190569864054e-13
159.24,-1.0663190569864054e-13
159.26000000000002,-1.0663190569864054e-13
159.28,-1.0663190569864054e-13
159.3,-1.0663190569864054e-13
159.32000000000002,-1.0663190569864054e-13
159.34,-1.0663190569864054e-13
159.36,-1.0663190569864054e-13
159.38000000000002,-1.0663190569864054e-13
159.4,-1.0663190569864054e-13
159.42000000000002,-1.0663190569864054e-13
159.44000000000003,-1.0663190569864054e-13
159.46,-1.0663190569864054e-13
159.48000000000002,-1.0663190569864054e-13
159.50000000000003,-1.0663190569864054e-13
159.52,-1.0663190569864054e-13
159.54000000000002,-1.0663190569864054e-13
159.56,-1.0663190569864054e-13
159.58,-1.0663190569864054e-13
159.6,-1.0663190569864054e-13
159.62,-1.0663190569864054e-13
159.64000000000001,-1.0663190569864054e-13
159.66,-1.0663190569864054e-13
159.68,-1.0663190569864054e-13
159.70000000000002,-1.0663190569864054e-13
159.72,-1.0663190569864054e-13
159.74,-1.0663190569864054e-13
159.76000000000002,-1.0663190569864054e-13
159.78,-1.0663190569864054e-13
159.8,-1.0663190569864054e-13
159.82000000000002,-1.0663190569864054e-13
159.84,-1.0663190569864054e-13
159.86,-1.0663190569864054e-13
159.88000000000002,-1.0663190569864054e-13
159.9,-1.0663190569864054e-13
159.92000000000002,-1.0663190569864054e-13
159.94000000000003,-1.0663190569864054e-13
159.96,-1.0663190569864054e-13
159.98000000000002,-1.0663190569864054e-13
160.00000000000003,-1.0663190569864054e-13
