110,-2.1972312910132357
110.02,-2.197229839606672
110.03999999999999,-2.197228315689008
110.06,-2.197226716975949
110.08,-2.1972250415036445
110.1,-2.1972232876453073
110.11999999999999,-2.1972214541252963
110.14,-2.197219540030561
110.16,-2.1972175448193587
110.17999999999999,-2.1972154683271805
110.2,-2.19721331076985
110.22,-2.197211072743767
110.24,-2.1972087552233033
110.25999999999999,-2.1972063595553726
110.28,-2.197203887451221
110.3,-2.197201340975504
110.32,-2.197198722532741
110.33999999999999,-2.197196034851252
110.36,-2.1971932809647075
110.38,-2.197190464191436
110.39999999999999,-2.197187588111651
110.42,-2.19718465654278
110.44,-2.1971816735130867
110.46,-2.19717864323379
110.47999999999999,-2.1971755700699047
110.5,-2.197172458510026
110.52,-2.1971693131352934
110.53999999999999,-2.197166138587778
110.56,-2.197162939538534
110.58,-2.1971597206555717
110.6,-2.1971564865719855
110.61999999999999,-2.1971532418544983
110.64,-2.1971499909726555
110.66,-2.1971467382689105
110.67999999999999,-2.1971434879298304
110.7,-2.1971402439586454
110.72,-2.1971370101493517
110.74,-2.1971337900625643
110.75999999999999,-2.197130587003309
110.78,-2.1971274040009194
110.8,-2.1971242437911935
110.82,-2.197121108800944
110.83999999999999,-2.1971180011350606
110.86,-2.1971149225661812
110.88,-2.1971118745270455
110.89999999999999,-2.197108858105592
110.92,-2.1971058740428275
110.94,-2.197102922733487
110.96,-2.1971000042294717
110.97999999999999,-2.197097118246037
111.,-2.1970942641706777
111.02,-2.1970914410746394
111.03999999999999,-2.1970886477269636
111.06,-2.1970858826109527
111.08,-2.197083143942926
111.1,-2.1970804296931195
111.11999999999999,-2.1970777376085597
111.14,-2.197075065237741
111.16,-2.1970724099569012
111.17999999999999,-2.197069768997702
111.2,-2.197067139476086
111.22,-2.197064518422096
111.24,-2.1970619028104164
111.25999999999999,-2.1970592895914027
111.28,-2.1970566757223575
111.3,-2.1970540581988076
111.32,-2.1970514340855445
111.33999999999999,-2.197048800547183
111.36,-2.197046154878003
111.38,-2.1970434945308455
111.39999999999999,-2.1970408171448357
111.42,-2.1970381205717238
111.44,-2.1970354029006374
111.46,-2.1970326624810554
111.47999999999999,-2.197029897943828
111.5,-2.1970271082200807
111.52,-2.1970242925578574
111.53999999999999,-2.197021450536375
111.56,-2.1970185820777846
111.58,-2.197015687456341
111.6,-2.1970127673049245
111.61999999999999,-2.197009822618852
111.64,-2.1970068547569648
111.66,-2.19700386543997
111.67999999999999,-2.1970008567460644
111.7,-2.1969978311038694
111.72,-2.196994791282731
111.74,-2.1969917403804686
111.75999999999999,-2.1969886818086604
111.78,-2.1969856192755857
111.8,-2.1969825567669554
111.82,-2.1969794985245774
111.83999999999999,-2.1969764490231265
111.86,-2.1969734129451957
111.88,-2.1969703951548203
111.89999999999999,-2.1969674006696827
111.92,-2.196964434632207
111.94,-2.1969615022797706
111.96,-2.1969586089142554
111.97999999999999,-2.1969557598711766
112.,-2.196952960488624
112.02,-2.1969502160762517
112.03999999999999,-2.196947531884551
112.06,-2.1969449130746472
112.08,-2.1969423646888417
112.1,-2.1969398916221254
112.11999999999999,-2.196937498594881
112.14,-2.196935190126976
112.16,-2.1969329705134424
112.17999999999999,-2.1969308438019293
112.2,-2.196928813772086
112.22,-2.196926883917039
112.24,-2.1969250574270935
112.25999999999999,-2.196923337175778
112.28,-2.196921725708333
112.3,-2.1969202252327276
112.32,-2.196918837613259
112.33999999999999,-2.1969175643667844
112.36,-2.1969164066615976
112.38,-2.196915365318956
112.39999999999999,-2.196914440817237
112.42,-2.1969136332986796
112.44,-2.196912942578655
112.46,-2.19691236815738
112.47999999999999,-2.196911909233981
112.5,-2.196911564722785
112.52,-2.196911333271705
112.53999999999999,-2.1969112132825703
112.56,-2.196911202933235
112.58,-2.1969113002012866
112.6,-2.1969115028891597
112.61999999999999,-2.1969118086504578
112.64,-2.196912215017269
112.66,-2.196912719428257
112.67999999999999,-2.196913319257303
112.7,-2.1969140118424715
112.72,-2.196914794515066
112.74,-2.1969156646285506
112.75999999999999,-2.1969166195870957
112.78,-2.1969176568735342
112.8,-2.196918774076497
112.82,-2.196919968916516
112.83999999999999,-2.1969212392708912
112.86,-2.1969225831971144
112.88,-2.196923998954678
112.89999999999999,-2.196925485025082
112.92,-2.196927040129891
112.94,-2.1969286632466907
112.96,-2.196930353622821
112.97999999999999,-2.1969321107867725
113.,-2.1969339345571592
113.02,-2.1969358250491893
113.03999999999999,-2.196937782678586
113.06,-2.1969398081629214
113.08,-2.196941902520351
113.1,-2.1969440670657585
113.11999999999999,-2.196946303404331
113.14,-2.1969486134226197
113.16,-2.196950999277145
113.17999999999999,-2.1969534633806376
113.2,-2.1969560083860094
113.22,-2.1969586371681875
113.24,-2.1969613528039384
113.25999999999999,-2.196964158549838
113.28,-2.196967057818555
113.3,-2.196970054153629
113.32,-2.1969731512029274
113.33999999999999,-2.196976352690991
113.36,-2.1969796623904716
113.38,-2.19698308409288
113.39999999999999,-2.196986621578866
113.42,-2.196990278588254
113.44,-2.196994058790061
113.46,-2.196997965752726
113.47999999999999,-2.197002002914769
113.5,-2.197006173556108
113.52,-2.1970104807702433
113.53999999999999,-2.197014927437521
113.56,-2.1970195161996764
113.58,-2.1970242494358456
113.6,-2.197029129240225
113.61999999999999,-2.197034157401542
113.64,-2.197039335384494
113.66,-2.197044664313286
113.67999999999999,-2.1970501449573905
113.7,-2.19705577771963
113.72,-2.19706156262667
113.74,-2.1970674993219874
113.75999999999999,-2.197073587061359
113.78,-2.1970798247109022
113.8,-2.1970862107476723
113.82,-2.1970927432628073
113.83999999999999,-2.197099419967189
113.86,-2.19710623819957
113.88,-2.1971131949370952
113.89999999999999,-2.1971202868081363
113.92,-2.197127510107329
113.94,-2.1971348608126937
113.96,-2.1971423346047043
113.97999999999999,-2.19714992688715
114.,-2.197157632809628
114.02,-2.1971654472914874
114.03999999999999,-2.197173365047039
114.06,-2.197181380611832
114.08,-2.197189488369791
114.1,-2.197197682581009
114.11999999999999,-2.197205957409972
114.14,-2.1972143069540038
114.16,-2.1972227252717085
114.17999999999999,-2.1972312064111947
114.2,-2.197239744437861
114.22,-2.1972483334615345
114.24,-2.197256967662757
114.25999999999999,-2.1972656413180105
114.28,-2.1972743488237056
114.3,-2.1972830847187383
114.32,-2.1972918437054587
114.33999999999999,-2.197300620668886
114.36,-2.1973094106940363
114.38,-2.197318209081231
114.39999999999999,-2.1973270113592807
114.42,-2.1973358132964447
114.44,-2.197344610909099
114.46,-2.197353400468051
114.47999999999999,-2.1973621785024586
114.5,-2.197370941801345
114.52,-2.1973796874126985
114.53999999999999,-2.1973884126401786
114.56,-2.197397115037471
114.58,-2.1974057924003416
114.6,-2.1974144427564637
114.61999999999999,-2.1974230643531176
114.64,-2.19743165564286
114.66,-2.1974402152672976
114.67999999999999,-2.1974487420390987
114.7,-2.197457234922396
114.72,-2.1974656930117495
114.74,-2.197474115509843
114.75999999999999,-2.1974825017041053
114.78,-2.1974908509424464
114.8,-2.197499162608316
114.82,-2.1975074360952878
114.83999999999999,-2.197515670781385
114.86,-2.197523866003358
114.88,-2.1975320210311247
114.89999999999999,-2.197540135042598
114.92,-2.1975482070990937
114.94,-2.197556236121538
114.96,-2.197564220867665
114.97999999999999,-2.197572159910401
115.,-2.1975800516176136
115.02,-2.1975878941333993
115.03999999999999,-2.19759568536107
115.06,-2.197603422947984
115.08,-2.1976111042723545
115.1,-2.1976187264321507
115.11999999999999,-2.1976262862361975
115.14,-2.1976337801975525
115.16,-2.19764120452923
115.17999999999999,-2.1976485551423193
115.2,-2.1976558276465292
115.22,-2.1976630173531677
115.24,-2.1976701192805503
115.25999999999999,-2.197677128161813
115.28,-2.197684038455083
115.3,-2.1976908443559475
115.32,-2.197697539812138
115.33999999999999,-2.1977041185403334
115.36,-2.1977105740449736
115.38,-2.1977168996389476
115.39999999999999,-2.1977230884660184
115.42,-2.1977291335248297
115.44,-2.197735027694324
115.46,-2.1977407637603923
115.47999999999999,-2.1977463344435733
115.5,-2.1977517324276015
115.52,-2.197756950388604
115.53999999999999,-2.197761981024739
115.56,-2.1977668170860682
115.58,-2.1977714514044484
115.6,-2.1977758769232336
115.61999999999999,-2.197780086726578
115.64,-2.197784074068132
115.66,-2.1977878323989293
115.67999999999999,-2.197791355394275
115.7,-2.1977946369794417
115.72,-2.1977976713539977
115.74,-2.197800453014603
115.75999999999999,-2.1978029767761136
115.78,-2.197805237790855
115.8,-2.1978072315659363
115.82,-2.1978089539784915
115.83999999999999,-2.1978104012887525
115.86,-2.1978115701508703
115.88,-2.197812457621427
115.89999999999999,-2.197813061165588
115.92,-2.197813378660871
115.94,-2.197813408398519
115.96,-2.1978131490824904
115.97999999999999,-2.197812599826092
116.,-2.1978117601462968
116.02,-2.1978106299558156
116.03999999999999,-2.197809209552994
116.06,-2.197807499609637
116.08,-2.1978055011568687
116.1,-2.197803215569155
116.11999999999999,-2.1978006445466245
116.14,-2.1977977900958465
116.16,-2.19779465450922
116.17999999999999,-2.1977912403431548
116.2,-2.1977875503952196
116.22,-2.197783587680453
116.24,-2.1977793554070226
116.25999999999999,-2.1977748569514377
116.28,-2.1977700958335147
116.3,-2.197765075691295
116.32,-2.197759800256119
116.33999999999999,-2.197754273328056
116.36,-2.197748498751881
116.38,-2.197742480393795
116.39999999999999,-2.197736222119067
116.42,-2.197729727770777
116.44,-2.1977230011498197
116.46,-2.1977160459963345
116.47999999999999,-2.1977088659726918
116.5,-2.197701464648177
116.52,-2.1976938454854804
116.53999999999999,-2.1976860118290977
116.56,-2.1976779668957245
116.58,-2.1976697137667154
116.6,-2.197661255382655
116.61999999999999,-2.1976525945400827
116.64,-2.1976437338903794
116.66,-2.1976346759408227
116.67999999999999,-2.1976254230577874
116.7,-2.1976159774720574
116.72,-2.1976063412861957
116.74,-2.1975965164839018
116.75999999999999,-2.1975865049412704
116.78,-2.1975763084398516
116.8,-2.1975659286813927
116.82,-2.1975553673041346
116.83999999999999,-2.1975446259005174
116.86,-2.197533706036143
116.88,-2.1975226092698272
116.89999999999999,-2.1975113371745683
116.92,-2.19749989135925
116.94,-2.1974882734908894
116.96,-2.1974764853172384
116.97999999999999,-2.1974645286895416
117.,-2.1974524055852482
117.02,-2.1974401181304866
117.03999999999999,-2.1974276686220953
117.06,-2.197415059549024
117.08,-2.197402293612905
117.1,-2.197389373747621
117.11999999999999,-2.1973763031376796
117.14,-2.197363085235236
117.16,-2.1973497237755977
117.17999999999999,-2.1973362227910678
117.2,-2.1973225866229873
117.22,-2.197308819931856
117.24,-2.197294927705424
117.25999999999999,-2.1972809152646606
117.28,-2.1972667882675214
117.3,-2.197252552710455
117.32,-2.1972382149276046
117.33999999999999,-2.1972237815876774
117.36,-2.1972092596884716
117.38,-2.197194656549073
117.39999999999999,-2.197179979799741
117.42,-2.197165237369531
117.44,-2.1971504374717137
117.46,-2.1971355885870625
117.47999999999999,-2.197120699445107
117.5,-2.1971057790034587
117.52,-2.197090836425324
117.53999999999999,-2.1970758810553526
117.56,-2.1970609223939555
117.58,-2.197045970070261
117.6,-2.197031033813874
117.61999999999999,-2.1970161234256134
117.64,-2.1970012487474224
117.66,-2.1969864196316315
117.67999999999999,-2.1969716459097786
117.7,-2.196956937361181
117.72,-2.1969423036814626
117.74,-2.196927754451237
117.75999999999999,-2.196913299105143
117.78,-2.1968989469014337
117.8,-2.196884706892306
117.82,-2.196870587895165
117.83999999999999,-2.1968565984649957
117.86,-2.1968427468680134
117.88,-2.196829041056761
117.89999999999999,-2.1968154886467923
117.92,-2.1968020968950923
117.94,-2.1967888726803464
117.96,-2.1967758224851823
117.97999999999999,-2.196762952380472
118.,-2.196750268011779
118.02,-2.196737774588018
118.03999999999999,-2.1967254768723685
118.06,-2.1967133791754865
118.08,-2.1967014853510154
118.1,-2.196689798793408
118.11999999999999,-2.196678322438031
118.14,-2.196667058763523
118.16,-2.1966560097963557
118.17999999999999,-2.196645177117522
118.2,-2.1966345618712846
118.22,-2.196624164775871
118.24,-2.19661398613602
118.25999999999999,-2.1966040258572463
118.28,-2.1965942834616925
118.3,-2.196584758105424
118.32,-2.1965754485970086
118.33999999999999,-2.1965663534172224
118.36,-2.196557470739706
118.38,-2.196548798452403
118.39999999999999,-2.1965403341795917
118.42,-2.1965320753043405
118.44,-2.1965240189911888
118.46,-2.1965161622088827
118.48,-2.196508501752976
118.5,-2.196501034268122
118.52,-2.19649375626988
118.53999999999999,-2.1964866641658674
118.56,-2.196479754276103
118.58,-2.1964730228523783
118.6,-2.1964664660965236
118.61999999999999,-2.196460080177431
118.64,-2.1964538612467153
118.66,-2.196447805452908
118.67999999999999,-2.196441908954086
118.7,-2.196436167928856
118.72,-2.1964305785856344
118.74,-2.196425137170165
118.75999999999999,-2.1964198399712487
118.78,-2.1964146833246594
118.8,-2.1964096636152535
118.82,-2.1964047772772775
118.83999999999999,-2.196400020792912
118.86,-2.196395390689092
118.88,-2.196390883532671
118.89999999999999,-2.196386495923997
118.92,-2.1963822244889992
118.94,-2.196378065869883
118.96,-2.196374016714554
118.98,-2.1963700736648932
119.,-2.196366233344033
119.02,-2.1963624923427676
119.03999999999999,-2.1963588472052713
119.06,-2.196355294414274
119.08,-2.1963518303758724
119.1,-2.1963484514041527
119.11999999999999,-2.1963451537057925
119.14,-2.1963419333648355
119.16,-2.1963387863278045
119.17999999999999,-2.196335708389344
119.2,-2.1963326951785587
119.22,-2.196329742146226
119.24,-2.1963268445530475
119.25999999999999,-2.196323997459103
119.28,-2.1963211957146513
119.3,-2.1963184339524338
119.32,-2.196315706581603
119.33999999999999,-2.1963130077834054
119.36,-2.1963103315087262
119.38,-2.19630767147759
119.39999999999999,-2.1963050211807067
119.42,-2.196302373883125
119.44,-2.196299722630051
119.46,-2.1962970602548664
119.48,-2.1962943793893692
119.5,-2.1962916724762453
119.52,-2.196288931783755
119.53999999999999,-2.1962861494226127
119.56,-2.196283317365015
119.58,-2.1962804274657577
119.6,-2.1962774714853714
119.61999999999999,-2.196274441115182
119.64,-2.1962713280041988
119.66,-2.19626812378771
119.67999999999999,-2.1962648201174595
119.7,-2.19626140869326
119.72,-2.196257881295899
119.74,-2.1962542298211685
119.75999999999999,-2.1962504463148544
119.78,-2.1962465230085066
119.8,-2.196242452355809
119.82,-2.1962382270693612
119.83999999999999,-2.196233840157682
119.86,-2.1962292849622416
119.88,-2.1962245551943322
119.89999999999999,-2.1962196449715803
119.92,-2.196214548853916
119.94,-2.196209261878809
119.96,-2.1962037795955927
119.98,-2.1961980980987
120.,-2.196192214059642
120.02,-2.196186124757569
120.03999999999999,-2.1961798281082703
120.06,-2.1961733226914637
120.08,-2.196166607776256
120.1,-2.196159683344652
120.11999999999999,-2.196152550113016
120.14,-2.196145209551391
120.16,-2.196137663900604
120.17999999999999,-2.1961299161871026
120.2,-2.1961219702354673
120.22,-2.1961138306785792
120.24,-2.1961055029654273
120.25999999999999,-2.1960969933665506
120.28,-2.196088308977138
120.3,-2.1960794577178127
120.32,-2.1960704483331455
120.33999999999999,-2.1960612903879575
120.36,-2.1960519942614845
120.38,-2.196042571139484
120.39999999999999,-2.1960330330043845
120.42,-2.1960233926235824
120.44,-2.196013663536003
120.46,-2.1960038600370506
120.48,-2.195993997162083
120.5,-2.195984090668548
120.52,-2.1959741570169236
120.53999999999999,-2.1959642133506203
120.56,-2.195954277474986
120.58,-2.1959443678355752
120.6,-2.1959345034958306
120.61999999999999,-2.1959247041143315
120.64,-2.19591498992176
120.66,-2.1959053816977288
120.67999999999999,-2.1958959007476135
120.7,-2.1958865688795255
120.72,-2.1958774083815524
120.74,-2.1958684419993872
120.75999999999999,-2.195859692914457
120.78,-2.1958511847226525
120.8,-2.1958429414137477
120.82,-2.1958349873515908
120.83999999999999,-2.1958273472551277
120.86,-2.1958200461803186
120.88,-2.1958131095029807
120.89999999999999,-2.195806562902591
120.92,-2.1958004323470552
120.94,-2.1957947440784498
120.96,-2.1957895245997148
120.98,-2.195784800662278
121.,-2.1957805992545594
121.02,-2.1957769475913107
121.03999999999999,-2.195773873103717
121.06,-2.195771403430183
121.08,-2.195769566407716
121.1,-2.1957683900637988
121.11999999999999,-2.1957679026086483
121.14,-2.1957681324277383
121.16,-2.1957691080744564
121.17999999999999,-2.1957708582627653
121.2,-2.195773411859726
121.22,-2.1957767978777403
121.24,-2.195781045466367
121.25999999999999,-2.1957861839035586
121.28,-2.195792242586174
121.3,-2.1957992510196127
121.32,-2.1958072388064296
121.33999999999999,-2.1958162356337785
121.36,-2.195826271259553
121.38,-2.195837375497085
121.39999999999999,-2.195849578198275
121.42,-2.1958629092350352
121.44,-2.1958773984789364
121.46,-2.1958930757789554
121.48,-2.1959099709372367
121.5,-2.195928113682788
121.52,-2.1959475336430474
121.53999999999999,-2.1959682603132693
121.56,-2.195990323023692
121.58,-2.1960137509044606
121.6,-2.196038572848303
121.61999999999999,-2.196064817470957
121.64,-2.1960925130693774
121.66,-2.1961216875777554
121.67999999999999,-2.1961523685214046
121.7,-2.196184582968578
121.72,-2.1962183574802987
121.74,-2.1962537180583026
121.75999999999999,-2.1962906900911965
121.78,-2.1963292982989624
121.8,-2.1963695666759357
121.82,-2.19641151843241
121.83999999999999,-2.1964551759350224
121.86,-2.196500560646091
121.88,-2.1965476930620755
121.89999999999999,-2.1965965926513555
121.92,-2.1966472777915027
121.94,-2.1966997657062595
121.96,-2.196754072402414
121.98,-2.1968102126067817
122.,-2.1968681997034922
122.02,-2.1969280456717994
122.03999999999999,-2.1969897610246094
122.06,-2.197053354747933
122.08,-2.197118834241469
122.1,-2.1971862052605036
122.11999999999999,-2.197255471859328
122.14,-2.197326636336346
122.16,-2.19739969918106
122.17999999999999,-2.197474659023089
122.2,-2.1975515125833884
122.22,-2.1976302546278084
122.24,-2.197710877923134
122.25999999999999,-2.197793373195725
122.28,-2.197877729092867
122.3,-2.197963932146936
122.32,-2.198051966742455
122.33999999999999,-2.198141815086114
122.36,-2.198233457179814
122.38,-2.198326870796775
122.39999999999999,-2.1984220314607312
122.42,-2.1985189124282396
122.44,-2.198617484674093
122.46,-2.1987177168798278
122.48,-2.1988195754253064
122.5,-2.1989230243833298
122.52,-2.1990280255172374
122.53999999999999,-2.199134538281429
122.56,-2.199242519824746
122.58,-2.1993519249966225
122.6,-2.199462706355931
122.61999999999999,-2.199574814182417
122.64,-2.1996881964906265
122.66,-2.1998027990462186
122.67999999999999,-2.1999185653845528
122.7,-2.2000354368314357
122.72,-2.200153352525912
122.74,-2.2002722494449833
122.75999999999999,-2.2003920624301374
122.78,-2.2005127242155726
122.8,-2.200634165458005
122.82,-2.2007563147679514
122.83999999999999,-2.200879098742377
122.86,-2.201002441998617
122.88,-2.2011262672094736
122.89999999999999,-2.201250495139402
122.92,-2.2013750446817144
122.94,-2.2014998328967263
122.96,-2.2016247750507874
122.98,-2.2017497846561493
123.,-2.201874773511628
123.02,-2.2019996517440337
123.03999999999999,-2.202124327850347
123.06,-2.202248708740638
123.08,-2.202372699781731
123.1,-2.2024962048416206
123.11999999999999,-2.2026191263346826
123.14,-2.2027413652676944
123.16,-2.2028628212867254
123.17999999999999,-2.2029833927249447
123.2,-2.2031029766514147
123.22,-2.2032214689209377
123.24,-2.203338764225042
123.25999999999999,-2.2034547561441884
123.28,-2.2035693372012926
123.3,-2.2036823989166625
123.32,-2.2037938318644494
123.33999999999999,-2.203903525730719
123.36,-2.2040113693732475
123.38,-2.2041172508831557
123.39999999999999,-2.204221057648478
123.42,-2.2043226764197814
123.44,-2.204421993377932
123.46,-2.2045188942041074
123.48,-2.2046132641521536
123.5,-2.2047049881233685
123.52,-2.204793950743796
123.53999999999999,-2.2048800364441026
123.56,-2.204963129542097
123.58,-2.205043114327951
123.6,-2.205119875152158
123.61999999999999,-2.2051932965162617
123.64,-2.205263263166371
123.66,-2.2053296601894674
123.67999999999999,-2.205392373112496
123.7,-2.2054512880042076
123.72,-2.2055062915797268
123.74,-2.2055572713077796
123.75999999999999,-2.205604115520521
123.78,-2.205646713525872
123.8,-2.205684955722273
123.82,-2.2057187337157327
123.83999999999999,-2.205747940439049
123.86,-2.205772470273056
123.88,-2.2057922191697417
123.89999999999999,-2.2058070847770597
123.92,-2.2058169665652603
123.94,-2.2058217659545383
123.96,-2.20582138644379
123.98,-2.2058157337402693
124.,-2.205804715889905
124.02,-2.205788243408052
124.03999999999999,-2.205766229410433
124.06,-2.205738589744013
124.08,-2.205705243117565
124.1,-2.2056661112316585
124.11999999999999,-2.2056211189078114
124.14,-2.2055701942165507
124.16,-2.2055132686041077
124.17999999999999,-2.2054502770174933
124.2,-2.2053811580276936
124.22,-2.2053058539507266
124.24,-2.205224310966311
124.25999999999999,-2.2051364792339023
124.28,-2.205042313005852
124.3,-2.2049417707374697
124.32,-2.204834815193752
124.33999999999999,-2.2047214135525808
124.36,-2.2046015375041765
124.38,-2.204475163346626
124.39999999999999,-2.204342272077302
124.42,-2.2042028494800103
124.44,-2.2040568862077135
124.46,-2.2039043778606913
124.48,-2.203745325060015
124.5,-2.203579733516225
124.52,-2.203407614093116
124.53999999999999,-2.2032289828665474
124.56,-2.2030438611782137
124.58,-2.202852275684318
124.6,-2.202654258399116
124.61999999999999,-2.202449846733296
124.64,-2.2022390835271883
124.66,-2.2020220170788036
124.67999999999999,-2.2017987011667075
124.7,-2.2015691950677576
124.72,-2.2013335635697358
124.74,-2.201091876978918
124.75999999999999,-2.200844211122632
124.78,-2.2005906473468673
124.8,-2.2003312725089965
124.82,-2.2000661789656886
124.83999999999999,-2.199795464556084
124.86,-2.1995192325803217
124.88,-2.199237591773492
124.89999999999999,-2.1989506562751133
124.92,-2.198658545594211
124.94,-2.1983613845700924
124.96,-2.1980593033289
124.98,-2.1977524372360304
125.,-2.1974409268445
125.02,-2.197124917839339
125.03999999999999,-2.196804560978081
125.06,-2.196480012027429
125.08,-2.196151431696149
125.1,-2.1958189855642596
125.11999999999999,-2.195482844008563
125.14,-2.1951431821245655
125.16,-2.19480017964482
125.17999999999999,-2.194454020853726
125.2,-2.194104894498805
125.22,-2.193752993698468
125.24,-2.1933985158462805
125.25999999999999,-2.1930416625117295
125.28,-2.1926826393374785
125.3,-2.1923216559331022
125.32,-2.1919589257652783
125.33999999999999,-2.191594666044411
125.36,-2.1912290976076543
125.38,-2.190862444798302
125.39999999999999,-2.1904949353415017
125.42,-2.1901268002162544
125.44,-2.1897582735236503
125.46,-2.189389592351301
125.48,-2.18902099663392
125.5,-2.188652729010004
125.52,-2.188285034674578
125.53999999999999,-2.1879181612279583
125.56,-2.187552358520502
125.58,-2.1871878784933076
125.6,-2.186824975014848
125.61999999999999,-2.1864639037135096
125.64,-2.1861049218060367
125.66,-2.185748287921875
125.67999999999999,-2.185394261923428
125.7,-2.1850431047222427
125.72,-2.1846950780911647
125.74,-2.1843504444725
125.75999999999999,-2.1840094667822503
125.78,-2.1836724082104926
125.8,-2.1833395320179902
125.82,-2.183011101329141
125.83999999999999,-2.182687378921383
125.86,-2.182368627011193
125.88,-2.1820551070368275
125.89999999999999,-2.181747079437981
125.92,-2.1814448034325413
125.94,-2.181148536790646
125.96,-2.1808585356062617
125.98,-2.180575054066515
126.,-2.1802983442190302
126.02,-2.180028655737538
126.03999999999999,-2.1797662356860363
126.05999999999999,-2.179511328281796
126.08,-2.1792641746575265
126.1,-2.1790250126230117
126.11999999999999,-2.1787940764265614
126.14,-2.1785715965166097
126.16,-2.1783577993038246
126.17999999999999,-2.178152906924084
126.2,-2.1779571370026902
126.22,-2.1777707024201978
126.24,-2.177593811080238
126.26,-2.177426665679723
126.28,-2.1772694634818164
126.3,-2.177122396092061
126.32,-2.17698564923805
126.33999999999999,-2.1768594025530286
126.36,-2.1767438293638097
126.38,-2.1766390964833886
126.39999999999999,-2.176545364008621
126.42,-2.1764627851233396
126.44,-2.1763915059072687
126.46,-2.176331665151083
126.48,-2.1762833941779527
126.5,-2.1762468166719073
126.52,-2.1762220485133277
126.53999999999999,-2.176209197621876
126.55999999999999,-2.176208363807147
126.58,-2.1762196386273205
126.6,-2.1762431052560656
126.61999999999999,-2.176278838357945
126.64,-2.1763269039725412
126.66,-2.1763873594075127
126.67999999999999,-2.176460253140766
126.7,-2.1765456247319235
126.72,-2.176643504743228
126.74,-2.1767539146700328
126.76,-2.1768768668809795
126.78,-2.1770123645679713
126.8,-2.177160401706016
126.82,-2.177320963023004
126.83999999999999,-2.1774940239794582
126.86,-2.17767955075829
126.88,-2.177877500264565
126.89999999999999,-2.178087820135271
126.92,-2.1783104487590665
126.94,-2.17854531530597
126.96,-2.178792339766934
126.98,-2.1790514330032393
127.,-2.1793224968056215
127.02,-2.179605423963042
127.03999999999999,-2.1799000983409904
127.05999999999999,-2.180206394969204
127.08,-2.180524180138673
127.1,-2.1808533115077915
127.11999999999999,-2.1811936382175103
127.14,-2.18154500101533
127.16,-2.1819072323879687
127.17999999999999,-2.1822801567025403
127.2,-2.182663590356053
127.22,-2.1830573419330537
127.24,-2.183461212371219
127.26,-2.1838749951347087
127.28,-2.184298476395067
127.3,-2.184731435219484
127.32,-2.185173643766196
127.33999999999999,-2.1856248674868195
127.36,-2.186084865335406
127.38,-2.186553389983995
127.39999999999999,-2.187030188044446
127.42,-2.1875150002963304
127.44,-2.1880075619206485
127.46,-2.188507602739148
127.48,-2.18901484745901
127.5,-2.1895290159226652
127.52,-2.190049823362503
127.53999999999999,-2.190576980660229
127.55999999999999,-2.1911101946106246
127.58,-2.1916491681894574
127.6,-2.192193600825289
127.61999999999999,-2.192743188674917
127.64,-2.1932976249021867
127.66,-2.193856599959903
127.67999999999999,-2.194419801874562
127.7,-2.194986916533626
127.72,-2.195557627975041
127.74,-2.1961316186787103
127.76,-2.196708569859616
127.78,-2.197288161762273
127.8,-2.1978700739562003
127.82,-2.1984539856320837
127.83999999999999,-2.199039575898285
127.86,-2.199626524077361
127.88,-2.2002145100022377
127.89999999999999,-2.2008032143116756
127.92,-2.2013923187446562
127.94,-2.2019815064333157
127.96,-2.202570462194033
127.98,-2.20315887281628
128.,-2.203746427348834
128.02,-2.2043328173829395
128.04000000000002,-2.2049177373320044
128.06,-2.205500884707407
128.08,-2.20608196038999
128.10000000000002,-2.2066606688968
128.12,-2.2072367186426467
128.14000000000001,-2.2078098221960314
128.16,-2.208379696529008
128.18,-2.208946063260531
128.20000000000002,-2.2095086488928466
128.22,-2.210067185040482
128.24,-2.210621408651395
128.26000000000002,-2.2111710622198415
128.28,-2.2117158939905304
128.3,-2.212255658153636
128.32000000000002,-2.212790115030249
128.34,-2.2133190312478503
128.36,-2.2138421799054093
128.38000000000002,-2.214359340727709
128.4,-2.2148703002085277
128.42000000000002,-2.2153748517423013
128.44000000000003,-2.2158727957439255
128.46,-2.2163639397563593
128.48000000000002,-2.216848098545716
128.5,-2.2173250941835447
128.52,-2.2177947561160263
128.54000000000002,-2.218256921219832
128.56,-2.2187114338444083
128.58,-2.219158145840484
128.60000000000002,-2.2195969165746146
128.62,-2.2200276129296097
128.64000000000001,-2.2204501092907063
128.66,-2.2208642875173923
128.68,-2.2212700369007985
128.70000000000002,-2.2216672541066185
128.72,-2.2220558431035324
128.74,-2.2224357150771534
128.76000000000002,-2.222806788329533
128.78,-2.2231689881643018
128.8,-2.2235222467575473
128.82000000000002,-2.223866503014559
128.84,-2.2242017024126084
128.86,-2.224527796829951
128.88000000000002,-2.2248447443612807
128.9,-2.2251525091198823
128.92000000000002,-2.225451061026767
128.94000000000003,-2.2257403755870993
128.96,-2.226020433654257
128.98000000000002,-2.22629122118188
129.,-2.2265527289643114
129.02,-2.2268049523658364
129.04000000000002,-2.2270478910391707
129.06,-2.2272815486336546
129.08,-2.227505932493648
129.10000000000002,-2.2277210533476324
129.12,-2.227926924988551
129.14000000000001,-2.228123563945938
129.16,-2.228310989150401
129.18,-2.22848922159105
129.20000000000002,-2.228658283966467
129.22,-2.2288182003298327
129.24,-2.2289689957288474
129.26000000000002,-2.229110695841079
129.28,-2.2292433266053973
129.3,-2.2293669138501566
129.32000000000002,-2.2294814829187994
129.34,-2.2295870582935624
129.36,-2.2296836632179686
129.38000000000002,-2.2297713193188033
129.4,-2.2298500462282695
129.42000000000002,-2.229919861207022
129.44000000000003,-2.2299807787687875
129.46,-2.2300328103072764
129.48000000000002,-2.230075963726092
129.5,-2.230110243072347
129.52,-2.2301356481746915
129.54000000000002,-2.230152174286462
129.56,-2.2301598117346533
129.58,-2.2301585455754163
129.60000000000002,-2.2301483552567807
129.62,-2.230129214289297
129.64000000000001,-2.2301010899252915
129.66,-2.2300639428474227
129.68,-2.2300177268672132
129.70000000000002,-2.2299623886342483
129.72,-2.229897867356702
129.74,-2.2298240945338583
129.76000000000002,-2.2297409937012964
129.78,-2.2296484801893786
129.8,-2.2295464608957
129.82000000000002,-2.2294348340721344
129.84,-2.22931348912711
129.86,-2.2291823064437355
129.88000000000002,-2.2290411572144007
129.9,-2.2288899032924525
129.92000000000002,-2.22872839706155
129.94000000000003,-2.2285564813232877
129.96,-2.2283739892036682
129.98000000000002,-2.2281807440789945
130.,-2.227976559521743
130.02,-2.227761239266967
130.04000000000002,-2.2275345771997634
130.06,-2.2272963573643407
130.08,-2.227046353995182
130.10000000000002,-2.2267843315708196
130.12,-2.2265100448906927
130.14000000000001,-2.226223239175565
130.16,-2.225923650191948
130.18,-2.22561100440097
130.20000000000002,-2.2252850191321056
130.22,-2.2249454027821627
130.24,-2.2245918550399044
130.26000000000002,-2.2242240671366584
130.28,-2.223841722123251
130.3,-2.2234444951735672
130.32000000000002,-2.223032053915023
130.34,-2.2226040587862035
130.36,-2.222160163421895
130.38000000000002,-2.2217000150657036
130.4,-2.221223255010434
130.42000000000002,-2.2207295190663525
130.44000000000003,-2.22021843805744
130.46,-2.2196896383456957
130.48000000000002,-2.219142742383516
130.5,-2.2185773692941417
130.52,-2.217993135480115
130.54000000000002,-2.2173896552596575
130.56,-2.216766541530831
130.58,-2.216123406463302
130.60000000000002,-2.2154598622174824
130.62,-2.214775521690774
130.64000000000001,-2.214069999290603
130.66,-2.2133429117338648
130.68,-2.21259387887237
130.70000000000002,-2.211822524543816
130.72,-2.2110284774477664
130.74,-2.2102113720460594
130.76000000000002,-2.209370849487024
130.78,-2.208506558552817
130.8,-2.207618156629148
130.82000000000002,-2.2067053106965995
130.84,-2.2057676983427017
130.86,-2.2048050087938544
130.88000000000002,-2.203816943966144
130.9,-2.202803219534044
130.92000000000002,-2.2017635660159307
130.94000000000003,-2.200697729875294
130.96,-2.1996054746364693
130.98000000000002,-2.198486582013657
131.,-2.1973408530519545
131.02,-2.196168109279053
131.04000000000002,-2.19496819386623
131.06,-2.1937409727971855
131.08,-2.1924863360432445
131.10000000000002,-2.1912041987433866
131.12,-2.189894502387527
131.14000000000001,-2.188557216001415
131.16,-2.1871923373314877
131.18,-2.1857998940279595
131.20000000000002,-2.184379944824398
131.22,-2.1829325807119933
131.24,-2.1814579261066913
131.26000000000002,-2.1799561400073295
131.28,-2.1784274171428746
131.3,-2.176871989106838
131.32000000000002,-2.1752901254769132
131.34,-2.1736821349178475
131.36,-2.172048366265548
131.38000000000002,-2.170389209590386
131.4,-2.1687050972376594
131.42000000000002,-2.1669965048431363
131.44000000000003,-2.165263952321613
131.46,-2.1635080048263786
131.48000000000002,-2.161729273677496
131.5,-2.15992841725678
131.52,-2.158106141867363
131.54000000000002,-2.1562632025557247
131.56,-2.1544004038940763
131.58,-2.152518600720974
131.60000000000002,-2.1506186988380613
131.62,-2.1487016556608314
131.64000000000001,-2.146768480821323
131.66,-2.144820236720667
131.68,-2.142858039029423
131.70000000000002,-2.1408830571336632
131.72,-2.1388965145247716
131.74,-2.136899689130968
131.76000000000002,-2.1348939135885767
131.78,-2.132880575451095
131.8,-2.1308611173341445
131.82000000000002,-2.128837036994434
131.84,-2.1268098873408796
131.86,-2.124781276376084
131.88000000000002,-2.122752867066414
131.9,-2.120726377138958
131.92000000000002,-2.118703578803694
131.94000000000003,-2.11668629839925
131.96,-2.114676415960696
131.98000000000002,-2.1126758647078554
132.,-2.1106866304526855
132.02,-2.108710750924345
132.04000000000002,-2.106750315010623
132.06,-2.104807461914476
132.08,-2.1028843802244936
132.10000000000002,-2.100983306898178
132.12,-2.0991065261570117
132.14000000000001,-2.097256368292362
132.16,-2.0954352083813523
132.18,-2.093645464911918
132.20000000000002,-2.091889598316362
132.22,-2.090170109412807
132.24,-2.0884895377540427
132.26000000000002,-2.0868504598833684
132.28,-2.085255487497128
132.3,-2.0837072655137456
132.32000000000002,-2.0822084700491748
132.34,-2.0807618062987916
132.36,-2.079370006325872
132.38000000000002,-2.0780358267569143
132.4,-2.0767620463841907
132.42000000000002,-2.0755514636760375
132.44000000000003,-2.074406894195514
132.46,-2.0733311679282
132.48000000000002,-2.072327126520031
132.5,-2.0713976204262035
132.52,-2.0705455059723272
132.54000000000002,-2.0697736423291393
132.56,-2.0690848884022373
132.58,-2.0684820996384397
132.60000000000002,-2.067968124750525
132.62,-2.0675458023622526
132.64000000000001,-2.0672179575757212
132.66,-2.0669873984632727
132.68,-2.066856912486307
132.70000000000002,-2.0668292628435228
132.72,-2.0669071847512654
132.74,-2.067093381658813
132.76000000000002,-2.067390521401592
132.78,-2.0678012322954786
132.8,-2.0683280991754844
132.82000000000002,-2.0689736593823067
132.84,-2.0697403987003544
132.86,-2.0706307472510432
132.88000000000002,-2.0716470753452847
132.9,-2.0727916892992693
132.92000000000002,-2.0740668272177807
132.94000000000003,-2.075474654749435
132.96,-2.0770172608183834
132.98000000000002,-2.0786966533371687
133.,-2.0805147549055523
133.02,-2.0824733985002877
133.04000000000002,-2.084574323160929
133.06,-2.0868191696769123
133.08,-2.089209476281259
133.10000000000002,-2.0917466743563837
133.12,-2.0944320841575914
133.14000000000001,-2.0972669105599784
133.16,-2.100252238834533
133.18,-2.103389030459351
133.20000000000002,-2.1066781189719666
133.22,-2.1101202058688755
133.24,-2.113715856558428
133.26000000000002,-2.1174654963733177
133.28,-2.1213694066489692
133.3,-2.125427720874189
133.32000000000002,-2.129640420920476
133.34,-2.134007333356444
133.36,-2.138528125853835
133.38000000000002,-2.1432023036916186
133.4,-2.1480292063647055
133.42000000000002,-2.1530080043037856
133.44000000000003,-2.1581376957128153
133.46,-2.1634171035306577
133.48000000000002,-2.168844872523361
133.5,-2.1744194665135206
133.52,-2.1801391657531433
133.54000000000002,-2.1860020644463636
133.56,-2.1920060684283147
133.58,-2.19814889300638
133.60000000000002,-2.204428060969971
133.62,-2.2108409007748846
133.64000000000001,-2.2173845449082017
133.66,-2.224055928439563
133.68,-2.230851787764556
133.70000000000002,-2.2377686595458046
133.72,-2.244802879857214
133.74,-2.251950583536689
133.76000000000002,-2.259207703752461
133.78,-2.266569971788019
133.8,-2.2740329170504383
133.82000000000002,-2.2815918673067332
133.84,-2.289241949152653
133.86,-2.296978088718147
133.88000000000002,-2.3047950126135013
133.9,-2.312687249119943
133.92000000000002,-2.3206491296282636
133.94000000000003,-2.3286747903287943
133.96,-2.3367581741558046
133.98000000000002,-2.3448930329891575
134.,-2.353072930115792
134.02,-2.3612912429533304
134.04000000000002,-2.3695411660378496
134.06,-2.3778157142775647
134.08,-2.386107726473896
134.10000000000002,-2.3944098691110947
134.12,-2.4027146404153097
134.14000000000001,-2.4110143746836767
134.16,-2.4193012468837014
134.18,-2.4275672775228965
134.20000000000002,-2.435804337788325
134.22,-2.4440041549553713
134.24,-2.4521583180647455
134.26000000000002,-2.4602582838663953
134.28,-2.468295383028674
134.3,-2.476260826610775
134.32000000000002,-2.4841457127961104
134.34,-2.4919410338839763
134.36,-2.4996376835364966
134.38000000000002,-2.5072264642775113
134.4,-2.514698095239718
134.42000000000002,-2.5220432201560414
134.44000000000003,-2.5292524155908547
134.46,-2.5363161994063357
134.48000000000002,-2.5432250394588927
134.5,-2.5499693625202524
134.52,-2.556539563417455
134.54000000000002,-2.5629260143856607
134.56,-2.5691190746273316
134.58,-2.5751091000710002
134.60000000000002,-2.580886453322514
134.62,-2.586441513801296
134.64000000000001,-2.591764688053826
134.66,-2.596846420236228
134.68,-2.601677202757502
134.70000000000002,-2.6062475870746264
134.72,-2.610548194630432
134.74,-2.6145697279248212
134.76000000000002,-2.618302981709613
134.78,-2.6217388542969586
134.8,-2.6248683589709896
134.82000000000002,-2.627682635492051
134.84,-2.6301729616825837
134.86,-2.6323307650834216
134.88000000000002,-2.634147634669009
134.9,-2.6356153326097456
134.92000000000002,-2.636725806069414
134.94000000000003,-2.637471199025382
134.96,-2.6378438640990125
134.98000000000002,-2.6378363743834763
135.,-2.6374415352559293
135.02,-2.636652396160774
135.04000000000002,-2.6354622623505266
135.06,-2.633864706570586
135.08,-2.631853580674013
135.10000000000002,-2.6294230271522316
135.12,-2.6265674905673966
135.14000000000001,-2.623281728871989
135.16,-2.6195608246010695
135.18,-2.615400195922451
135.20000000000002,-2.6107956075299414
135.22,-2.6057431813646805
135.24,-2.6002394071494854
135.26000000000002,-2.5942811527210448
135.28,-2.587865674144705
135.3,-2.580990625596541
135.32000000000002,-2.5736540689973606
135.34,-2.5658544833832413
135.36,-2.5575907739972044
135.38000000000002,-2.5488622810866177
135.4,-2.539668788390936
135.42000000000002,-2.530010531304423
135.44000000000003,-2.519888204698562
135.46,-2.50930297038891
135.48000000000002,-2.4982564642312535
135.5,-2.4867508028320366
135.52,-2.4747885898581377
135.54000000000002,-2.4623729219312387
135.56,-2.449507394092192
135.58,-2.4361961048209633
135.60000000000002,-2.4224436605979642
135.62,-2.4082551799927954
135.64000000000001,-2.3936362972666845
135.66,-2.3785931654751775
135.68,-2.3631324590579372
135.70000000000002,-2.3472613759028267
135.72,-2.330987638871795
135.74,-2.314319496776453
135.76000000000002,-2.2972657247916297
135.78,-2.279835624295593
135.8,-2.2620390221260847
135.82000000000002,-2.2438862692417776
135.84,-2.225388238779245
135.86,-2.2065563234960677
135.88000000000002,-2.1874024325912362
135.9,-2.1679389878945763
135.92000000000002,-2.1481789194175236
135.94000000000003,-2.128135660258194
135.96,-2.107823140854341
135.98000000000002,-2.087255782578468
136.,-2.066448490670062
136.02,-2.045416646500635
136.04000000000002,-2.0241760991680215
136.06,-2.002743156417147
136.08,-1.981134574885285
136.10000000000002,-1.9593675496706562
136.12,-1.9374597032240597
136.14000000000001,-1.9154290735641168
136.16,-1.8932941018175953
136.18,-1.871073619087209
136.20000000000002,-1.8487868326502346
136.22,-1.8264533114922454
136.24,-1.8040929711812574
136.26000000000002,-1.7817260580885843
136.28,-1.7593731329637237
136.3,-1.7370550538716443
136.32000000000002,-1.7147929585018977
136.34,-1.6926082458600598
136.36,-1.670522557353093
136.38000000000002,-1.648557757281323
136.4,-1.6267359127508376
136.42000000000002,-1.6050792730212406
136.44000000000003,-1.5836102483048173
136.46,-1.5623513880343132
136.48000000000002,-1.5413253586176643
136.5,-1.5205549206991567
136.52,-1.5000629059476436
136.54000000000002,-1.4798721933935817
136.56,-1.4600056853377867
136.58,-1.4404862828559424
136.60000000000002,-1.4213368609240038
136.62,-1.4025802431907592
136.64000000000001,-1.384239176424899
136.66,-1.3663363046650137
136.68,-1.348894143102013
136.70000000000002,-1.331935051724469
136.72,-1.3154812087584185
136.74,-1.2995545839341223
136.76000000000002,-1.2841769116132284
136.78,-1.2693696638107066
136.8,-1.255154023146791
136.82000000000002,-1.2415508557649975
136.84,-1.2285806842530826
136.86,-1.2162636606045514
136.88000000000002,-1.2046195392590018
136.9,-1.1936676502602555
136.92000000000002,-1.1834268725717925
136.94000000000003,-1.1739156075895312
136.96,-1.165151752892469
136.98000000000002,-1.1571526762720907
137.,-1.1499351900817656
137.02,-1.1435155259476468
137.04000000000002,-1.1379093098827329
137.06,-1.133131537845887
137.08,-1.1291965517876368
137.10000000000002,-1.126118016224508
137.12,-1.12390889538354
137.14000000000001,-1.1225814309584015
137.16,-1.1221471205182045
137.18,-1.1226166966097617
137.20000000000002,-1.1240001065935021
137.22,-1.12630649325273
137.24,-1.1295441762152236
137.26000000000002,-1.1337206342254107
137.28,-1.1388424883045252
137.3,-1.144915485835194
137.32000000000002,-1.1519444856058556
137.34,-1.1599334438493043
137.36,-1.1688854013084158
137.38000000000002,-1.178802471360786
137.4,-1.1896858292326322
137.42000000000002,-1.2015357023307924
137.44000000000003,-1.2143513617200685
137.46,-1.2281311147715126
137.48000000000002,-1.2428722990054852
137.5,-1.2585712771514714
137.52,-1.2752234334447594
137.54000000000002,-1.2928231711780587
137.56,-1.311363911524105
137.58,-1.3308380936431645
137.60000000000002,-1.3512371760871444
137.62,-1.3725516395097834
137.64000000000001,-1.3947709906900907
137.66,-1.4178837678738205
137.68,-1.4418775474354095
137.70000000000002,-1.4667389518603196
137.72,-1.4924536590452915
137.74,-1.5190064129114933
137.76000000000002,-1.5463810353230145
137.78,-1.5745604393006405
137.8,-1.6035266435182716
137.82000000000002,-1.6332607880667938
137.84,-1.6637431514676777
137.86,-1.6949531689160233
137.88000000000002,-1.7268694517302423
137.9,-1.7594698079830875
137.92000000000002,-1.7927312642862534
137.94000000000003,-1.8266300886983362
137.96,-1.8611418147235723
137.98000000000002,-1.8962412663664225
138.,-1.9319025842047883
138.02,-1.9680992524424523
138.04000000000002,-2.0048041268991694
138.06,-2.04198946389479
138.08,-2.079626949981814
138.10000000000002,-2.11768773247887
138.12,-2.1561424507558593
138.14000000000001,-2.1949612682197746
138.16,-2.234113904948653
138.18,-2.2735696709196516
138.20000000000002,-2.31329749977587
138.22,-2.353265983075349
138.24,-2.3934434049645565
138.26000000000002,-2.4337977772177135
138.28,-2.4742968745824987
138.3,-2.514908270371962
138.32000000000002,-2.5555993722419474
138.34,-2.5963374580929206
138.36,-2.6370897120348356
138.38000000000002,-2.6778232603535854
138.4,-2.7185052074176115
138.42000000000002,-2.7591026714634554
138.44000000000003,-2.7995828201993826
138.46,-2.839912906166703
138.48000000000002,-2.8800603017990754
138.5,-2.919992534120881
138.52,-2.959677319026705
138.54000000000002,-2.999082595085067
138.56,-3.0381765568107895
138.58,-3.0769276873517817
138.60000000000002,-3.1153047905375497
138.62,-3.153277022238412
138.64000000000001,-3.1908139209861957
138.66,-3.227885437809129
138.68,-3.264461965235692
138.70000000000002,-3.30051436542437
138.72,-3.3360139973785334
138.74,-3.370932743208076
138.76000000000002,-3.405243033401943
138.78,-3.4389178710782695
138.8,-3.4719308551815398
138.82000000000002,-3.5042562025989574
138.84,-3.5358687691710466
138.86,-3.566744069574417
138.88000000000002,-3.5968582960576176
138.9,-3.626188336014002
138.92000000000002,-3.6547117883786036
138.94000000000003,-3.682406978839142
138.96,-3.7092529738543747
138.98000000000002,-3.735229593476175
139.,-3.7603174229748775
139.02,-3.7844978232705557
139.04000000000002,-3.807752940176064
139.06,-3.830065712460781
139.08,-3.8514198787470764
139.10000000000002,-3.8717999832545886
139.12,-3.8911913804103766
139.14000000000001,-3.9095802383459493
139.16,-3.9269535413050627
139.18,-3.943299090988917
139.20000000000002,-3.9586055068681216
139.22,-3.9728622254933503
139.24,-3.986059498839102
139.26000000000002,-3.9981883917173477
139.28,-4.009240778300042
139.3,-4.019209337791574
139.32000000000002,-4.028087549294177
139.34,-4.035869685911039
139.36,-4.04255080813351
139.38000000000002,-4.048126756560167
139.4,-4.0525941439967745
139.42000000000002,-4.055950346987163
139.44000000000003,-4.05819349682593
139.46,-4.059322470104445
139.48000000000002,-4.059336878842048
139.5,-4.058237060254541
139.52,-4.056024066211961
139.54000000000002,-4.0526996524374
139.56,-4.048266267498064
139.58,-4.042727041639023
139.60000000000002,-4.03608577550911
139.62,-4.028346928827146
139.64000000000001,-4.019515609035199
139.66,-4.00959755998387
139.68,-3.998599150692575
139.70000000000002,-3.986527364225652
139.72,-3.97338978672264
139.74,-3.959194596618428
139.76000000000002,-3.9439505540861317
139.78,-3.927666990732423
139.8,-3.9103537995718063
139.82000000000002,-3.892021425302867
139.84,-3.872680854905878
139.86,-3.852343608577384
139.88000000000002,-3.831021731013469
139.9,-3.808727783049357
139.92000000000002,-3.785474833658866
139.94000000000003,-3.7612764523130378
139.96,-3.7361467016929506
139.98000000000002,-3.7101001307474415
140.,-3.6831517680821433
140.02,-3.6553171156619086
140.04000000000002,-3.6266121428044626
140.06,-3.597053280438898
140.08,-3.5666574155985287
140.10000000000002,-3.5354418861136474
140.12,-3.503424475465884
140.14000000000001,-3.470623407762198
140.16,-3.4370573427831226
140.18,-3.4027453710566107
140.20000000000002,-3.3677070089059216
140.22,-3.3319621934172803
140.24,-3.295531277270696
140.26000000000002,-3.258435023375307
140.28,-3.2206945992489313
140.3,-3.1823315710802333
140.32000000000002,-3.1433678974110197
140.34,-3.1038259223756994
140.36,-3.063728368434903
140.38000000000002,-3.023098328540661
140.4,-2.9819592576713863
140.42000000000002,-2.9403349636762193
140.44000000000003,-2.8982495973700884
140.46,-2.855727641823063
140.48000000000002,-2.8127939007903047
140.5,-2.769473486232088
140.52,-2.7257918048769807
140.54000000000002,-2.6817745437853486
140.56,-2.637447654874828
140.58,-2.592837338374314
140.60000000000002,-2.547970025178298
140.62,-2.5028723580790246
140.64000000000001,-2.457571171859931
140.66,-2.412093472240103
140.68,-2.366466413666047
140.70000000000002,-2.3207172759538586
140.72,-2.27487343979185
140.74,-2.228962361120848
140.76000000000002,-2.18301154441661
140.78,-2.1370485149061356
140.8,-2.0911007897569833
140.82000000000002,-2.045195848286026
140.84,-1.9993611012413066
140.86,-1.9536238592177986
140.88000000000002,-1.9080113002748054
140.9,-1.8625504368294898
140.92000000000002,-1.817268081907487
140.94000000000003,-1.772190814837716
140.96,-1.7273449464843265
140.98000000000002,-1.6827564841141125
141.,-1.6384510960027088
141.02,-1.5944540758873798
141.04000000000002,-1.5507903073781888
141.06,-1.5074842284427776
141.08,-1.4645597960828507
141.10000000000002,-1.422040451322709
141.12,-1.3799490846318276
141.14000000000001,-1.3383080019044646
141.16,-1.2971388911196198
141.18,-1.256462789804355
141.20000000000002,-1.2163000534224728
141.22,-1.1766703248088983
141.24,-1.1375925047677695
141.26000000000002,-1.0990847239492367
141.28,-1.0611643161163473
141.3,-1.0238477929091054
141.32000000000002,-0.9871508202079133
141.34,-0.9510881961931441
141.36,-0.9156738311915695
141.38000000000002,-0.8809207293938142
141.4,-0.8468409725199958
141.42000000000002,-0.8134457055032271
141.44000000000003,-0.7807451242527718
141.46,-0.7487484655504274
141.48000000000002,-0.717463999125157
141.5,-0.6868990219421741
141.52,-0.6570598547336999
141.54000000000002,-0.6279518407894099
141.56,-0.5995793470153375
141.58,-0.5719457672606728
141.60000000000002,-0.5450535279025643
141.62,-0.5189040956697897
141.64000000000001,-0.49349798767700437
141.66,-0.4688347836322792
141.68,-0.4449131401718878
141.70000000000002,-0.4217308072677648
141.72,-0.39928464664487756
141.74,-0.37757065213788943
141.76000000000002,-0.3565839719090291
141.78,-0.3363189324420763
141.8,-0.3167690642208036
141.82000000000002,-0.2979271289941533
141.84,-0.2797851485249208
141.86,-0.26233443471372864
141.88000000000002,-0.24556562098567342
141.9,-0.22946869482323942
141.92000000000002,-0.21403303132585974
141.94000000000003,-0.1992474276739155
141.96,-0.1851001383730157
141.98000000000002,-0.1715789111530433
142.,-0.15867102339572425
142.02,-0.1463633189643845
142.04000000000002,-0.13464224531002428
142.06,-0.12349389072894049
142.08,-0.11290402164877512
142.1,-0.1028581198220628
142.12,-0.09334141930910714
142.14000000000001,-0.0843389431352324
142.16,-0.07583553951119362
142.18,-0.06781591750967834
142.20000000000002,-0.0602646820954052
142.22,-0.05316636841129064
142.24,-0.04650547522844282
142.26000000000002,-0.04026649747334215
142.28,-0.034433957751451666
142.3,-0.028992436792593966
142.32000000000002,-0.023926602749722897
142.34,-0.019221239289174692
142.36,-0.0148612724170357
142.38000000000002,-0.010831795992897398
142.4,-0.00711809588895203
142.42000000000002,-0.0037056727590496614
142.44000000000003,-0.0005802633889756838
142.46,0.002272139394213714
142.48000000000002,0.004865268269497973
142.50000000000003,0.007212564435206521
142.52,0.009327162091527877
142.54000000000002,0.01122187438942367
142.56,0.012909180837393104
142.58,0.014401216151999316
142.6,0.01570976053281292
142.62,0.016846231337431836
142.64000000000001,0.017821676127554184
142.66,0.0186467670526935
142.68,0.019331796534070952
142.70000000000002,0.019886674207492856
142.72,0.020320925080629826
142.74,0.020643688857072184
142.76000000000002,0.020863720376838403
142.78,0.020989391120658854
142.8,0.02102869172335334
142.82000000000002,0.02098923543995673
142.84,0.02087826250691655
142.86,0.020702645339689473
142.88000000000002,0.020468894507385045
142.9,0.020183165424734816
142.92000000000002,0.019851265701596107
142.94000000000003,0.019478663090414638
142.96,0.019070493972555107
142.98000000000002,0.01863157232515206
143.00000000000003,0.018166399111115637
143.02,0.01767917203613184
143.04000000000002,0.017173795617909868
143.06,0.016653891514529996
143.08,0.016122809060516743
143.1,0.01558363596118755
143.12,0.015039209097886084
143.14000000000001,0.01449212539888615
143.16,0.01394475273302727
143.18,0.013399240785500345
143.20000000000002,0.0128575318776233
143.22,0.012321371694916403
143.24,0.011792319890288658
143.26000000000002,0.0112717605316651
143.28,0.010760912365905604
143.3,0.010260838873374771
143.32000000000002,0.009772458090006677
143.34,0.009296552176156197
143.36,0.008833776713928161
143.38000000000002,0.00838466971701696
143.4,0.007949660339363479
143.42000000000002,0.007529077271134065
143.44000000000003,0.007123156812640786
143.46,0.006732050618847426
143.48000000000002,0.006355833109034928
143.50000000000003,0.005994508538029341
143.52,0.0056480177271215435
143.54000000000002,0.005316244454426911
143.56,0.004999021505943622
143.58,0.004696136389969572
143.6,0.004407336718827667
143.62,0.004132335263030337
143.64000000000001,0.0038708146840846984
143.66,0.0036224319531038647
143.68,0.0033868224632475513
143.70000000000002,0.0031636038447699698
143.72,0.0029523794921083027
143.74,0.0027527418130032883
143.76000000000002,0.002564275210109158
143.78,0.00238655880592774
143.8,0.002219168922194413
143.82000000000002,0.002061681325057083
143.84,0.0019136732475284026
143.86,0.0017747252007601156
143.88000000000002,0.0016444225856922976
143.9,0.0015223571165745265
143.92000000000002,0.0014081280677449232
143.94000000000003,0.0013013433548921143
143.96,0.0012016204618194755
143.98000000000002,0.0011085872234847325
144.00000000000003,0.001021882475806296
144.02,0.0009411565824152191
144.04000000000002,0.0008660718481922555
144.06,0.0007963028290677738
144.08,0.0007315365471823632
144.1,0.000671472620110986
144.12,0.0006158233124479838
144.14000000000001,0.0005643135176365349
144.16,0.0005166806775082378
144.18,0.00047267464657857244
144.20000000000002,0.00043205750772506415
144.22,0.00039460334545948533
144.24,0.00036009798259525774
144.26000000000002,0.00032833868570855153
144.28,0.00029913384439816574
144.3,0.0002723026289663941
144.32000000000002,0.0002476746307722291
144.34,0.00022508948915055886
144.36,0.00020439650844719692
144.38000000000002,0.0001854542683905488
144.4,0.0001681302307070512
144.42000000000002,0.0001523003445894837
144.44000000000003,0.00013784865334525023
144.46,0.00012466690428590625
144.48000000000002,0.00011265416366946932
144.50000000000003,0.00010171643827340274
144.52,0.00009176630495842089
144.54000000000002,0.0000827225493810612
144.56,0.00007450981482602186
144.58,0.00006705826195716721
144.6,0.00006030324012826821
144.62,0.00005418497075059336
144.64000000000001,0.00004864824308368046
144.66,0.00004364212269752982
144.68,0.00003911967274834305
144.70000000000002,0.000035037688115202565
144.72,0.00003135644236109723
144.74,0.000028039447407757236
144.76000000000002,0.000025053225749245742
144.78,0.00002236709497352132
144.8,0.00001995296431356705
144.82000000000002,0.000017785142909582104
144.84,0.000015840159430543444
144.86,0.000014096592676561376
144.88000000000002,0.00001253491276232737
144.9,0.00001113733246604474
144.92000000000002,9.887668317011797e-6
144.94000000000003,8.771210988017062e-6
144.96,7.774604555445214e-6
144.98000000000002,6.885734190034382e-6
145.00000000000003,6.093621844173281e-6
145.02,5.388329507101244e-6
145.04000000000002,4.76086960701484e-6
145.06,4.203122148573603e-6
145.08,3.7077581853359076e-6
145.1,3.2681692389615246e-6
145.12,2.878402290353269e-6
145.14000000000001,2.533099982037933e-6
145.16,2.2274456858136205e-6
145.18,1.957113104826113e-6
145.20000000000002,1.718220094623313e-6
145.22,1.5072864032305309e-6
145.24,1.3211950457618804e-6
145.26000000000002,1.1571570444274242e-6
145.28,1.0126792799176907e-6
145.3,8.855352149647024e-7
145.32000000000002,7.737382653261173e-7
145.34,6.755176074608898e-7
145.36,5.892962257147425e-7
145.38000000000002,5.136710148776686e-7
145.4,4.473947664870071e-7
145.42000000000002,3.893598792085183e-7
145.44000000000003,3.385836450231775e-7
145.46,2.941949737730614e-7
145.48000000000002,2.5542242887436534e-7
145.50000000000003,2.2158345669370177e-7
145.52,1.9207470121311765e-7
145.54000000000002,1.6636330419037178e-7
145.56,1.4397909906817076e-7
145.58,1.2450761441539731e-7
145.6,1.0758380971237012e-7
145.62,9.288647284082038e-8
145.64000000000001,8.0133214727346e-8
145.66,6.907600223825569e-8
145.68,5.949717565514616e-8
145.70000000000002,5.1205901896274956e-8
145.72,4.40350191105728e-8
145.74,3.783823238046948e-8
145.76000000000002,3.2487624047948866e-8
145.78,2.7871445646176628e-8
145.8,2.3892161596781564e-8
145.82000000000002,2.0464717740022197e-8
145.84,1.751501042042341e-8
145.86,1.497853427198306e-8
145.88000000000002,1.2799189051956776e-8
145.9,1.0928227876862887e-8
145.92000000000002,9.323331034153138e-9
145.94000000000003,7.94779119261161e-9
145.96,6.769797327725901e-9
145.98000000000002,5.761806027909457e-9
146.00000000000003,4.899990065642799e-9
146.02,4.163755215618622e-9
146.04000000000002,3.535317290306589e-9
146.06,2.9993322517606305e-9
146.08,2.542573056008201e-9
146.1,2.153647601326107e-9
146.12,1.8227527918422466e-9
146.14000000000001,1.5414603002801996e-9
146.16,1.302530124811214e-9
146.18,1.0997484908560477e-9
146.20000000000002,9.277870547560903e-10
146.22,7.820807274973875e-10
146.24,6.587217576673885e-10
146.26000000000002,5.543679976929149e-10
146.28,4.661635299069772e-10
146.3,3.9167005252765795e-10
146.32000000000002,3.2880762329070415e-10
146.34,2.758035330460872e-10
146.36,2.311482356215825e-10
146.38000000000002,1.9355739593992536e-10
146.4,1.6193923778769298e-10
146.42000000000002,1.3536647760274102e-10
146.44000000000003,1.1305222281391069e-10
146.46,9.432929410039206e-11
146.48000000000002,7.863250175110813e-11
146.50000000000003,6.548346826911528e-11
146.52,5.4477643526879624e-11
146.54000000000002,4.52732060649741e-11
146.56,3.758158536594933e-11
146.58,3.115937586042059e-11
146.6,2.580144468382993e-11
146.62,2.133506237576927e-11
146.64000000000001,1.761490930773075e-11
146.66,1.4518831089118698e-11
146.68,1.1944233931197491e-11
146.70000000000002,9.805026293186585e-12
146.72,8.029026400603282e-12
146.74,6.555766682490297e-12
146.76000000000002,5.334636057635377e-12
146.78,4.323309517247405e-12
146.8,3.4864217838544998e-12
146.82000000000002,2.7944481316967107e-12
146.84,2.2227608707039662e-12
146.86,1.750834644658478e-12
146.88000000000002,1.3615776791755803e-12
146.9,1.04076952785081e-12
146.92000000000002,7.765887844819e-13
146.94000000000003,5.592167243787416e-13
146.96,3.805049679410659e-13
146.98000000000002,2.3369707642355394e-13
147.00000000000003,1.1319553766055105e-13
147.02,1.4366916942238316e-14
147.04000000000002,-6.662093161350168e-14
147.06,-1.329347463871954e-13
147.08,-1.8718917811495056e-13
147.1,-2.3154120971700377e-13
147.12,-2.6776875796346846e-13
147.14000000000001,-2.9733604852680856e-13
147.16,-3.214479415782345e-13
147.18,-3.4109503521017074e-13
147.20000000000002,-3.5709107885700437e-13
147.22,-3.701039802158624e-13
147.24,-3.806814798376587e-13
147.26000000000002,-3.8927239151620697e-13
147.28,-3.962441587016419e-13
147.3,-4.0189735302741967e-13
147.32000000000002,-4.064776369511789e-13
147.34,-4.1018562531629595e-13
147.36,-4.131850076719021e-13
147.38000000000002,-4.1560923218325385e-13
147.4,-4.175670010098408e-13
147.42000000000002,-4.1914678451068316e-13
147.44000000000003,-4.2042052619232556e-13
147.46,-4.214466807966454e-13
147.48000000000002,-4.222727033658263e-13
147.50000000000003,-4.229370867073493e-13
147.52,-4.234710277292605e-13
147.54000000000002,-4.2389978905171194e-13
147.56,-4.2424381064387254e-13
147.58,-4.2451961658293616e-13
147.6,-4.2474055404702475e-13
147.62,-4.2491739505452697e-13
147.64000000000001,-4.2505882601354706e-13
147.66,-4.2517184565038445e-13
147.68,-4.2526208818177024e-13
147.70000000000002,-4.2533408554578454e-13
147.72,-4.253914799977316e-13
147.74,-4.2543719631568055e-13
147.76000000000002,-4.254735811678051e-13
147.78,-4.255025158053343e-13
147.8,-4.2552550710723643e-13
147.82000000000002,-4.255437610713237e-13
147.84,-4.2555824208460967e-13
147.86,-4.2556972068317957e-13
147.88000000000002,-4.255788120035576e-13
147.9,-4.2558600671297837e-13
147.92000000000002,-4.255916958681311e-13
147.94000000000003,-4.2559619087689936e-13
147.96,-4.255997395139004e-13
147.98000000000002,-4.256025387588264e-13
148.00000000000003,-4.2560474507899105e-13
148.02,-4.256064826577614e-13
148.04000000000002,-4.2560784997353377e-13
148.06,-4.2560892505536075e-13
148.08,-4.2560976967779787e-13
148.1,-4.2561043270618784e-13
148.12,-4.25610952762142e-13
148.14000000000001,-4.256113603455341e-13
148.16,-4.256116795223694e-13
148.18,-4.256119292661879e-13
148.20000000000002,-4.256121245232046e-13
148.22,-4.256122770573558e-13
148.24,-4.2561239612015474e-13
148.26000000000002,-4.2561248898122043e-13
148.28,-4.256125613480982e-13
148.3,-4.2561261769818945e-13
148.32000000000002,-4.256126615409657e-13
148.34,-4.256126956249317e-13
148.36,-4.2561272210084035e-13
148.38000000000002,-4.2561274265029565e-13
148.4,-4.2561275858699815e-13
148.42000000000002,-4.2561277093638353e-13
148.44000000000003,-4.2561278049821246e-13
148.46,-4.25612787895719e-13
148.48000000000002,-4.2561279361417167e-13
148.50000000000003,-4.256127980311015e-13
148.52,-4.256128014399782e-13
148.54000000000002,-4.2561280406873805e-13
148.56,-4.256128060942714e-13
148.58,-4.2561280765374034e-13
148.6,-4.256128088534136e-13
148.62,-4.2561280977555625e-13
148.64000000000001,-4.2561281048379906e-13
148.66,-4.256128110273186e-13
148.68,-4.2561281144408926e-13
148.70000000000002,-4.2561281176341066e-13
148.72,-4.2561281200787075e-13
148.74,-4.256128121948687e-13
148.76000000000002,-4.2561281233779586e-13
148.78,-4.256128124469504e-13
148.8,-4.2561281253024515e-13
148.82000000000002,-4.2561281259375525e-13
148.84,-4.2561281264214097e-13
148.86,-4.2561281267897424e-13
148.88000000000002,-4.256128127069907e-13
148.9,-4.2561281272828357e-13
148.92000000000002,-4.256128127444534e-13
148.94000000000003,-4.256128127567228e-13
148.96,-4.256128127660252e-13
148.98000000000002,-4.2561281277307234e-13
149.00000000000003,-4.2561281277840666e-13
149.02,-4.2561281278244123e-13
149.04000000000002,-4.2561281278549025e-13
149.06,-4.256128127877926e-13
149.08,-4.2561281278952977e-13
149.1,-4.256128127908394e-13
149.12,-4.25612812791826e-13
149.14000000000001,-4.2561281279256854e-13
149.16,-4.25612812793127e-13
149.18,-4.2561281279354663e-13
149.20000000000002,-4.256128127938617e-13
149.22,-4.2561281279409815e-13
149.24,-4.2561281279427536e-13
149.26000000000002,-4.256128127944081e-13
149.28,-4.2561281279450745e-13
149.3,-4.2561281279458176e-13
149.32000000000002,-4.256128127946373e-13
149.34,-4.2561281279467875e-13
149.36,-4.256128127947097e-13
149.38000000000002,-4.2561281279473277e-13
149.4,-4.2561281279474994e-13
149.42000000000002,-4.256128127947627e-13
149.44000000000003,-4.256128127947722e-13
149.46,-4.2561281279477927e-13
149.48000000000002,-4.256128127947845e-13
149.50000000000003,-4.256128127947884e-13
149.52,-4.256128127947913e-13
149.54000000000002,-4.256128127947934e-13
149.56,-4.2561281279479497e-13
149.58,-4.2561281279479613e-13
149.6,-4.25612812794797e-13
149.62,-4.2561281279479765e-13
149.64000000000001,-4.256128127947981e-13
149.66,-4.2561281279479846e-13
149.68,-4.256128127947987e-13
149.70000000000002,-4.256128127947989e-13
149.72,-4.2561281279479906e-13
149.74,-4.2561281279479916e-13
149.76000000000002,-4.256128127947992e-13
149.78,-4.2561281279479926e-13
149.8,-4.256128127947993e-13
149.82000000000002,-4.2561281279479936e-13
149.84,-4.2561281279479936e-13
149.86,-4.2561281279479936e-13
149.88000000000002,-4.2561281279479936e-13
149.9,-4.2561281279479936e-13
149.92000000000002,-4.2561281279479936e-13
149.94000000000003,-4.2561281279479936e-13
149.96,-4.2561281279479936e-13
149.98000000000002,-4.2561281279479936e-13
150.00000000000003,-4.2561281279479936e-13
150.02,-4.2561281279479936e-13
150.04000000000002,-4.2561281279479936e-13
150.06,-4.2561281279479936e-13
150.08,-4.2561281279479936e-13
150.1,-4.2561281279479936e-13
150.12,-4.2561281279479936e-13
150.14000000000001,-4.2561281279479936e-13
150.16,-4.2561281279479936e-13
150.18,-4.2561281279479936e-13
150.20000000000002,-4.2561281279479936e-13
150.22,-4.2561281279479936e-13
150.24,-4.2561281279479936e-13
150.26000000000002,-4.2561281279479936e-13
150.28,-4.2561281279479936e-13
150.3,-4.2561281279479936e-13
150.32000000000002,-4.2561281279479936e-13
150.34,-4.2561281279479936e-13
150.36,-4.2561281279479936e-13
150.38000000000002,-4.2561281279479936e-13
150.4,-4.2561281279479936e-13
150.42000000000002,-4.2561281279479936e-13
150.44000000000003,-4.2561281279479936e-13
150.46,-4.2561281279479936e-13
150.48000000000002,-4.2561281279479936e-13
150.50000000000003,-4.2561281279479936e-13
150.52,-4.2561281279479936e-13
150.54000000000002,-4.2561281279479936e-13
150.56,-4.2561281279479936e-13
150.58,-4.2561281279479936e-13
150.6,-4.2561281279479936e-13
150.62,-4.2561281279479936e-13
150.64000000000001,-4.2561281279479936e-13
150.66,-4.2561281279479936e-13
150.68,-4.2561281279479936e-13
150.70000000000002,-4.2561281279479936e-13
150.72,-4.2561281279479936e-13
150.74,-4.2561281279479936e-13
150.76000000000002,-4.2561281279479936e-13
150.78,-4.2561281279479936e-13
150.8,-4.2561281279479936e-13
150.82000000000002,-4.2561281279479936e-13
150.84,-4.2561281279479936e-13
150.86,-4.2561281279479936e-13
150.88000000000002,-4.2561281279479936e-13
150.9,-4.2561281279479936e-13
150.92000000000002,-4.2561281279479936e-13
150.94000000000003,-4.2561281279479936e-13
150.96,-4.2561281279479936e-13
150.98000000000002,-4.2561281279479936e-13
151.00000000000003,-4.2561281279479936e-13
151.02,-4.2561281279479936e-13
151.04000000000002,-4.2561281279479936e-13
151.06,-4.2561281279479936e-13
151.08,-4.2561281279479936e-13
151.1,-4.2561281279479936e-13
151.12,-4.2561281279479936e-13
151.14000000000001,-4.2561281279479936e-13
151.16,-4.2561281279479936e-13
151.18,-4.2561281279479936e-13
151.20000000000002,-4.2561281279479936e-13
151.22,-4.2561281279479936e-13
151.24,-4.2561281279479936e-13
151.26000000000002,-4.2561281279479936e-13
151.28,-4.2561281279479936e-13
151.3,-4.2561281279479936e-13
151.32000000000002,-4.2561281279479936e-13
151.34,-4.2561281279479936e-13
151.36,-4.2561281279479936e-13
151.38000000000002,-4.2561281279479936e-13
151.4,-4.2561281279479936e-13
151.42000000000002,-4.2561281279479936e-13
151.44000000000003,-4.2561281279479936e-13
151.46,-4.2561281279479936e-13
151.48000000000002,-4.2561281279479936e-13
151.50000000000003,-4.2561281279479936e-13
151.52,-4.2561281279479936e-13
151.54000000000002,-4.2561281279479936e-13
151.56,-4.2561281279479936e-13
151.58,-4.2561281279479936e-13
151.6,-4.2561281279479936e-13
151.62,-4.2561281279479936e-13
151.64000000000001,-4.2561281279479936e-13
151.66,-4.2561281279479936e-13
151.68,-4.2561281279479936e-13
151.70000000000002,-4.2561281279479936e-13
151.72,-4.2561281279479936e-13
151.74,-4.2561281279479936e-13
151.76000000000002,-4.2561281279479936e-13
151.78,-4.2561281279479936e-13
151.8,-4.2561281279479936e-13
151.82000000000002,-4.2561281279479936e-13
151.84,-4.2561281279479936e-13
151.86,-4.2561281279479936e-13
151.88000000000002,-4.2561281279479936e-13
151.9,-4.2561281279479936e-13
151.92000000000002,-4.2561281279479936e-13
151.94000000000003,-4.2561281279479936e-13
151.96,-4.2561281279479936e-13
151.98000000000002,-4.2561281279479936e-13
152.00000000000003,-4.2561281279479936e-13
152.02,-4.2561281279479936e-13
152.04000000000002,-4.2561281279479936e-13
152.06,-4.2561281279479936e-13
152.08,-4.2561281279479936e-13
152.1,-4.2561281279479936e-13
152.12,-4.2561281279479936e-13
152.14000000000001,-4.2561281279479936e-13
152.16,-4.2561281279479936e-13
152.18,-4.2561281279479936e-13
152.20000000000002,-4.2561281279479936e-13
152.22,-4.2561281279479936e-13
152.24,-4.2561281279479936e-13
152.26000000000002,-4.2561281279479936e-13
152.28,-4.2561281279479936e-13
152.3,-4.2561281279479936e-13
152.32000000000002,-4.2561281279479936e-13
152.34,-4.2561281279479936e-13
152.36,-4.2561281279479936e-13
152.38000000000002,-4.2561281279479936e-13
152.4,-4.2561281279479936e-13
152.42000000000002,-4.2561281279479936e-13
152.44000000000003,-4.2561281279479936e-13
152.46,-4.2561281279479936e-13
152.48000000000002,-4.2561281279479936e-13
152.50000000000003,-4.2561281279479936e-13
152.52,-4.2561281279479936e-13
152.54000000000002,-4.2561281279479936e-13
152.56,-4.2561281279479936e-13
152.58,-4.2561281279479936e-13
152.6,-4.2561281279479936e-13
152.62,-4.2561281279479936e-13
152.64000000000001,-4.2561281279479936e-13
152.66,-4.2561281279479936e-13
152.68,-4.2561281279479936e-13
152.70000000000002,-4.2561281279479936e-13
152.72,-4.2561281279479936e-13
152.74,-4.2561281279479936e-13
152.76000000000002,-4.2561281279479936e-13
152.78,-4.2561281279479936e-13
152.8,-4.2561281279479936e-13
152.82000000000002,-4.2561281279479936e-13
152.84,-4.2561281279479936e-13
152.86,-4.2561281279479936e-13
152.88000000000002,-4.2561281279479936e-13
152.9,-4.2561281279479936e-13
152.92000000000002,-4.2561281279479936e-13
152.94000000000003,-4.2561281279479936e-13
152.96,-4.2561281279479936e-13
152.98000000000002,-4.2561281279479936e-13
153.00000000000003,-4.2561281279479936e-13
153.02,-4.2561281279479936e-13
153.04000000000002,-4.2561281279479936e-13
153.06,-4.2561281279479936e-13
153.08,-4.2561281279479936e-13
153.1,-4.2561281279479936e-13
153.12,-4.2561281279479936e-13
153.14000000000001,-4.2561281279479936e-13
153.16,-4.2561281279479936e-13
153.18,-4.2561281279479936e-13
153.20000000000002,-4.2561281279479936e-13
153.22,-4.2561281279479936e-13
153.24,-4.2561281279479936e-13
153.26000000000002,-4.2561281279479936e-13
153.28,-4.2561281279479936e-13
153.3,-4.2561281279479936e-13
153.32000000000002,-4.2561281279479936e-13
153.34,-4.2561281279479936e-13
153.36,-4.2561281279479936e-13
153.38000000000002,-4.2561281279479936e-13
153.4,-4.2561281279479936e-13
153.42000000000002,-4.2561281279479936e-13
153.44000000000003,-4.2561281279479936e-13
153.46,-4.2561281279479936e-13
153.48000000000002,-4.2561281279479936e-13
153.50000000000003,-4.2561281279479936e-13
153.52,-4.2561281279479936e-13
153.54000000000002,-4.2561281279479936e-13
153.56,-4.2561281279479936e-13
153.58,-4.2561281279479936e-13
153.6,-4.2561281279479936e-13
153.62,-4.2561281279479936e-13
153.64000000000001,-4.2561281279479936e-13
153.66,-4.2561281279479936e-13
153.68,-4.2561281279479936e-13
153.70000000000002,-4.2561281279479936e-13
153.72,-4.2561281279479936e-13
153.74,-4.2561281279479936e-13
153.76000000000002,-4.2561281279479936e-13
153.78,-4.2561281279479936e-13
153.8,-4.2561281279479936e-13
153.82000000000002,-4.2561281279479936e-13
153.84,-4.2561281279479936e-13
153.86,-4.2561281279479936e-13
153.88000000000002,-4.2561281279479936e-13
153.9,-4.2561281279479936e-13
153.92000000000002,-4.2561281279479936e-13
153.94000000000003,-4.2561281279479936e-13
153.96,-4.2561281279479936e-13
153.98000000000002,-4.2561281279479936e-13
154.00000000000003,-4.2561281279479936e-13
154.02,-4.2561281279479936e-13
154.04000000000002,-4.2561281279479936e-13
154.06,-4.2561281279479936e-13
154.08,-4.2561281279479936e-13
154.1,-4.2561281279479936e-13
154.12,-4.2561281279479936e-13
154.14000000000001,-4.2561281279479936e-13
154.16,-4.2561281279479936e-13
154.18,-4.2561281279479936e-13
154.20000000000002,-4.2561281279479936e-13
154.22,-4.2561281279479936e-13
154.24,-4.2561281279479936e-13
154.26000000000002,-4.2561281279479936e-13
154.28,-4.2561281279479936e-13
154.3,-4.2561281279479936e-13
154.32000000000002,-4.2561281279479936e-13
154.34,-4.2561281279479936e-13
154.36,-4.2561281279479936e-13
154.38000000000002,-4.2561281279479936e-13
154.4,-4.2561281279479936e-13
154.42000000000002,-4.2561281279479936e-13
154.44000000000003,-4.2561281279479936e-13
154.46,-4.2561281279479936e-13
154.48000000000002,-4.2561281279479936e-13
154.50000000000003,-4.2561281279479936e-13
154.52,-4.2561281279479936e-13
154.54000000000002,-4.2561281279479936e-13
154.56,-4.2561281279479936e-13
154.58,-4.2561281279479936e-13
154.6,-4.2561281279479936e-13
154.62,-4.2561281279479936e-13
154.64000000000001,-4.2561281279479936e-13
154.66,-4.2561281279479936e-13
154.68,-4.2561281279479936e-13
154.70000000000002,-4.2561281279479936e-13
154.72,-4.2561281279479936e-13
154.74,-4.2561281279479936e-13
154.76000000000002,-4.2561281279479936e-13
154.78,-4.2561281279479936e-13
154.8,-4.2561281279479936e-13
154.82000000000002,-4.2561281279479936e-13
154.84,-4.2561281279479936e-13
154.86,-4.2561281279479936e-13
154.88000000000002,-4.2561281279479936e-13
154.9,-4.2561281279479936e-13
154.92000000000002,-4.2561281279479936e-13
154.94000000000003,-4.2561281279479936e-13
154.96,-4.2561281279479936e-13
154.98000000000002,-4.2561281279479936e-13
155.00000000000003,-4.2561281279479936e-13
155.02,-4.2561281279479936e-13
155.04000000000002,-4.2561281279479936e-13
155.06,-4.2561281279479936e-13
155.08,-4.2561281279479936e-13
155.1,-4.2561281279479936e-13
155.12,-4.2561281279479936e-13
155.14000000000001,-4.2561281279479936e-13
155.16,-4.2561281279479936e-13
155.18,-4.2561281279479936e-13
155.20000000000002,-4.2561281279479936e-13
155.22,-4.2561281279479936e-13
155.24,-4.2561281279479936e-13
155.26000000000002,-4.2561281279479936e-13
155.28,-4.2561281279479936e-13
155.3,-4.2561281279479936e-13
155.32000000000002,-4.2561281279479936e-13
155.34,-4.2561281279479936e-13
155.36,-4.2561281279479936e-13
155.38000000000002,-4.2561281279479936e-13
155.4,-4.2561281279479936e-13
155.42000000000002,-4.2561281279479936e-13
155.44000000000003,-4.2561281279479936e-13
155.46,-4.2561281279479936e-13
155.48000000000002,-4.2561281279479936e-13
155.50000000000003,-4.2561281279479936e-13
155.52,-4.2561281279479936e-13
155.54000000000002,-4.2561281279479936e-13
155.56,-4.2561281279479936e-13
155.58,-4.2561281279479936e-13
155.6,-4.2561281279479936e-13
155.62,-4.2561281279479936e-13
155.64000000000001,-4.2561281279479936e-13
155.66,-4.2561281279479936e-13
155.68,-4.2561281279479936e-13
155.70000000000002,-4.2561281279479936e-13
155.72,-4.2561281279479936e-13
155.74,-4.2561281279479936e-13
155.76000000000002,-4.2561281279479936e-13
155.78,-4.2561281279479936e-13
155.8,-4.2561281279479936e-13
155.82000000000002,-4.2561281279479936e-13
155.84,-4.2561281279479936e-13
155.86,-4.2561281279479936e-13
155.88000000000002,-4.2561281279479936e-13
155.9,-4.2561281279479936e-13
155.92000000000002,-4.2561281279479936e-13
155.94000000000003,-4.2561281279479936e-13
155.96,-4.2561281279479936e-13
155.98000000000002,-4.2561281279479936e-13
156.00000000000003,-4.2561281279479936e-13
156.02,-4.2561281279479936e-13
156.04000000000002,-4.2561281279479936e-13
156.06,-4.2561281279479936e-13
156.08,-4.2561281279479936e-13
156.1,-4.2561281279479936e-13
156.12,-4.2561281279479936e-13
156.14000000000001,-4.2561281279479936e-13
156.16,-4.2561281279479936e-13
156.18,-4.2561281279479936e-13
156.20000000000002,-4.2561281279479936e-13
156.22,-4.2561281279479936e-13
156.24,-4.2561281279479936e-13
156.26000000000002,-4.2561281279479936e-13
156.28,-4.2561281279479936e-13
156.3,-4.2561281279479936e-13
156.32000000000002,-4.2561281279479936e-13
156.34,-4.2561281279479936e-13
156.36,-4.2561281279479936e-13
156.38000000000002,-4.2561281279479936e-13
156.4,-4.2561281279479936e-13
156.42000000000002,-4.2561281279479936e-13
156.44000000000003,-4.2561281279479936e-13
156.46,-4.2561281279479936e-13
156.48000000000002,-4.2561281279479936e-13
156.50000000000003,-4.2561281279479936e-13
156.52,-4.2561281279479936e-13
156.54000000000002,-4.2561281279479936e-13
156.56,-4.2561281279479936e-13
156.58,-4.2561281279479936e-13
156.6,-4.2561281279479936e-13
156.62,-4.2561281279479936e-13
156.64000000000001,-4.2561281279479936e-13
156.66,-4.2561281279479936e-13
156.68,-4.2561281279479936e-13
156.70000000000002,-4.2561281279479936e-13
156.72,-4.2561281279479936e-13
156.74,-4.2561281279479936e-13
156.76000000000002,-4.2561281279479936e-13
156.78,-4.2561281279479936e-13
156.8,-4.2561281279479936e-13
156.82000000000002,-4.2561281279479936e-13
156.84,-4.2561281279479936e-13
156.86,-4.2561281279479936e-13
156.88000000000002,-4.2561281279479936e-13
156.9,-4.2561281279479936e-13
156.92000000000002,-4.2561281279479936e-13
156.94000000000003,-4.2561281279479936e-13
156.96,-4.2561281279479936e-13
156.98000000000002,-4.2561281279479936e-13
157.00000000000003,-4.2561281279479936e-13
157.02,-4.2561281279479936e-13
157.04000000000002,-4.2561281279479936e-13
157.06,-4.2561281279479936e-13
157.08,-4.2561281279479936e-13
157.1,-4.2561281279479936e-13
157.12,-4.2561281279479936e-13
157.14000000000001,-4.2561281279479936e-13
157.16,-4.2561281279479936e-13
157.18,-4.2561281279479936e-13
157.20000000000002,-4.2561281279479936e-13
157.22,-4.2561281279479936e-13
157.24,-4.2561281279479936e-13
157.26000000000002,-4.2561281279479936e-13
157.28,-4.2561281279479936e-13
157.3,-4.2561281279479936e-13
157.32000000000002,-4.2561281279479936e-13
157.34,-4.2561281279479936e-13
157.36,-4.2561281279479936e-13
157.38000000000002,-4.2561281279479936e-13
157.4,-4.2561281279479936e-13
157.42000000000002,-4.2561281279479936e-13
157.44000000000003,-4.2561281279479936e-13
157.46,-4.2561281279479936e-13
157.48000000000002,-4.2561281279479936e-13
157.50000000000003,-4.2561281279479936e-13
157.52,-4.2561281279479936e-13
157.54000000000002,-4.2561281279479936e-13
157.56,-4.2561281279479936e-13
157.58,-4.2561281279479936e-13
157.6,-4.2561281279479936e-13
157.62,-4.2561281279479936e-13
157.64000000000001,-4.2561281279479936e-13
157.66,-4.2561281279479936e-13
157.68,-4.2561281279479936e-13
157.70000000000002,-4.2561281279479936e-13
157.72,-4.2561281279479936e-13
157.74,-4.2561281279479936e-13
157.76000000000002,-4.2561281279479936e-13
157.78,-4.2561281279479936e-13
157.8,-4.2561281279479936e-13
157.82000000000002,-4.2561281279479936e-13
157.84,-4.2561281279479936e-13
157.86,-4.2561281279479936e-13
157.88000000000002,-4.2561281279479936e-13
157.9,-4.2561281279479936e-13
157.92000000000002,-4.2561281279479936e-13
157.94000000000003,-4.2561281279479936e-13
157.96,-4.2561281279479936e-13
157.98000000000002,-4.2561281279479936e-13
158.00000000000003,-4.2561281279479936e-13
158.02,-4.2561281279479936e-13
158.04000000000002,-4.2561281279479936e-13
158.06,-4.2561281279479936e-13
158.08,-4.2561281279479936e-13
158.1,-4.2561281279479936e-13
158.12,-4.2561281279479936e-13
158.14000000000001,-4.2561281279479936e-13
158.16,-4.2561281279479936e-13
158.18,-4.2561281279479936e-13
158.20000000000002,-4.2561281279479936e-13
158.22,-4.2561281279479936e-13
158.24,-4.2561281279479936e-13
158.26000000000002,-4.2561281279479936e-13
158.28,-4.2561281279479936e-13
158.3,-4.2561281279479936e-13
158.32000000000002,-4.2561281279479936e-13
158.34,-4.2561281279479936e-13
158.36,-4.2561281279479936e-13
158.38000000000002,-4.2561281279479936e-13
158.4,-4.2561281279479936e-13
158.42000000000002,-4.2561281279479936e-13
158.44000000000003,-4.2561281279479936e-13
158.46,-4.2561281279479936e-13
158.48000000000002,-4.2561281279479936e-13
158.50000000000003,-4.2561281279479936e-13
158.52,-4.2561281279479936e-13
158.54000000000002,-4.2561281279479936e-13
158.56,-4.2561281279479936e-13
158.58,-4.2561281279479936e-13
158.6,-4.2561281279479936e-13
158.62,-4.2561281279479936e-13
158.64000000000001,-4.2561281279479936e-13
158.66,-4.2561281279479936e-13
158.68,-4.2561281279479936e-13
158.70000000000002,-4.2561281279479936e-13
158.72,-4.2561281279479936e-13
158.74,-4.2561281279479936e-13
158.76000000000002,-4.2561281279479936e-13
158.78,-4.2561281279479936e-13
158.8,-4.2561281279479936e-13
158.82000000000002,-4.2561281279479936e-13
158.84,-4.2561281279479936e-13
158.86,-4.2561281279479936e-13
158.88000000000002,-4.2561281279479936e-13
158.9,-4.2561281279479936e-13
158.92000000000002,-4.2561281279479936e-13
158.94000000000003,-4.2561281279479936e-13
158.96,-4.2561281279479936e-13
158.98000000000002,-4.2561281279479936e-13
159.00000000000003,-4.2561281279479936e-13
159.02,-4.2561281279479936e-13
159.04000000000002,-4.2561281279479936e-13
159.06,-4.2561281279479936e-13
159.08,-4.2561281279479936e-13
159.1,-4.2561281279479936e-13
159.12,-4.2561281279479936e-13
159.14000000000001,-4.2561281279479936e-13
159.16,-4.2561281279479936e-13
159.18,-4.2561281279479936e-13
159.20000000000002,-4.2561281279479936e-13
159.22,-4.2561281279479936e-13
159.24,-4.2561281279479936e-13
159.26000000000002,-4.2561281279479936e-13
159.28,-4.2561281279479936e-13
159.3,-4.2561281279479936e-13
159.32000000000002,-4.2561281279479936e-13
159.34,-4.2561281279479936e-13
159.36,-4.2561281279479936e-13
159.38000000000002,-4.2561281279479936e-13
159.4,-4.2561281279479936e-13
159.42000000000002,-4.2561281279479936e-13
159.44000000000003,-4.2561281279479936e-13
159.46,-4.2561281279479936e-13
159.48000000000002,-4.2561281279479936e-13
159.50000000000003,-4.2561281279479936e-13
159.52,-4.2561281279479936e-13
159.54000000000002,-4.2561281279479936e-13
159.56,-4.2561281279479936e-13
159.58,-4.2561281279479936e-13
159.6,-4.2561281279479936e-13
159.62,-4.2561281279479936e-13
159.64000000000001,-4.2561281279479936e-13
159.66,-4.2561281279479936e-13
159.68,-4.2561281279479936e-13
159.70000000000002,-4.2561281279479936e-13
159.72,-4.2561281279479936e-13
159.74,-4.2561281279479936e-13
159.76000000000002,-4.2561281279479936e-13
159.78,-4.2561281279479936e-13
159.8,-4.2561281279479936e-13
159.82000000000002,-4.2561281279479936e-13
159.84,-4.2561281279479936e-13
159.86,-4.2561281279479936e-13
159.88000000000002,-4.2561281279479936e-13
159.9,-4.2561281279479936e-13
159.92000000000002,-4.2561281279479936e-13
159.94000000000003,-4.2561281279479936e-13
159.96,-4.2561281279479936e-13
159.98000000000002,-4.2561281279479936e-13
160.00000000000003,-4.2561281279479936e-13
